idioma,audio,modo,fallo,duracion_audio_s,tiempo_total_s,rtf,hypothesis,reference,hypothesis_clean,reference_clean
es,en.20090324.3.2-058,offline,,89.0253125,11.15598108499944,0.12531246194726292,"Yo quisiera, respecto al informe sobre microcréditos, felicitar a todos los ponentes porque han hecho un gran trabajo, han mejorado, sin duda, la iniciativa de la Comisión. Y entiendo que las recomendaciones que se establecen aquí nos van a permitir ser la base para desarrollar un auténtico marco en la Unión Europea del sector del microcrédito, un sector que ha sido un éxito en muchos países en desarrollo, incluso en algunos europeos, tanto como mecanismo de actividad económica como un instrumento para mejorar la inclusión social y la creación de empleo, pero que no se había trasladado al sector o al contexto comunitario. Y yo creo que es una oportunidad para hacerlo, sobre todo partiendo del contexto económico y financiero en el que estamos. Es prioritario, en ese sentido, reforzar la iniciativa que se avanzan aquí, pero hay que dar más pasos. Hay que aumentar los fondos disponibles para esta estructura de apoyo al microcrédito, hay que facilitar la disponibilidad para las personas y las empresas que no tienen acceso a los préstamos. Y en ese sentido quisiera destacar, Presidenta, el ejemplo de lo que es la garantía europea para préstamos de microcréditos como un instrumento que puede facilitar ese acceso y que se ha incluido en el informe. Y termino pensando que, sin duda, esto va a sentar las bases para que podamos crear un marco armónico en el contexto europeo que impulse el sector del microcrédito.","Señora Presidenta , yo quisiera , respecto al informe sobre los microcréditos , felicitar a todos los ponentes , porque han hecho un gran trabajo . Han mejorado , sin duda , la iniciativa de la Comisión .
Entiendo que las recomendaciones que se establecen aquí nos van a permitir sentar la base para desarrollar un auténtico marco en la Unión Europea del sector del microcrédito , sector que ha sido un éxito en muchos países en desarrollo , incluso en algunos europeos , tanto como mecanismo de actividad económica , como instrumento para mejorar la inclusión social y la creación de empleo . Pero no se había trasladado al contexto comunitario y yo creo que es una oportunidad para hacerlo , sobre todo partiendo del contexto económico y financiero en el que nos encontramos .
Es prioritario , en ese sentido , reforzar las iniciativas que se avanzan aquí , pero hay que dar más pasos . Hay que aumentar los fondos disponibles para estas estructuras de apoyo al microcrédito . Hay que facilitar la disponibilidad para las personas y las empresas que no tienen acceso a los préstamos y , en ese sentido , quisiera destacar , señora Presidenta , el ejemplo de la garantía europea para préstamos de microcréditos , como un instrumento que puede facilitar ese acceso , y que se ha incluido en el informe .
Y termino pensando que , sin duda , esto va a sentar las bases para que podamos crear un marco armónico en el contexto europeo que impulse el sector del microcrédito .
",yo quisiera respecto al informe sobre microcréditos felicitar a todos los ponentes porque han hecho un gran trabajo han mejorado sin duda la iniciativa de la comisión y entiendo que las recomendaciones que se establecen aquí nos van a permitir ser la base para desarrollar un auténtico marco en la unión europea del sector del microcrédito un sector que ha sido un éxito en muchos países en desarrollo incluso en algunos europeos tanto como mecanismo de actividad económica como un instrumento para mejorar la inclusión social y la creación de empleo pero que no se había trasladado al sector o al contexto comunitario y yo creo que es una oportunidad para hacerlo sobre todo partiendo del contexto económico y financiero en el que estamos es prioritario en ese sentido reforzar la iniciativa que se avanzan aquí pero hay que dar más pasos hay que aumentar los fondos disponibles para esta estructura de apoyo al microcrédito hay que facilitar la disponibilidad para las personas y las empresas que no tienen acceso a los préstamos y en ese sentido quisiera destacar presidenta el ejemplo de lo que es la garantía europea para préstamos de microcréditos como un instrumento que puede facilitar ese acceso y que se ha incluido en el informe y termino pensando que sin duda esto va a sentar las bases para que podamos crear un marco armónico en el contexto europeo que impulse el sector del microcrédito ,señora presidenta yo quisiera respecto al informe sobre los microcréditos felicitar a todos los ponentes porque han hecho un gran trabajo han mejorado sin duda la iniciativa de la comisión entiendo que las recomendaciones que se establecen aquí nos van a permitir sentar la base para desarrollar un auténtico marco en la unión europea del sector del microcrédito sector que ha sido un éxito en muchos países en desarrollo incluso en algunos europeos tanto como mecanismo de actividad económica como instrumento para mejorar la inclusión social y la creación de empleo pero no se había trasladado al contexto comunitario y yo creo que es una oportunidad para hacerlo sobre todo partiendo del contexto económico y financiero en el que nos encontramos es prioritario en ese sentido reforzar las iniciativas que se avanzan aquí pero hay que dar más pasos hay que aumentar los fondos disponibles para estas estructuras de apoyo al microcrédito hay que facilitar la disponibilidad para las personas y las empresas que no tienen acceso a los préstamos y en ese sentido quisiera destacar señora presidenta el ejemplo de la garantía europea para préstamos de microcréditos como un instrumento que puede facilitar ese acceso y que se ha incluido en el informe y termino pensando que sin duda esto va a sentar las bases para que podamos crear un marco armónico en el contexto europeo que impulse el sector del microcrédito 
es,en.20090324.3.2-058,streaming,,89.0253125,48.676889327000026,0.5467758321769444,"Yo quisiera respecto al informe sobre microcréditos felicitar a todos los ponentes porque han hecho un gran trabajo, han mejorado sin duda la iniciativa de la Comisión. Y entiendo que la recomendación es que se establezcan aquí, nos van a permitir ser la base para desarrollar un auténtico marco en la Unión Europea del sector del microcrédito, un sector que ha sido un éxito en muchos países en desarrollo, incluso en algunos europeos, tanto como mecanismo de actividad económica como un instrumento para mejorar la inclusión social y la creación de empleo, pero que no se había trasladado al sector o al contexto comunitario. Y yo creo que es una oportunidad para hacerlo, sobre todo partiendo del contexto económico y financiero en el que estamos. Es prioritario, en ese sentido, reforzar la iniciativa que se avanza aquí, pero hay que dar más pasos, hay que aumentar los fondos disponibles para esta estructura de apoyo al microcrédito, hay que facilitar la disponibilidad para las personas y las empresas que no tienen acceso a los préstamos y, en ese sentido, quisiera destacar, Presidenta, el ejemplo de lo que es la garantía europea para préstamos de microcréditos como un instrumento que puede facilitar ese acceso y que se ha incluido en el informe. Y termino pensando que sin duda esto va a sentar las bases para que podamos crear un marco armónico en el contexto europeo que impulse el sector del microcrédito.","Señora Presidenta , yo quisiera , respecto al informe sobre los microcréditos , felicitar a todos los ponentes , porque han hecho un gran trabajo . Han mejorado , sin duda , la iniciativa de la Comisión .
Entiendo que las recomendaciones que se establecen aquí nos van a permitir sentar la base para desarrollar un auténtico marco en la Unión Europea del sector del microcrédito , sector que ha sido un éxito en muchos países en desarrollo , incluso en algunos europeos , tanto como mecanismo de actividad económica , como instrumento para mejorar la inclusión social y la creación de empleo . Pero no se había trasladado al contexto comunitario y yo creo que es una oportunidad para hacerlo , sobre todo partiendo del contexto económico y financiero en el que nos encontramos .
Es prioritario , en ese sentido , reforzar las iniciativas que se avanzan aquí , pero hay que dar más pasos . Hay que aumentar los fondos disponibles para estas estructuras de apoyo al microcrédito . Hay que facilitar la disponibilidad para las personas y las empresas que no tienen acceso a los préstamos y , en ese sentido , quisiera destacar , señora Presidenta , el ejemplo de la garantía europea para préstamos de microcréditos , como un instrumento que puede facilitar ese acceso , y que se ha incluido en el informe .
Y termino pensando que , sin duda , esto va a sentar las bases para que podamos crear un marco armónico en el contexto europeo que impulse el sector del microcrédito .
",yo quisiera respecto al informe sobre microcréditos felicitar a todos los ponentes porque han hecho un gran trabajo han mejorado sin duda la iniciativa de la comisión y entiendo que la recomendación es que se establezcan aquí nos van a permitir ser la base para desarrollar un auténtico marco en la unión europea del sector del microcrédito un sector que ha sido un éxito en muchos países en desarrollo incluso en algunos europeos tanto como mecanismo de actividad económica como un instrumento para mejorar la inclusión social y la creación de empleo pero que no se había trasladado al sector o al contexto comunitario y yo creo que es una oportunidad para hacerlo sobre todo partiendo del contexto económico y financiero en el que estamos es prioritario en ese sentido reforzar la iniciativa que se avanza aquí pero hay que dar más pasos hay que aumentar los fondos disponibles para esta estructura de apoyo al microcrédito hay que facilitar la disponibilidad para las personas y las empresas que no tienen acceso a los préstamos y en ese sentido quisiera destacar presidenta el ejemplo de lo que es la garantía europea para préstamos de microcréditos como un instrumento que puede facilitar ese acceso y que se ha incluido en el informe y termino pensando que sin duda esto va a sentar las bases para que podamos crear un marco armónico en el contexto europeo que impulse el sector del microcrédito ,señora presidenta yo quisiera respecto al informe sobre los microcréditos felicitar a todos los ponentes porque han hecho un gran trabajo han mejorado sin duda la iniciativa de la comisión entiendo que las recomendaciones que se establecen aquí nos van a permitir sentar la base para desarrollar un auténtico marco en la unión europea del sector del microcrédito sector que ha sido un éxito en muchos países en desarrollo incluso en algunos europeos tanto como mecanismo de actividad económica como instrumento para mejorar la inclusión social y la creación de empleo pero no se había trasladado al contexto comunitario y yo creo que es una oportunidad para hacerlo sobre todo partiendo del contexto económico y financiero en el que nos encontramos es prioritario en ese sentido reforzar las iniciativas que se avanzan aquí pero hay que dar más pasos hay que aumentar los fondos disponibles para estas estructuras de apoyo al microcrédito hay que facilitar la disponibilidad para las personas y las empresas que no tienen acceso a los préstamos y en ese sentido quisiera destacar señora presidenta el ejemplo de la garantía europea para préstamos de microcréditos como un instrumento que puede facilitar ese acceso y que se ha incluido en el informe y termino pensando que sin duda esto va a sentar las bases para que podamos crear un marco armónico en el contexto europeo que impulse el sector del microcrédito 
es,en.20121025.28.4-369-000,offline,,65.015875,3.321977286001129,0.051094863923636026,"Yo también quiero felicitar al ponente y al resto de los colegas que han trabajado en esta reforma muy adecuadamente. La crisis financiera se ha incrementado debido a la existencia de complejos y extraños valores negociables que se vinculan a instrumentos derivados y a negociaciones fuera de los mercados oficiales. Todo ello con el ánimo de conseguir altas rentabilidades a gran celeridad. Resulta necesario atraer a un mercado transparente las operaciones financieras para garantizar la buena formación de los precios y la competencia de los productos negociables. Pero sobre todo es imprescindible que la información ofrecida sea comprensible para los inversores, que han de tener pleno conocimiento para prestar libre consentimiento a los riesgos que asumen. De nada sirve la transparencia como un gran destello de luz si el embrollo en la configuración de los productos negociables ciega el entendimiento de los ciudadanos. Gracias.","Señor Presidente , yo también quiero felicitar al ponente y al resto de diputados que han trabajado en esta reforma muy adecuadamente .
La crisis financiera se ha incrementado debido a la existencia de complejos y extraños valores negociables que se vinculan a instrumentos derivados y a negociaciones fuera de los mercados oficiales , todo ello con el ánimo de conseguir altas rentabilidades a gran celeridad .
Resulta necesario atraer las operaciones financieras a un mercado transparente para garantizar la buena formación de los precios y la competencia de los productos negociables . Pero , sobre todo , es imprescindible que la información ofrecida sea comprensible para los inversores , que han de tener pleno conocimiento para prestar libre consentimiento a los riesgos que asumen .
De nada sirve la transparencia , como un gran destello de luz , si el embrollo en la configuración de los productos negociables ciega el entendimiento de los ciudadanos .
",yo también quiero felicitar al ponente y al resto de los colegas que han trabajado en esta reforma muy adecuadamente la crisis financiera se ha incrementado debido a la existencia de complejos y extraños valores negociables que se vinculan a instrumentos derivados y a negociaciones fuera de los mercados oficiales todo ello con el ánimo de conseguir altas rentabilidades a gran celeridad resulta necesario atraer a un mercado transparente las operaciones financieras para garantizar la buena formación de los precios y la competencia de los productos negociables pero sobre todo es imprescindible que la información ofrecida sea comprensible para los inversores que han de tener pleno conocimiento para prestar libre consentimiento a los riesgos que asumen de nada sirve la transparencia como un gran destello de luz si el embrollo en la configuración de los productos negociables ciega el entendimiento de los ciudadanos gracias ,señor presidente yo también quiero felicitar al ponente y al resto de diputados que han trabajado en esta reforma muy adecuadamente la crisis financiera se ha incrementado debido a la existencia de complejos y extraños valores negociables que se vinculan a instrumentos derivados y a negociaciones fuera de los mercados oficiales todo ello con el ánimo de conseguir altas rentabilidades a gran celeridad resulta necesario atraer las operaciones financieras a un mercado transparente para garantizar la buena formación de los precios y la competencia de los productos negociables pero sobre todo es imprescindible que la información ofrecida sea comprensible para los inversores que han de tener pleno conocimiento para prestar libre consentimiento a los riesgos que asumen de nada sirve la transparencia como un gran destello de luz si el embrollo en la configuración de los productos negociables ciega el entendimiento de los ciudadanos 
es,en.20121025.28.4-369-000,streaming,,65.015875,31.169718095999997,0.4794170361623219,"Yo también quiero felicitar al ponente y al resto de los colegas que han trabajado en esta reforma muy adecuadamente. La crisis financiera se ha incrementado debido a la existencia de complejos y extraños valores negociables que se vinculan a instrumentos derivados y a negociaciones fuera de los mercados oficiales. Todo ello con el ánimo de conseguir altas rentabilidades a gran celeridad. Resulta necesario atraer a un mercado transparente las operaciones financieras para garantizar la buena formación de los precios y la competencia de los productos negociables. Pero sobre todo es imprescindible que la información ofrecida sea comprensible para los inversores, que han de tener pleno conocimiento para prestar libre consentimiento a los riesgos que asumen. De nada sirve la transparencia como un gran destello de luz si el embrollo en la configuración de los productos negociables ciega el entendimiento de los ciudadanos. Gracias.","Señor Presidente , yo también quiero felicitar al ponente y al resto de diputados que han trabajado en esta reforma muy adecuadamente .
La crisis financiera se ha incrementado debido a la existencia de complejos y extraños valores negociables que se vinculan a instrumentos derivados y a negociaciones fuera de los mercados oficiales , todo ello con el ánimo de conseguir altas rentabilidades a gran celeridad .
Resulta necesario atraer las operaciones financieras a un mercado transparente para garantizar la buena formación de los precios y la competencia de los productos negociables . Pero , sobre todo , es imprescindible que la información ofrecida sea comprensible para los inversores , que han de tener pleno conocimiento para prestar libre consentimiento a los riesgos que asumen .
De nada sirve la transparencia , como un gran destello de luz , si el embrollo en la configuración de los productos negociables ciega el entendimiento de los ciudadanos .
",yo también quiero felicitar al ponente y al resto de los colegas que han trabajado en esta reforma muy adecuadamente la crisis financiera se ha incrementado debido a la existencia de complejos y extraños valores negociables que se vinculan a instrumentos derivados y a negociaciones fuera de los mercados oficiales todo ello con el ánimo de conseguir altas rentabilidades a gran celeridad resulta necesario atraer a un mercado transparente las operaciones financieras para garantizar la buena formación de los precios y la competencia de los productos negociables pero sobre todo es imprescindible que la información ofrecida sea comprensible para los inversores que han de tener pleno conocimiento para prestar libre consentimiento a los riesgos que asumen de nada sirve la transparencia como un gran destello de luz si el embrollo en la configuración de los productos negociables ciega el entendimiento de los ciudadanos gracias ,señor presidente yo también quiero felicitar al ponente y al resto de diputados que han trabajado en esta reforma muy adecuadamente la crisis financiera se ha incrementado debido a la existencia de complejos y extraños valores negociables que se vinculan a instrumentos derivados y a negociaciones fuera de los mercados oficiales todo ello con el ánimo de conseguir altas rentabilidades a gran celeridad resulta necesario atraer las operaciones financieras a un mercado transparente para garantizar la buena formación de los precios y la competencia de los productos negociables pero sobre todo es imprescindible que la información ofrecida sea comprensible para los inversores que han de tener pleno conocimiento para prestar libre consentimiento a los riesgos que asumen de nada sirve la transparencia como un gran destello de luz si el embrollo en la configuración de los productos negociables ciega el entendimiento de los ciudadanos 
es,en.20101124.20.3-339,offline,,88.0036875,4.290471746000549,0.04875331781978509,"También las gracias también a la señora Comisaria. Comparto el deseo de esta Cámara. Quiero que las propuestas de los europeos obtengan el respaldo que merecen en Cancún. En relación con este debate hay que subrayar la importancia de las ciudades en la preservación del medio. Existe un pacto entre más de mil alcaldes de la Unión Europea que demuestra la existencia de un reconocimiento del problema por parte de estas autoridades, cuya actuación resulta determinante si queremos tener éxito. De nada valen las grandes palabras que utilicemos si no contamos con la colaboración de los alcaldes de las ciudades. Para ello es muy importante que se divulguen las emisiones, pues las ciudades producen casi un 80% de los gases de efecto invernadero. Hoy día no existe esta divulgación ni, lo que es peor, un patrón común para la medición misma de estas emisiones. Existe una organización sin ánimo de lucro que se llama Proyecto de divulgación del CO2, que ya acoge la información de miles de empresas y que pienso podría ser utilizada también por los ayuntamientos. Sin su concurso, sin el concurso de estos ayuntamientos y de los alcaldes, la actuación medioambiental se queda en humo, el humo del que precisamente queremos huir. Muchas gracias.","Señor Presidente , señora Comisaria , comparto el deseo de esta Cámara . Quiero que las propuestas de los europeos obtengan el respaldo que merecen en Cancún .
En relación con este debate hay que subrayar la importancia de las ciudades en la preservación del medio . Existe un pacto entre más de mil alcaldes de la Unión Europea que demuestra la existencia de un reconocimiento del problema por parte de estas autoridades , cuya actuación resulta determinante si queremos tener éxito . De nada valen las grandes palabras que utilicemos si no contamos con la colaboración de los alcaldes de las ciudades .
Para ello , es muy importante que se divulguen las emisiones , pues las ciudades producen casi un 80 % de los gases de efecto invernadero . Hoy día no existe esta divulgación ni , lo que es peor , un patrón común para la medición misma de estas emisiones .
Existe una organización sin ánimo de lucro que se llama « Proyecto de divulgación del CO
» que ya acoge la información de miles de empresas y que – pienso – podría ser utilizada también por los ayuntamientos . Sin su concurso , sin el concurso de estos ayuntamientos y de los alcaldes , la actuación medioambiental se queda en humo , el humo del que precisamente queremos huir .
",también las gracias también a la señora comisaria comparto el deseo de esta cámara quiero que las propuestas de los europeos obtengan el respaldo que merecen en cancún en relación con este debate hay que subrayar la importancia de las ciudades en la preservación del medio existe un pacto entre más de mil alcaldes de la unión europea que demuestra la existencia de un reconocimiento del problema por parte de estas autoridades cuya actuación resulta determinante si queremos tener éxito de nada valen las grandes palabras que utilicemos si no contamos con la colaboración de los alcaldes de las ciudades para ello es muy importante que se divulguen las emisiones pues las ciudades producen casi un 80 de los gases de efecto invernadero hoy día no existe esta divulgación ni lo que es peor un patrón común para la medición misma de estas emisiones existe una organización sin ánimo de lucro que se llama proyecto de divulgación del co2 que ya acoge la información de miles de empresas y que pienso podría ser utilizada también por los ayuntamientos sin su concurso sin el concurso de estos ayuntamientos y de los alcaldes la actuación medioambiental se queda en humo el humo del que precisamente queremos huir muchas gracias ,señor presidente señora comisaria comparto el deseo de esta cámara quiero que las propuestas de los europeos obtengan el respaldo que merecen en cancún en relación con este debate hay que subrayar la importancia de las ciudades en la preservación del medio existe un pacto entre más de mil alcaldes de la unión europea que demuestra la existencia de un reconocimiento del problema por parte de estas autoridades cuya actuación resulta determinante si queremos tener éxito de nada valen las grandes palabras que utilicemos si no contamos con la colaboración de los alcaldes de las ciudades para ello es muy importante que se divulguen las emisiones pues las ciudades producen casi un 80 de los gases de efecto invernadero hoy día no existe esta divulgación ni lo que es peor un patrón común para la medición misma de estas emisiones existe una organización sin ánimo de lucro que se llama proyecto de divulgación del co que ya acoge la información de miles de empresas y que pienso podría ser utilizada también por los ayuntamientos sin su concurso sin el concurso de estos ayuntamientos y de los alcaldes la actuación medioambiental se queda en humo el humo del que precisamente queremos huir 
es,en.20101124.20.3-339,streaming,,88.0036875,49.4301061770002,0.5616822156117061,"Gracias también a la señora comisaria. Comparto el deseo de esta cámara. Quiero que las propuestas de los europeos obtengan el respaldo que merecen en Cancún. En relación con este debate, hay que subrayar la importancia de las ciudades en la preservación del medio. Existe un pacto entre más de 1.000 alcaldes de la Unión Europea que demuestra la existencia de un reconocimiento del problema por parte de estas autoridades, cuya actuación resulta determinante si queremos tener éxito. De nada valen las grandes palabras que utilicemos si no contamos con la colaboración de los alcaldes de las ciudades. Para ello es muy importante que se divulguen las emisiones, pues las ciudades producen casi un 80% de los gases de efecto invernadero. Hoy día no existe esta divulgación, ni lo que es peor, un patrón común para la medición misma de estas emisiones. Existe una organización sin ánimo de lucro que se llama Proyecto de divulgación del CO2, que ya acoge la información de miles de empresas y que pienso podría ser utilizada también por los ayuntamientos. Sin su concurso, sin el concurso de estos ayuntamientos y de los alcaldes, la actuación medioambiental se queda en humo. El humo del que precisamente queremos huir. Muchas gracias.","Señor Presidente , señora Comisaria , comparto el deseo de esta Cámara . Quiero que las propuestas de los europeos obtengan el respaldo que merecen en Cancún .
En relación con este debate hay que subrayar la importancia de las ciudades en la preservación del medio . Existe un pacto entre más de mil alcaldes de la Unión Europea que demuestra la existencia de un reconocimiento del problema por parte de estas autoridades , cuya actuación resulta determinante si queremos tener éxito . De nada valen las grandes palabras que utilicemos si no contamos con la colaboración de los alcaldes de las ciudades .
Para ello , es muy importante que se divulguen las emisiones , pues las ciudades producen casi un 80 % de los gases de efecto invernadero . Hoy día no existe esta divulgación ni , lo que es peor , un patrón común para la medición misma de estas emisiones .
Existe una organización sin ánimo de lucro que se llama « Proyecto de divulgación del CO
» que ya acoge la información de miles de empresas y que – pienso – podría ser utilizada también por los ayuntamientos . Sin su concurso , sin el concurso de estos ayuntamientos y de los alcaldes , la actuación medioambiental se queda en humo , el humo del que precisamente queremos huir .
",gracias también a la señora comisaria comparto el deseo de esta cámara quiero que las propuestas de los europeos obtengan el respaldo que merecen en cancún en relación con este debate hay que subrayar la importancia de las ciudades en la preservación del medio existe un pacto entre más de 1 000 alcaldes de la unión europea que demuestra la existencia de un reconocimiento del problema por parte de estas autoridades cuya actuación resulta determinante si queremos tener éxito de nada valen las grandes palabras que utilicemos si no contamos con la colaboración de los alcaldes de las ciudades para ello es muy importante que se divulguen las emisiones pues las ciudades producen casi un 80 de los gases de efecto invernadero hoy día no existe esta divulgación ni lo que es peor un patrón común para la medición misma de estas emisiones existe una organización sin ánimo de lucro que se llama proyecto de divulgación del co2 que ya acoge la información de miles de empresas y que pienso podría ser utilizada también por los ayuntamientos sin su concurso sin el concurso de estos ayuntamientos y de los alcaldes la actuación medioambiental se queda en humo el humo del que precisamente queremos huir muchas gracias ,señor presidente señora comisaria comparto el deseo de esta cámara quiero que las propuestas de los europeos obtengan el respaldo que merecen en cancún en relación con este debate hay que subrayar la importancia de las ciudades en la preservación del medio existe un pacto entre más de mil alcaldes de la unión europea que demuestra la existencia de un reconocimiento del problema por parte de estas autoridades cuya actuación resulta determinante si queremos tener éxito de nada valen las grandes palabras que utilicemos si no contamos con la colaboración de los alcaldes de las ciudades para ello es muy importante que se divulguen las emisiones pues las ciudades producen casi un 80 de los gases de efecto invernadero hoy día no existe esta divulgación ni lo que es peor un patrón común para la medición misma de estas emisiones existe una organización sin ánimo de lucro que se llama proyecto de divulgación del co que ya acoge la información de miles de empresas y que pienso podría ser utilizada también por los ayuntamientos sin su concurso sin el concurso de estos ayuntamientos y de los alcaldes la actuación medioambiental se queda en humo el humo del que precisamente queremos huir 
es,en.20100708.3.4-032,offline,,65.991125,3.738726483999926,0.056654989348945424,"Muchas gracias, señor Comisario, señorías. En los próximos meses entraremos de lleno en el debate sobre la nueva PAC. Es importante alcanzar un buen acuerdo, así que espero que la Presidencia belga logre lo que no ha conseguido la Presidencia española, es decir, encanchar las discusiones de forma que los Estados miembros se comprometan a mantener ya en el futuro una política agrícola común verdaderamente fuerte, con un presupuesto suficiente para hacer frente a las necesidades de los 27 Estados miembros, los nuevos y los antiguos, y no ocurra como en 2005 que faltó dinero y hubo que inventarse la modulación. En la próxima reforma de la PAC nos jugamos la viabilidad de un sector que no solo aporta bienes y servicios intangibles como el cuidado del entorno, sino que también debería asegurar el aprovisionamiento de alimentos a los ciudadanos europeos. Ya hemos sido testigos en el pasado de situaciones dolorosas de carestía, por lo que es necesario que el Parlamento Europeo tiene que dar seguridad de abastecimiento basado en la producción comunitaria como principal objetivo de la próxima reforma, sin dejar de lado otras aportaciones como la lucha contra el cambio climático. Muchas gracias.","Señor Presidente , señor Comisario , Señorías , en los próximos meses entraremos de lleno en el debate sobre la nueva PAC . Es importante alcanzar un buen acuerdo , así que espero que la Presidencia belga logre lo que no ha conseguido la Presidencia española , es decir , encauzar las discusiones de forma que los Estados miembros se comprometan ya a mantener en el futuro una política agrícola común verdaderamente fuerte , con un presupuesto suficiente para hacer frente a las necesidades de los veintisiete Estados miembros , los nuevos y los antiguos , y no ocurra como en 2005 , que faltó dinero y hubo que inventarse la modulación .
En la próxima reforma de la PAC nos jugamos la viabilidad de un sector que no solo aporta bienes y servicios intangibles , como el cuidado del entorno , sino que también debería asegurar el aprovisionamiento de alimentos a los ciudadanos europeos . Ya hemos sido testigos , en el pasado , de situaciones dolorosas de carestía , por lo que es necesario que el Parlamento Europeo dé seguridad de abastecimiento basado en la producción comunitaria , como principal objetivo de la próxima reforma , sin dejar de lado otras aportaciones , como la lucha contra el cambio climático .
",muchas gracias señor comisario señorías en los próximos meses entraremos de lleno en el debate sobre la nueva pac es importante alcanzar un buen acuerdo así que espero que la presidencia belga logre lo que no ha conseguido la presidencia española es decir encanchar las discusiones de forma que los estados miembros se comprometan a mantener ya en el futuro una política agrícola común verdaderamente fuerte con un presupuesto suficiente para hacer frente a las necesidades de los 27 estados miembros los nuevos y los antiguos y no ocurra como en 2005 que faltó dinero y hubo que inventarse la modulación en la próxima reforma de la pac nos jugamos la viabilidad de un sector que no solo aporta bienes y servicios intangibles como el cuidado del entorno sino que también debería asegurar el aprovisionamiento de alimentos a los ciudadanos europeos ya hemos sido testigos en el pasado de situaciones dolorosas de carestía por lo que es necesario que el parlamento europeo tiene que dar seguridad de abastecimiento basado en la producción comunitaria como principal objetivo de la próxima reforma sin dejar de lado otras aportaciones como la lucha contra el cambio climático muchas gracias ,señor presidente señor comisario señorías en los próximos meses entraremos de lleno en el debate sobre la nueva pac es importante alcanzar un buen acuerdo así que espero que la presidencia belga logre lo que no ha conseguido la presidencia española es decir encauzar las discusiones de forma que los estados miembros se comprometan ya a mantener en el futuro una política agrícola común verdaderamente fuerte con un presupuesto suficiente para hacer frente a las necesidades de los veintisiete estados miembros los nuevos y los antiguos y no ocurra como en 2005 que faltó dinero y hubo que inventarse la modulación en la próxima reforma de la pac nos jugamos la viabilidad de un sector que no solo aporta bienes y servicios intangibles como el cuidado del entorno sino que también debería asegurar el aprovisionamiento de alimentos a los ciudadanos europeos ya hemos sido testigos en el pasado de situaciones dolorosas de carestía por lo que es necesario que el parlamento europeo dé seguridad de abastecimiento basado en la producción comunitaria como principal objetivo de la próxima reforma sin dejar de lado otras aportaciones como la lucha contra el cambio climático 
es,en.20100708.3.4-032,streaming,,65.991125,32.51818375500079,0.4927660159604916,"Muchas gracias, señor Comisario, señorías. En los próximos meses entraremos de lleno en el debate sobre la nueva PAC. Es importante alcanzar un buen acuerdo, así que espero que la Presidencia belga logre lo que no ha conseguido la Presidencia española, es decir, encanchar las discusiones de forma que los Estados miembros se comprometan a mantener ya en el futuro una política agrícola común verdaderamente fuerte, con un presupuesto suficiente para hacer frente a las necesidades de los 27 Estados miembros, los nuevos y los antiguos, y no ocurra como en 2005 que faltó dinero y hubo que inventarse la modulación. En la próxima reforma de la PAC nos jugamos la viabilidad de un sector que no solo aporta bienes y servicios intangibles como el cuidado del entorno, sino que también debería asegurar el aprovisionamiento de alimentos a los ciudadanos europeos. Ya hemos sido testigos en el pasado de situaciones dolorosas de carestía, por lo que es necesario que el Parlamento Europeo tiene que dar seguridad y abastecimiento basado en la producción comunitaria como principal objetivo de la próxima reforma, sin dejar de lado otras aportaciones como la lucha contra el cambio climático. Muchas gracias.","Señor Presidente , señor Comisario , Señorías , en los próximos meses entraremos de lleno en el debate sobre la nueva PAC . Es importante alcanzar un buen acuerdo , así que espero que la Presidencia belga logre lo que no ha conseguido la Presidencia española , es decir , encauzar las discusiones de forma que los Estados miembros se comprometan ya a mantener en el futuro una política agrícola común verdaderamente fuerte , con un presupuesto suficiente para hacer frente a las necesidades de los veintisiete Estados miembros , los nuevos y los antiguos , y no ocurra como en 2005 , que faltó dinero y hubo que inventarse la modulación .
En la próxima reforma de la PAC nos jugamos la viabilidad de un sector que no solo aporta bienes y servicios intangibles , como el cuidado del entorno , sino que también debería asegurar el aprovisionamiento de alimentos a los ciudadanos europeos . Ya hemos sido testigos , en el pasado , de situaciones dolorosas de carestía , por lo que es necesario que el Parlamento Europeo dé seguridad de abastecimiento basado en la producción comunitaria , como principal objetivo de la próxima reforma , sin dejar de lado otras aportaciones , como la lucha contra el cambio climático .
",muchas gracias señor comisario señorías en los próximos meses entraremos de lleno en el debate sobre la nueva pac es importante alcanzar un buen acuerdo así que espero que la presidencia belga logre lo que no ha conseguido la presidencia española es decir encanchar las discusiones de forma que los estados miembros se comprometan a mantener ya en el futuro una política agrícola común verdaderamente fuerte con un presupuesto suficiente para hacer frente a las necesidades de los 27 estados miembros los nuevos y los antiguos y no ocurra como en 2005 que faltó dinero y hubo que inventarse la modulación en la próxima reforma de la pac nos jugamos la viabilidad de un sector que no solo aporta bienes y servicios intangibles como el cuidado del entorno sino que también debería asegurar el aprovisionamiento de alimentos a los ciudadanos europeos ya hemos sido testigos en el pasado de situaciones dolorosas de carestía por lo que es necesario que el parlamento europeo tiene que dar seguridad y abastecimiento basado en la producción comunitaria como principal objetivo de la próxima reforma sin dejar de lado otras aportaciones como la lucha contra el cambio climático muchas gracias ,señor presidente señor comisario señorías en los próximos meses entraremos de lleno en el debate sobre la nueva pac es importante alcanzar un buen acuerdo así que espero que la presidencia belga logre lo que no ha conseguido la presidencia española es decir encauzar las discusiones de forma que los estados miembros se comprometan ya a mantener en el futuro una política agrícola común verdaderamente fuerte con un presupuesto suficiente para hacer frente a las necesidades de los veintisiete estados miembros los nuevos y los antiguos y no ocurra como en 2005 que faltó dinero y hubo que inventarse la modulación en la próxima reforma de la pac nos jugamos la viabilidad de un sector que no solo aporta bienes y servicios intangibles como el cuidado del entorno sino que también debería asegurar el aprovisionamiento de alimentos a los ciudadanos europeos ya hemos sido testigos en el pasado de situaciones dolorosas de carestía por lo que es necesario que el parlamento europeo dé seguridad de abastecimiento basado en la producción comunitaria como principal objetivo de la próxima reforma sin dejar de lado otras aportaciones como la lucha contra el cambio climático 
es,en.20120911.4.2-035-000,offline,,58.0035,3.5444075089999387,0.06110678681458771,"Muchas gracias, Presidente. El acuerdo alcanzado por el Parlamento y el Consejo refleja lo que los Estados miembros implicados aprobaron por unanimidad en la OMI. Estos mares presentan un estado preocupante en términos de acidificación, además su capacidad de regeneración es muy limitada. Los combustibles exigidos van a ser más caros y por eso se prevé una ayuda económica para los empresarios, con saques muy razonables. Pero algunos colegas han intentado que los requisitos para los nuevos combustibles se apliquen también a todos los mares de la Unión Europea. Nos encontraríamos con la paradoja de que un problema medioambiental de algunos países de la Unión se quiera resolver creando un problema económico de primer orden en el Mediterráneo, que no tiene ese problema, pero que tiene otro tipo de problemas medioambientales cuyos costes no se pretende imponer al resto de los países. El Tratado es muy claro: hay que proteger las zonas sensibles, pero todas las zonas no son igualmente sensibles. Muchas gracias.","Señor Presidente , el acuerdo alcanzado por el Parlamento y el Consejo refleja lo que los Estados miembros implicados aprobaron por unanimidad en la OMI . Estos mares presentan un estado preocupante en términos de acidificación . Además , su capacidad de regeneración es muy limitada . Los combustibles exigidos van a ser más caros y , por eso , se prevé una ayuda económica para los empresarios , lo que es muy razonable .
Pero algunos diputados han intentado que los requisitos para los nuevos combustibles se apliquen a todos los mares de la Unión Europea . Nos encontraríamos con la paradoja de que un problema medioambiental de algunos países de la Unión se quiera resolver creando un problema económico de primer orden en el Mediterráneo , que no tiene ese problema medioambiental , pero que tiene otro tipo de problemas medioambientales cuyos costes no se pretende imponer al resto de los países .
El Tratado es muy claro . Hay que proteger las zonas sensibles . Pero todas las zonas no son igualmente sensibles .
",muchas gracias presidente el acuerdo alcanzado por el parlamento y el consejo refleja lo que los estados miembros implicados aprobaron por unanimidad en la omi estos mares presentan un estado preocupante en términos de acidificación además su capacidad de regeneración es muy limitada los combustibles exigidos van a ser más caros y por eso se prevé una ayuda económica para los empresarios con saques muy razonables pero algunos colegas han intentado que los requisitos para los nuevos combustibles se apliquen también a todos los mares de la unión europea nos encontraríamos con la paradoja de que un problema medioambiental de algunos países de la unión se quiera resolver creando un problema económico de primer orden en el mediterráneo que no tiene ese problema pero que tiene otro tipo de problemas medioambientales cuyos costes no se pretende imponer al resto de los países el tratado es muy claro hay que proteger las zonas sensibles pero todas las zonas no son igualmente sensibles muchas gracias ,señor presidente el acuerdo alcanzado por el parlamento y el consejo refleja lo que los estados miembros implicados aprobaron por unanimidad en la omi estos mares presentan un estado preocupante en términos de acidificación además su capacidad de regeneración es muy limitada los combustibles exigidos van a ser más caros y por eso se prevé una ayuda económica para los empresarios lo que es muy razonable pero algunos diputados han intentado que los requisitos para los nuevos combustibles se apliquen a todos los mares de la unión europea nos encontraríamos con la paradoja de que un problema medioambiental de algunos países de la unión se quiera resolver creando un problema económico de primer orden en el mediterráneo que no tiene ese problema medioambiental pero que tiene otro tipo de problemas medioambientales cuyos costes no se pretende imponer al resto de los países el tratado es muy claro hay que proteger las zonas sensibles pero todas las zonas no son igualmente sensibles 
es,en.20120911.4.2-035-000,streaming,,58.0035,26.02847871099948,0.4487397952020047,"Muchas gracias, Presidente. El acuerdo alcanzado por el Parlamento y el Consejo refleja lo que los Estados miembros implicados aprobaron por unanimidad en la OMI. Estos mares presentan un estado preocupante en términos de acidificación, además su capacidad de regeneración es muy limitada. Los combustibles exigidos van a ser más caros y por eso se prevé una ayuda económica para los empresarios, cosa que es muy razonable. Pero algunos colegas han intentado que los requisitos para los nuevos combustibles se apliquen también a todos los mares de la Unión Europea. Nos encontraríamos con la paradoja de que un problema medioambiental de algunos países de la Unión se quiera resolver creando un problema económico de primer orden en el Mediterráneo, que no tiene ese problema, pero que tiene otro tipo de problemas medioambientales cuyos costes no se pretende imponer al resto de los países. El Tratado es muy claro: hay que proteger las zonas sensibles, pero todas las zonas no son igualmente sensibles. Muchas gracias.","Señor Presidente , el acuerdo alcanzado por el Parlamento y el Consejo refleja lo que los Estados miembros implicados aprobaron por unanimidad en la OMI . Estos mares presentan un estado preocupante en términos de acidificación . Además , su capacidad de regeneración es muy limitada . Los combustibles exigidos van a ser más caros y , por eso , se prevé una ayuda económica para los empresarios , lo que es muy razonable .
Pero algunos diputados han intentado que los requisitos para los nuevos combustibles se apliquen a todos los mares de la Unión Europea . Nos encontraríamos con la paradoja de que un problema medioambiental de algunos países de la Unión se quiera resolver creando un problema económico de primer orden en el Mediterráneo , que no tiene ese problema medioambiental , pero que tiene otro tipo de problemas medioambientales cuyos costes no se pretende imponer al resto de los países .
El Tratado es muy claro . Hay que proteger las zonas sensibles . Pero todas las zonas no son igualmente sensibles .
",muchas gracias presidente el acuerdo alcanzado por el parlamento y el consejo refleja lo que los estados miembros implicados aprobaron por unanimidad en la omi estos mares presentan un estado preocupante en términos de acidificación además su capacidad de regeneración es muy limitada los combustibles exigidos van a ser más caros y por eso se prevé una ayuda económica para los empresarios cosa que es muy razonable pero algunos colegas han intentado que los requisitos para los nuevos combustibles se apliquen también a todos los mares de la unión europea nos encontraríamos con la paradoja de que un problema medioambiental de algunos países de la unión se quiera resolver creando un problema económico de primer orden en el mediterráneo que no tiene ese problema pero que tiene otro tipo de problemas medioambientales cuyos costes no se pretende imponer al resto de los países el tratado es muy claro hay que proteger las zonas sensibles pero todas las zonas no son igualmente sensibles muchas gracias ,señor presidente el acuerdo alcanzado por el parlamento y el consejo refleja lo que los estados miembros implicados aprobaron por unanimidad en la omi estos mares presentan un estado preocupante en términos de acidificación además su capacidad de regeneración es muy limitada los combustibles exigidos van a ser más caros y por eso se prevé una ayuda económica para los empresarios lo que es muy razonable pero algunos diputados han intentado que los requisitos para los nuevos combustibles se apliquen a todos los mares de la unión europea nos encontraríamos con la paradoja de que un problema medioambiental de algunos países de la unión se quiera resolver creando un problema económico de primer orden en el mediterráneo que no tiene ese problema medioambiental pero que tiene otro tipo de problemas medioambientales cuyos costes no se pretende imponer al resto de los países el tratado es muy claro hay que proteger las zonas sensibles pero todas las zonas no son igualmente sensibles 
es,en.20100210.29.3-529,offline,,63.99425,3.4122496870004397,0.0533211919352198,"Señor Presidente, en un tema tan grave como es el terrorismo, no deberíamos esperar a los acontecimientos para actuar. Deberíamos anticiparnos a esto, pero no lo hacemos y, por desgracia, avanzamos a golpe de atentado como el fallido atentado de Detroit, que nos obliga hoy a tomar decisiones que garanticen la seguridad del transporte aéreo. Decidir sobre los escáneres corporales en los aeropuertos es una responsabilidad que no podemos eludir, señoras y señores. No podemos seguir esperando porque los terroristas no esperan. Por ello, la Comisión debe cuanto antes garantizarnos que se preservarán la dignidad y la privacidad de las personas y que no habrá efectos negativos sobre la salud. Garantizado esto, tenemos que adoptar decisiones para toda la Unión Europea. Y aquellos que temen que se violen los derechos fundamentales les diré que no existe un derecho más elevado que el derecho a vivir. Y quienes amamos la libertad por encima de todo necesitamos vivir seguro para sentirnos verdaderamente libres.","Señor Presidente , en un tema tan grave como es el terrorismo no deberíamos esperar a los acontecimientos para actuar . Deberíamos anticiparnos a éstos , pero no lo hacemos . Y , por desgracia , avanzamos a golpe de atentado , como el fallido atentado de Detroit , que nos obliga hoy a tomar decisiones que garanticen la seguridad del transporte aéreo .
Decidir sobre los escáneres corporales en los aeropuertos es una responsabilidad que no podemos eludir , señoras y señores . No podemos seguir esperando , porque los terroristas no esperan .
Por ello la Comisión debe , cuanto antes , garantizar que se preservarán la dignidad y la pivacidad de las personas y que no habrá efectos negativos sobre la salud .
Garantizado esto , tenemos que adoptar decisiones para toda la Unión Europea . Y a aquellos que temen que se violen los derechos fundamentales les diré que no existe un derecho más elevado que el derecho a vivir , y quienes amamos la libertad por encima de todo necesitamos vivir seguros para sentirnos verdaderamente libres .
",señor presidente en un tema tan grave como es el terrorismo no deberíamos esperar a los acontecimientos para actuar deberíamos anticiparnos a esto pero no lo hacemos y por desgracia avanzamos a golpe de atentado como el fallido atentado de detroit que nos obliga hoy a tomar decisiones que garanticen la seguridad del transporte aéreo decidir sobre los escáneres corporales en los aeropuertos es una responsabilidad que no podemos eludir señoras y señores no podemos seguir esperando porque los terroristas no esperan por ello la comisión debe cuanto antes garantizarnos que se preservarán la dignidad y la privacidad de las personas y que no habrá efectos negativos sobre la salud garantizado esto tenemos que adoptar decisiones para toda la unión europea y aquellos que temen que se violen los derechos fundamentales les diré que no existe un derecho más elevado que el derecho a vivir y quienes amamos la libertad por encima de todo necesitamos vivir seguro para sentirnos verdaderamente libres ,señor presidente en un tema tan grave como es el terrorismo no deberíamos esperar a los acontecimientos para actuar deberíamos anticiparnos a éstos pero no lo hacemos y por desgracia avanzamos a golpe de atentado como el fallido atentado de detroit que nos obliga hoy a tomar decisiones que garanticen la seguridad del transporte aéreo decidir sobre los escáneres corporales en los aeropuertos es una responsabilidad que no podemos eludir señoras y señores no podemos seguir esperando porque los terroristas no esperan por ello la comisión debe cuanto antes garantizar que se preservarán la dignidad y la pivacidad de las personas y que no habrá efectos negativos sobre la salud garantizado esto tenemos que adoptar decisiones para toda la unión europea y a aquellos que temen que se violen los derechos fundamentales les diré que no existe un derecho más elevado que el derecho a vivir y quienes amamos la libertad por encima de todo necesitamos vivir seguros para sentirnos verdaderamente libres 
es,en.20100210.29.3-529,streaming,,63.99425,29.982369123999888,0.46851661085175444,"Sí, señor Presidente, gracias. En un tema tan grave como es el terrorismo, no deberíamos esperar a los acontecimientos para actuar. Deberíamos anticiparnos a esto, pero no lo hacemos y, por desgracia, avanzamos a golpe de atentado como el fallido atentado de Detroit, que nos obliga hoy a tomar decisiones que garanticen la seguridad del transporte aéreo, decidir sobre los escáneres corporales en los aeropuertos es una responsabilidad que no podemos eludir, señoras y señores. No podemos seguir esperando porque los terroristas no esperan. Por ello, la Comisión debe cuanto antes garantizarnos que se preservarán la dignidad y la privacidad de las personas y que no habrá efectos negativos sobre la salud. Garantizado esto, tenemos que adoptar decisiones para toda la Unión Europea y aquellos que temen que se violen los derechos fundamentales les diré que no existe un derecho más elevado que el derecho a vivir. Y quienes amamos la libertad por encima de todo necesitamos vivir seguro para sentirnos verdaderamente libres.","Señor Presidente , en un tema tan grave como es el terrorismo no deberíamos esperar a los acontecimientos para actuar . Deberíamos anticiparnos a éstos , pero no lo hacemos . Y , por desgracia , avanzamos a golpe de atentado , como el fallido atentado de Detroit , que nos obliga hoy a tomar decisiones que garanticen la seguridad del transporte aéreo .
Decidir sobre los escáneres corporales en los aeropuertos es una responsabilidad que no podemos eludir , señoras y señores . No podemos seguir esperando , porque los terroristas no esperan .
Por ello la Comisión debe , cuanto antes , garantizar que se preservarán la dignidad y la pivacidad de las personas y que no habrá efectos negativos sobre la salud .
Garantizado esto , tenemos que adoptar decisiones para toda la Unión Europea . Y a aquellos que temen que se violen los derechos fundamentales les diré que no existe un derecho más elevado que el derecho a vivir , y quienes amamos la libertad por encima de todo necesitamos vivir seguros para sentirnos verdaderamente libres .
",sí señor presidente gracias en un tema tan grave como es el terrorismo no deberíamos esperar a los acontecimientos para actuar deberíamos anticiparnos a esto pero no lo hacemos y por desgracia avanzamos a golpe de atentado como el fallido atentado de detroit que nos obliga hoy a tomar decisiones que garanticen la seguridad del transporte aéreo decidir sobre los escáneres corporales en los aeropuertos es una responsabilidad que no podemos eludir señoras y señores no podemos seguir esperando porque los terroristas no esperan por ello la comisión debe cuanto antes garantizarnos que se preservarán la dignidad y la privacidad de las personas y que no habrá efectos negativos sobre la salud garantizado esto tenemos que adoptar decisiones para toda la unión europea y aquellos que temen que se violen los derechos fundamentales les diré que no existe un derecho más elevado que el derecho a vivir y quienes amamos la libertad por encima de todo necesitamos vivir seguro para sentirnos verdaderamente libres ,señor presidente en un tema tan grave como es el terrorismo no deberíamos esperar a los acontecimientos para actuar deberíamos anticiparnos a éstos pero no lo hacemos y por desgracia avanzamos a golpe de atentado como el fallido atentado de detroit que nos obliga hoy a tomar decisiones que garanticen la seguridad del transporte aéreo decidir sobre los escáneres corporales en los aeropuertos es una responsabilidad que no podemos eludir señoras y señores no podemos seguir esperando porque los terroristas no esperan por ello la comisión debe cuanto antes garantizar que se preservarán la dignidad y la pivacidad de las personas y que no habrá efectos negativos sobre la salud garantizado esto tenemos que adoptar decisiones para toda la unión europea y a aquellos que temen que se violen los derechos fundamentales les diré que no existe un derecho más elevado que el derecho a vivir y quienes amamos la libertad por encima de todo necesitamos vivir seguros para sentirnos verdaderamente libres 
es,en.20121023.5.2-099-000,offline,,26.006375,1.4091235500000039,0.054183774170756364,"Señor diputado, acaba de emplear el tiempo, el poco que tenía, en insultar, descalificar desde la más absoluta ignorancia. Usted conoce la Constitución española, porque lo que ha dicho el vicepresidente, el señor Vidal Cuadras, no es ni más ni menos que se aplique lo dicho en la Constitución española. Lo demás son singulares apreciaciones personales que no vienen absolutamente a cuento y que yo puedo respetar, pero que desprecio.","pregunta de « tarjeta azul »
Señor diputado , acaba usted de emplear el tiempo , el poco que tenía , en insultar y descalificar desde la más absoluta ignorancia .
¿ Usted conoce la Constitución Española ? Porque lo que ha dicho el Vicepresidente Vidal Quadras es , ni más ni menos , que se aplique lo dicho en la Constitución Española ; lo demás son singulares apreciaciones personales que no vienen absolutamente a cuento y que yo puedo respetar , pero que desprecio .
",señor diputado acaba de emplear el tiempo el poco que tenía en insultar descalificar desde la más absoluta ignorancia usted conoce la constitución española porque lo que ha dicho el vicepresidente el señor vidal cuadras no es ni más ni menos que se aplique lo dicho en la constitución española lo demás son singulares apreciaciones personales que no vienen absolutamente a cuento y que yo puedo respetar pero que desprecio ,pregunta de tarjeta azul señor diputado acaba usted de emplear el tiempo el poco que tenía en insultar y descalificar desde la más absoluta ignorancia usted conoce la constitución española porque lo que ha dicho el vicepresidente vidal quadras es ni más ni menos que se aplique lo dicho en la constitución española lo demás son singulares apreciaciones personales que no vienen absolutamente a cuento y que yo puedo respetar pero que desprecio 
es,en.20121023.5.2-099-000,streaming,,26.006375,8.682058138001594,0.33384345715239416,"Señor diputado, acaba de emplear el tiempo, el poco que tenía, en insultar, descalificar desde la más absoluta ignorancia. Usted conoce la Constitución española, porque lo que ha dicho el vicepresidente, el señor Vidal Cuadras, no es ni más ni menos que se aplique lo dicho en la Constitución española. Lo demás son singulares apreciaciones personales que no vienen absolutamente a cuento y que yo puedo respetar, pero que desprecio.","pregunta de « tarjeta azul »
Señor diputado , acaba usted de emplear el tiempo , el poco que tenía , en insultar y descalificar desde la más absoluta ignorancia .
¿ Usted conoce la Constitución Española ? Porque lo que ha dicho el Vicepresidente Vidal Quadras es , ni más ni menos , que se aplique lo dicho en la Constitución Española ; lo demás son singulares apreciaciones personales que no vienen absolutamente a cuento y que yo puedo respetar , pero que desprecio .
",señor diputado acaba de emplear el tiempo el poco que tenía en insultar descalificar desde la más absoluta ignorancia usted conoce la constitución española porque lo que ha dicho el vicepresidente el señor vidal cuadras no es ni más ni menos que se aplique lo dicho en la constitución española lo demás son singulares apreciaciones personales que no vienen absolutamente a cuento y que yo puedo respetar pero que desprecio ,pregunta de tarjeta azul señor diputado acaba usted de emplear el tiempo el poco que tenía en insultar y descalificar desde la más absoluta ignorancia usted conoce la constitución española porque lo que ha dicho el vicepresidente vidal quadras es ni más ni menos que se aplique lo dicho en la constitución española lo demás son singulares apreciaciones personales que no vienen absolutamente a cuento y que yo puedo respetar pero que desprecio 
es,en.20120214.19.2-344-000,offline,,89.0253125,4.6604223790000106,0.052349407692334815,"Gracias, señor Presidente. El reglamento que debatimos hoy no es perfecto. No puede por sí solo arreglar los problemas de un sector con problemas estructurales y también por el contexto económico que vivimos con problemas coyunturales. Pero este reglamento, sin ser perfecto, es un paso hacia adelante, decidido y en la buena dirección. Porque si en la última época nos hemos dado cuenta todos que no hay ningún mercado perfecto, era muy necesario introducir en este tablero donde además estamos jugando con la seguridad alimentaria de la gente todos los elementos de regulación que pudiéramos y de protección a nuestros productores. Era muy necesario que permitiéramos la obligatoriedad de los contratos con un plazo mínimo y con un volumen máximo, al menos como instrumento de defensa, porque por supuesto que nuestros productores no parten con la misma fortaleza negociadora ante la distribución, los intermediarios o los recolectores. Quedan muchas cosas por hacer. Deberemos mejorar las redes de seguridad y hacerlas más ágiles y más efectivas. Deberemos apostar por vertebrar aún más el sector en la cadena de valor, controlar que no haya reparto de cuotas especialmente en determinadas zonas o impulsar la política de calidad. Pero sin ninguna duda, con nuestro voto positivo y con todo lo que queda por hacer, hoy muchos ganaderos podrán ver a este Parlamento que ha defendido su derecho laboral, el más básico de todos, que es el de poder vivir con dignidad de las rentas de su trabajo. Muchas gracias, Presidente.","Señor Presidente , el Reglamento que debatimos hoy no es perfecto , no puede por sí solo arreglar las dificultades de un sector con problemas estructurales y también , por el contexto económico que vivimos , con problemas coyunturales . Pero , este Reglamento , sin ser perfecto , es un paso hacia adelante , decidido y en la buena dirección .
Porque , pese a que en la última época nos hemos dado cuenta todos de que no hay ningún mercado perfecto , era muy necesario introducir en este tablero , donde además estamos jugando con la seguridad alimentaria de la gente , todos los elementos que pudiéramos de regulación y de protección a nuestros productores .
Era muy necesario que permitiéramos la obligatoriedad de los contratos con un plazo mínimo y con un volumen máximo , al menos como instrumento de defensa , porque , por supuesto , nuestros productores no parten con la misma fortaleza negociadora ante la distribución , los intermediarios o los recolectores .
Quedan muchas cosas por hacer . Deberemos mejorar las redes de seguridad y hacerlas más ágiles y más efectivas . Deberemos apostar por vertebrar aún más el sector en la cadena de valor , controlar que no haya reparto de cuotas — especialmente en determinadas zonas — o impulsar la política de calidad .
Pero , sin ninguna duda , con nuestro voto positivo y con todo lo que queda por hacer , hoy muchos ganaderos podrán ver que este Parlamento ha defendido su derecho laboral más básico : el de poder vivir con dignidad de las rentas de su trabajo .
",gracias señor presidente el reglamento que debatimos hoy no es perfecto no puede por sí solo arreglar los problemas de un sector con problemas estructurales y también por el contexto económico que vivimos con problemas coyunturales pero este reglamento sin ser perfecto es un paso hacia adelante decidido y en la buena dirección porque si en la última época nos hemos dado cuenta todos que no hay ningún mercado perfecto era muy necesario introducir en este tablero donde además estamos jugando con la seguridad alimentaria de la gente todos los elementos de regulación que pudiéramos y de protección a nuestros productores era muy necesario que permitiéramos la obligatoriedad de los contratos con un plazo mínimo y con un volumen máximo al menos como instrumento de defensa porque por supuesto que nuestros productores no parten con la misma fortaleza negociadora ante la distribución los intermediarios o los recolectores quedan muchas cosas por hacer deberemos mejorar las redes de seguridad y hacerlas más ágiles y más efectivas deberemos apostar por vertebrar aún más el sector en la cadena de valor controlar que no haya reparto de cuotas especialmente en determinadas zonas o impulsar la política de calidad pero sin ninguna duda con nuestro voto positivo y con todo lo que queda por hacer hoy muchos ganaderos podrán ver a este parlamento que ha defendido su derecho laboral el más básico de todos que es el de poder vivir con dignidad de las rentas de su trabajo muchas gracias presidente ,señor presidente el reglamento que debatimos hoy no es perfecto no puede por sí solo arreglar las dificultades de un sector con problemas estructurales y también por el contexto económico que vivimos con problemas coyunturales pero este reglamento sin ser perfecto es un paso hacia adelante decidido y en la buena dirección porque pese a que en la última época nos hemos dado cuenta todos de que no hay ningún mercado perfecto era muy necesario introducir en este tablero donde además estamos jugando con la seguridad alimentaria de la gente todos los elementos que pudiéramos de regulación y de protección a nuestros productores era muy necesario que permitiéramos la obligatoriedad de los contratos con un plazo mínimo y con un volumen máximo al menos como instrumento de defensa porque por supuesto nuestros productores no parten con la misma fortaleza negociadora ante la distribución los intermediarios o los recolectores quedan muchas cosas por hacer deberemos mejorar las redes de seguridad y hacerlas más ágiles y más efectivas deberemos apostar por vertebrar aún más el sector en la cadena de valor controlar que no haya reparto de cuotas especialmente en determinadas zonas o impulsar la política de calidad pero sin ninguna duda con nuestro voto positivo y con todo lo que queda por hacer hoy muchos ganaderos podrán ver que este parlamento ha defendido su derecho laboral más básico el de poder vivir con dignidad de las rentas de su trabajo 
es,en.20120214.19.2-344-000,streaming,,89.0253125,54.170646339000086,0.6084858880894137,"Gracias, señor Presidente. El reglamento que debatimos hoy no es perfecto. No puede, por sí solo, arreglar los problemas de un sector con problemas estructurales y también por el contexto económico que vivimos, con problemas coyunturales. Pero este reglamento, sin ser perfecto, es un paso hacia adelante, decidido y en la buena dirección, porque si en la última época nos hemos dado cuenta todos que no hay ningún mercado perfecto, era muy necesario introducir en este tablero donde además estamos jugando con la seguridad alimentaria de la gente todos los elementos de regulación que pudiéramos y de protección a nuestros productores. Era muy necesario que permitiéramos la obligatoriedad de los contratos con un plazo mínimo y con un volumen máximo, al menos como instrumento de defensa, porque por supuesto que nuestros productores no parten con la misma fortaleza negociadora ante la distribución, los intermediarios o los recolectores. Quedan muchas cosas por hacer. Deberemos mejorar las redes de seguridad y hacerlas más ágiles y más efectivas. Deberemos apostar por vertebrar aún más el sector en la cadena de valor, controlar que no haya reparto de cuotas, especialmente en determinadas zonas, o impulsar la política de calidad. Pero sin ninguna duda, con nuestro voto positivo y con todo lo que queda por hacer, hoy muchos ganaderos podrán ver a este Parlamento que ha defendido su derecho laboral, el más básico de todos, que es el de poder vivir con dignidad de las rentas de su trabajo. Muchas gracias, Presidente.","Señor Presidente , el Reglamento que debatimos hoy no es perfecto , no puede por sí solo arreglar las dificultades de un sector con problemas estructurales y también , por el contexto económico que vivimos , con problemas coyunturales . Pero , este Reglamento , sin ser perfecto , es un paso hacia adelante , decidido y en la buena dirección .
Porque , pese a que en la última época nos hemos dado cuenta todos de que no hay ningún mercado perfecto , era muy necesario introducir en este tablero , donde además estamos jugando con la seguridad alimentaria de la gente , todos los elementos que pudiéramos de regulación y de protección a nuestros productores .
Era muy necesario que permitiéramos la obligatoriedad de los contratos con un plazo mínimo y con un volumen máximo , al menos como instrumento de defensa , porque , por supuesto , nuestros productores no parten con la misma fortaleza negociadora ante la distribución , los intermediarios o los recolectores .
Quedan muchas cosas por hacer . Deberemos mejorar las redes de seguridad y hacerlas más ágiles y más efectivas . Deberemos apostar por vertebrar aún más el sector en la cadena de valor , controlar que no haya reparto de cuotas — especialmente en determinadas zonas — o impulsar la política de calidad .
Pero , sin ninguna duda , con nuestro voto positivo y con todo lo que queda por hacer , hoy muchos ganaderos podrán ver que este Parlamento ha defendido su derecho laboral más básico : el de poder vivir con dignidad de las rentas de su trabajo .
",gracias señor presidente el reglamento que debatimos hoy no es perfecto no puede por sí solo arreglar los problemas de un sector con problemas estructurales y también por el contexto económico que vivimos con problemas coyunturales pero este reglamento sin ser perfecto es un paso hacia adelante decidido y en la buena dirección porque si en la última época nos hemos dado cuenta todos que no hay ningún mercado perfecto era muy necesario introducir en este tablero donde además estamos jugando con la seguridad alimentaria de la gente todos los elementos de regulación que pudiéramos y de protección a nuestros productores era muy necesario que permitiéramos la obligatoriedad de los contratos con un plazo mínimo y con un volumen máximo al menos como instrumento de defensa porque por supuesto que nuestros productores no parten con la misma fortaleza negociadora ante la distribución los intermediarios o los recolectores quedan muchas cosas por hacer deberemos mejorar las redes de seguridad y hacerlas más ágiles y más efectivas deberemos apostar por vertebrar aún más el sector en la cadena de valor controlar que no haya reparto de cuotas especialmente en determinadas zonas o impulsar la política de calidad pero sin ninguna duda con nuestro voto positivo y con todo lo que queda por hacer hoy muchos ganaderos podrán ver a este parlamento que ha defendido su derecho laboral el más básico de todos que es el de poder vivir con dignidad de las rentas de su trabajo muchas gracias presidente ,señor presidente el reglamento que debatimos hoy no es perfecto no puede por sí solo arreglar las dificultades de un sector con problemas estructurales y también por el contexto económico que vivimos con problemas coyunturales pero este reglamento sin ser perfecto es un paso hacia adelante decidido y en la buena dirección porque pese a que en la última época nos hemos dado cuenta todos de que no hay ningún mercado perfecto era muy necesario introducir en este tablero donde además estamos jugando con la seguridad alimentaria de la gente todos los elementos que pudiéramos de regulación y de protección a nuestros productores era muy necesario que permitiéramos la obligatoriedad de los contratos con un plazo mínimo y con un volumen máximo al menos como instrumento de defensa porque por supuesto nuestros productores no parten con la misma fortaleza negociadora ante la distribución los intermediarios o los recolectores quedan muchas cosas por hacer deberemos mejorar las redes de seguridad y hacerlas más ágiles y más efectivas deberemos apostar por vertebrar aún más el sector en la cadena de valor controlar que no haya reparto de cuotas especialmente en determinadas zonas o impulsar la política de calidad pero sin ninguna duda con nuestro voto positivo y con todo lo que queda por hacer hoy muchos ganaderos podrán ver que este parlamento ha defendido su derecho laboral más básico el de poder vivir con dignidad de las rentas de su trabajo 
es,en.20100615.5.2-072,offline,,84.9850625,5.953256802999022,0.0700506256967102,"Señor Presidente, la mejor muestra de ver la buena voluntad que tenemos son las mil enmiendas que estamos viendo desde la Comisión hasta el Pleno. Pero además de buena voluntad, yo creo que hemos de ser prácticos a la hora de etiquetar los alimentos, si no queremos conseguir el efecto contrario al que perseguimos, es decir, confundir al consumidor en vez de ayudarle a informarse. No se trata de ilustrar, sino de prevenir, de informarle de qué puede comer y en qué medida. Hay que etiquetar sobre grasas, sobre azúcares, sobre grasas trans, efectivamente, sobre aquello que afecta al colesterol, sobre todas aquellas sustancias que afectan a lo que hemos dicho a la obesidad, a la salud de las personas. Sí, pero algunos otros alimentos con algunas otras informaciones, como lugar de origen, cuando no lleve a confusión, o, por ejemplo, en una carne decir en lugar de nacimiento, lugar de paso, lugar de pasto, en lugar de sacrificio de la res, puede ilustrar mucho. Pero van a acabar confundiendo. De nosotros depende que seamos prácticos y que este Reglamento quede como el que va a armonizar y como el que va a informar a los consumidores, o, en caso contrario, con el que va a confundir más y va a imponer cuestiones que, lejos de conseguir mejores cotas de salud, van a conseguir mayores grados de confusión. Por eso pido, por ejemplo, que algunos optemos por la GDA, la cantidad de ingesta diaria en vez de los semáforos, porque es muy claro que si usted consume esta cantidad o el doble, va a ponerse gordo. Por tanto, consuma solo una cantidad de ingesta diaria frente a otro tipo de códigos, es lo que planteamos algunos, para no confundir más al consumidor.","Señor Presidente , la mejor muestra de la buena voluntad que tenemos son las mil enmiendas que estamos viendo desde la comisión hasta el Pleno . Pero , además de buena voluntad , yo creo que hemos de ser prácticos a la hora de etiquetar los alimentos , si no queremos conseguir el efecto contrario al que perseguimos , es decir , confundir al consumidor en vez de ayudarle a informarse .
No se trata de ilustrar , sino de prevenir , de informarle de qué puede comer y en qué medida . ¿ Hay que etiquetar sobre grasas , sobre azúcares , sobre grasas trans ? Efectivamente . ¿ Sobre aquello que afecta al colesterol , sobre todas aquellas sustancias que afectan a lo que hemos dicho : a la obesidad y a la salud de las personas ? Sí , pero algunos otros alimentos con algunas otras informaciones , como el lugar de origen , cuando no lleve a confusión , o , por ejemplo , en una carne decir el lugar de nacimiento , el lugar de paso , el lugar de pasto o el lugar de sacrificio de la res puede ilustrar mucho , pero va a acabar confundiendo .
De nosotros depende que seamos prácticos y que este Reglamento quede como el que va a armonizar e informar a los consumidores o , en caso contrario , como el que va a confundir más y va a imponer cuestiones que , lejos de conseguir mejores cotas de salud , van a conseguir mayores grados de confusión .
Por eso , señalo , por ejemplo , que algunos optamos por la GDA , la cantidad de ingesta diaria , en vez de los semáforos , porque es muy claro que si usted consume esta cantidad o el doble va a ponerse gordo , por tanto , consuma sólo una . Cantidad de ingesta diaria frente a otro tipo de códigos es lo que planteamos algunos para no confundir más al consumidor .
",señor presidente la mejor muestra de ver la buena voluntad que tenemos son las mil enmiendas que estamos viendo desde la comisión hasta el pleno pero además de buena voluntad yo creo que hemos de ser prácticos a la hora de etiquetar los alimentos si no queremos conseguir el efecto contrario al que perseguimos es decir confundir al consumidor en vez de ayudarle a informarse no se trata de ilustrar sino de prevenir de informarle de qué puede comer y en qué medida hay que etiquetar sobre grasas sobre azúcares sobre grasas trans efectivamente sobre aquello que afecta al colesterol sobre todas aquellas sustancias que afectan a lo que hemos dicho a la obesidad a la salud de las personas sí pero algunos otros alimentos con algunas otras informaciones como lugar de origen cuando no lleve a confusión o por ejemplo en una carne decir en lugar de nacimiento lugar de paso lugar de pasto en lugar de sacrificio de la res puede ilustrar mucho pero van a acabar confundiendo de nosotros depende que seamos prácticos y que este reglamento quede como el que va a armonizar y como el que va a informar a los consumidores o en caso contrario con el que va a confundir más y va a imponer cuestiones que lejos de conseguir mejores cotas de salud van a conseguir mayores grados de confusión por eso pido por ejemplo que algunos optemos por la gda la cantidad de ingesta diaria en vez de los semáforos porque es muy claro que si usted consume esta cantidad o el doble va a ponerse gordo por tanto consuma solo una cantidad de ingesta diaria frente a otro tipo de códigos es lo que planteamos algunos para no confundir más al consumidor ,señor presidente la mejor muestra de la buena voluntad que tenemos son las mil enmiendas que estamos viendo desde la comisión hasta el pleno pero además de buena voluntad yo creo que hemos de ser prácticos a la hora de etiquetar los alimentos si no queremos conseguir el efecto contrario al que perseguimos es decir confundir al consumidor en vez de ayudarle a informarse no se trata de ilustrar sino de prevenir de informarle de qué puede comer y en qué medida hay que etiquetar sobre grasas sobre azúcares sobre grasas trans efectivamente sobre aquello que afecta al colesterol sobre todas aquellas sustancias que afectan a lo que hemos dicho a la obesidad y a la salud de las personas sí pero algunos otros alimentos con algunas otras informaciones como el lugar de origen cuando no lleve a confusión o por ejemplo en una carne decir el lugar de nacimiento el lugar de paso el lugar de pasto o el lugar de sacrificio de la res puede ilustrar mucho pero va a acabar confundiendo de nosotros depende que seamos prácticos y que este reglamento quede como el que va a armonizar e informar a los consumidores o en caso contrario como el que va a confundir más y va a imponer cuestiones que lejos de conseguir mejores cotas de salud van a conseguir mayores grados de confusión por eso señalo por ejemplo que algunos optamos por la gda la cantidad de ingesta diaria en vez de los semáforos porque es muy claro que si usted consume esta cantidad o el doble va a ponerse gordo por tanto consuma sólo una cantidad de ingesta diaria frente a otro tipo de códigos es lo que planteamos algunos para no confundir más al consumidor 
es,en.20100615.5.2-072,streaming,,84.9850625,54.33968833099971,0.6394028165949717,"Gracias, señor Presidente. La mejor muestra de ver la buena voluntad que tenemos son las mil enmiendas que estamos viendo desde la Comisión hasta el Pleno, pero además de buena voluntad yo creo que hemos de ser prácticos a la hora de etiquetar los alimentos si no queremos conseguir el efecto contrario al que perseguimos, es decir, confundir al consumidor en vez de ayudarle a informarse. No se trata de ilustrar, sino de prevenir, de informarle de qué puede comer y en qué medida. Hay que etiquetar sobre grasas, sobre azúcares, sobre grasas trans, efectivamente, sobre aquello que afecta al colesterol, sobre todas aquellas sustancias que afectan a lo que hemos dicho a la obesidad, a la salud, a las personas. Sí, pero algunos otros alimentos con algunas otras informaciones, como lugar de origen, cuando no lleve a confusión, o, por ejemplo, en una carne decir en lugar de nacimiento, lugar de paso, lugar de pasto, en lugar de sacrificio de la res, puede ilustrar mucho. Pero van a acabar confundiendo. De nosotros depende que seamos prácticos y que este Reglamento quede como el que va a armonizar y como el que va a informar a los consumidores. O, en caso contrario, con el que va a confundir más y va a imponer cuestiones que, lejos de conseguir mejores cotas de salud, van a conseguir mayores grados de confusión. Por eso pido, por ejemplo, que algunos optemos por la GDA, la cantidad ingesta diaria, en vez de los semáforos, porque es muy claro que si usted consume esta cantidad o el doble va a ponerse gordo. Por tanto, consuma solo una cantidad ingesta diaria frente a otro tipo de códigos. Es lo que planteamos algunos. Para no confundir más al consumidor.","Señor Presidente , la mejor muestra de la buena voluntad que tenemos son las mil enmiendas que estamos viendo desde la comisión hasta el Pleno . Pero , además de buena voluntad , yo creo que hemos de ser prácticos a la hora de etiquetar los alimentos , si no queremos conseguir el efecto contrario al que perseguimos , es decir , confundir al consumidor en vez de ayudarle a informarse .
No se trata de ilustrar , sino de prevenir , de informarle de qué puede comer y en qué medida . ¿ Hay que etiquetar sobre grasas , sobre azúcares , sobre grasas trans ? Efectivamente . ¿ Sobre aquello que afecta al colesterol , sobre todas aquellas sustancias que afectan a lo que hemos dicho : a la obesidad y a la salud de las personas ? Sí , pero algunos otros alimentos con algunas otras informaciones , como el lugar de origen , cuando no lleve a confusión , o , por ejemplo , en una carne decir el lugar de nacimiento , el lugar de paso , el lugar de pasto o el lugar de sacrificio de la res puede ilustrar mucho , pero va a acabar confundiendo .
De nosotros depende que seamos prácticos y que este Reglamento quede como el que va a armonizar e informar a los consumidores o , en caso contrario , como el que va a confundir más y va a imponer cuestiones que , lejos de conseguir mejores cotas de salud , van a conseguir mayores grados de confusión .
Por eso , señalo , por ejemplo , que algunos optamos por la GDA , la cantidad de ingesta diaria , en vez de los semáforos , porque es muy claro que si usted consume esta cantidad o el doble va a ponerse gordo , por tanto , consuma sólo una . Cantidad de ingesta diaria frente a otro tipo de códigos es lo que planteamos algunos para no confundir más al consumidor .
",gracias señor presidente la mejor muestra de ver la buena voluntad que tenemos son las mil enmiendas que estamos viendo desde la comisión hasta el pleno pero además de buena voluntad yo creo que hemos de ser prácticos a la hora de etiquetar los alimentos si no queremos conseguir el efecto contrario al que perseguimos es decir confundir al consumidor en vez de ayudarle a informarse no se trata de ilustrar sino de prevenir de informarle de qué puede comer y en qué medida hay que etiquetar sobre grasas sobre azúcares sobre grasas trans efectivamente sobre aquello que afecta al colesterol sobre todas aquellas sustancias que afectan a lo que hemos dicho a la obesidad a la salud a las personas sí pero algunos otros alimentos con algunas otras informaciones como lugar de origen cuando no lleve a confusión o por ejemplo en una carne decir en lugar de nacimiento lugar de paso lugar de pasto en lugar de sacrificio de la res puede ilustrar mucho pero van a acabar confundiendo de nosotros depende que seamos prácticos y que este reglamento quede como el que va a armonizar y como el que va a informar a los consumidores o en caso contrario con el que va a confundir más y va a imponer cuestiones que lejos de conseguir mejores cotas de salud van a conseguir mayores grados de confusión por eso pido por ejemplo que algunos optemos por la gda la cantidad ingesta diaria en vez de los semáforos porque es muy claro que si usted consume esta cantidad o el doble va a ponerse gordo por tanto consuma solo una cantidad ingesta diaria frente a otro tipo de códigos es lo que planteamos algunos para no confundir más al consumidor ,señor presidente la mejor muestra de la buena voluntad que tenemos son las mil enmiendas que estamos viendo desde la comisión hasta el pleno pero además de buena voluntad yo creo que hemos de ser prácticos a la hora de etiquetar los alimentos si no queremos conseguir el efecto contrario al que perseguimos es decir confundir al consumidor en vez de ayudarle a informarse no se trata de ilustrar sino de prevenir de informarle de qué puede comer y en qué medida hay que etiquetar sobre grasas sobre azúcares sobre grasas trans efectivamente sobre aquello que afecta al colesterol sobre todas aquellas sustancias que afectan a lo que hemos dicho a la obesidad y a la salud de las personas sí pero algunos otros alimentos con algunas otras informaciones como el lugar de origen cuando no lleve a confusión o por ejemplo en una carne decir el lugar de nacimiento el lugar de paso el lugar de pasto o el lugar de sacrificio de la res puede ilustrar mucho pero va a acabar confundiendo de nosotros depende que seamos prácticos y que este reglamento quede como el que va a armonizar e informar a los consumidores o en caso contrario como el que va a confundir más y va a imponer cuestiones que lejos de conseguir mejores cotas de salud van a conseguir mayores grados de confusión por eso señalo por ejemplo que algunos optamos por la gda la cantidad de ingesta diaria en vez de los semáforos porque es muy claro que si usted consume esta cantidad o el doble va a ponerse gordo por tanto consuma sólo una cantidad de ingesta diaria frente a otro tipo de códigos es lo que planteamos algunos para no confundir más al consumidor 
es,en.20090421.18.2-127,offline,,78.0190625,3.6058167699993646,0.046217125077597086,"Señor Presidente, cuando el mercado no funciona hay que intervenir. Hemos vuelto a romper un tabú: el mercado libre no es sagrado, y menos aún en tiempos de crisis cuando el bolsillo del consumidor europeo sufre más que nunca. Con este acuerdo de establecer unos límites a los abusivos precios de llamadas y SMS romen, gana el consumidor, gana la comunicación entre los países europeos y gana la Europa útil y positiva. El recibo de teléfono de millones de europeos podría bajar o, al contrario, al costar solo once céntimos el SMS, uno puede estar tecleando todo el día y podría acabar gastando igual. Especialmente positivas son las medidas de transparencia que consigue unos cobros por segundo a partir de los treinta segundos. Los precios máximos para SMS y para datos podían haber sido algo más bajos, pero en aras de un acuerdo hemos llegado a este compromiso. Gracias, Comisaria Reding, gracias, señora Valian, gracias a los ponentes de todos los grupos porque hemos dado un ejemplo feliz de la acción de la Unión Europea durante estos tiempos de crisis. Gracias.",".
Señor Presidente , cuando el mercado no funciona hay que intervenir . Hemos vuelto a romper un tabú : el mercado libre no es sagrado y , menos aún en tiempos de crisis , cuando el bolsillo del consumidor europeo sufre más que nunca .
Con este acuerdo destinado a establecer unos límites a los abusivos precios de las llamadas y de los SMS en « roaming » , gana el consumidor , gana la comunicación entre los países europeos y gana la Europa útil y positiva .
La factura de teléfono de millones de europeos podría bajar o , al contrario , al costar solo 11 céntimos el SMS , uno podría estar tecleando todo el día y acabar gastando igual .
Especialmente positivas son las medidas de transferencia que consiguen unos cobros por segundo a partir de los treinta segundos . Los precios máximos para los SMS y para el envío de datos podían haber sido algo más bajos , pero , en aras de un acuerdo , hemos llegado a esta transacción .
Gracias Comisaria Reding , gracias señora Vălean , gracias a los ponentes de todos los grupos , porque hemos dado un ejemplo feliz de la acción de la Unión Europea durante estos tiempos de crisis .
",señor presidente cuando el mercado no funciona hay que intervenir hemos vuelto a romper un tabú el mercado libre no es sagrado y menos aún en tiempos de crisis cuando el bolsillo del consumidor europeo sufre más que nunca con este acuerdo de establecer unos límites a los abusivos precios de llamadas y sms romen gana el consumidor gana la comunicación entre los países europeos y gana la europa útil y positiva el recibo de teléfono de millones de europeos podría bajar o al contrario al costar solo once céntimos el sms uno puede estar tecleando todo el día y podría acabar gastando igual especialmente positivas son las medidas de transparencia que consigue unos cobros por segundo a partir de los treinta segundos los precios máximos para sms y para datos podían haber sido algo más bajos pero en aras de un acuerdo hemos llegado a este compromiso gracias comisaria reding gracias señora valian gracias a los ponentes de todos los grupos porque hemos dado un ejemplo feliz de la acción de la unión europea durante estos tiempos de crisis gracias , señor presidente cuando el mercado no funciona hay que intervenir hemos vuelto a romper un tabú el mercado libre no es sagrado y menos aún en tiempos de crisis cuando el bolsillo del consumidor europeo sufre más que nunca con este acuerdo destinado a establecer unos límites a los abusivos precios de las llamadas y de los sms en roaming gana el consumidor gana la comunicación entre los países europeos y gana la europa útil y positiva la factura de teléfono de millones de europeos podría bajar o al contrario al costar solo 11 céntimos el sms uno podría estar tecleando todo el día y acabar gastando igual especialmente positivas son las medidas de transferencia que consiguen unos cobros por segundo a partir de los treinta segundos los precios máximos para los sms y para el envío de datos podían haber sido algo más bajos pero en aras de un acuerdo hemos llegado a esta transacción gracias comisaria reding gracias señora vălean gracias a los ponentes de todos los grupos porque hemos dado un ejemplo feliz de la acción de la unión europea durante estos tiempos de crisis 
es,en.20090421.18.2-127,streaming,,78.0190625,40.863408282999444,0.5237618470870429,"Señor Presidente, cuando el mercado no funciona, hay que intervenir. Hemos vuelto a romper un tabú: el mercado libre no es sagrado, y menos aún en tiempos de crisis, cuando el bolsillo del consumidor europeo sufre más que nunca. Con este acuerdo, establecer unos límites a los abusivos precios de llamadas y SMS roaming, gana el consumidor, gana la comunicación entre los países europeos y gana la Europa útil y positiva. El recibo de teléfono de millones de europeos podría bajar, o, al contrario, al costar solo once céntimos el SMS, uno puede estar tecleando todo el día y podría acabar gastando igual. Especialmente positivas son las medidas de transparencia y de rendición de cuentas que consigue. Unos cobros por segundo a partir de los treinta segundos. Los precios máximos para SMS y para datos podían haber sido algo más bajos, pero en aras de un acuerdo hemos llegado a este compromiso. Gracias, Comisaria Reding. Gracias, señora Valian. Gracias a los ponentes de todos los grupos porque hemos dado un ejemplo feliz de la acción de la Unión Europea durante estos tiempos de crisis. Gracias.",".
Señor Presidente , cuando el mercado no funciona hay que intervenir . Hemos vuelto a romper un tabú : el mercado libre no es sagrado y , menos aún en tiempos de crisis , cuando el bolsillo del consumidor europeo sufre más que nunca .
Con este acuerdo destinado a establecer unos límites a los abusivos precios de las llamadas y de los SMS en « roaming » , gana el consumidor , gana la comunicación entre los países europeos y gana la Europa útil y positiva .
La factura de teléfono de millones de europeos podría bajar o , al contrario , al costar solo 11 céntimos el SMS , uno podría estar tecleando todo el día y acabar gastando igual .
Especialmente positivas son las medidas de transferencia que consiguen unos cobros por segundo a partir de los treinta segundos . Los precios máximos para los SMS y para el envío de datos podían haber sido algo más bajos , pero , en aras de un acuerdo , hemos llegado a esta transacción .
Gracias Comisaria Reding , gracias señora Vălean , gracias a los ponentes de todos los grupos , porque hemos dado un ejemplo feliz de la acción de la Unión Europea durante estos tiempos de crisis .
",señor presidente cuando el mercado no funciona hay que intervenir hemos vuelto a romper un tabú el mercado libre no es sagrado y menos aún en tiempos de crisis cuando el bolsillo del consumidor europeo sufre más que nunca con este acuerdo establecer unos límites a los abusivos precios de llamadas y sms roaming gana el consumidor gana la comunicación entre los países europeos y gana la europa útil y positiva el recibo de teléfono de millones de europeos podría bajar o al contrario al costar solo once céntimos el sms uno puede estar tecleando todo el día y podría acabar gastando igual especialmente positivas son las medidas de transparencia y de rendición de cuentas que consigue unos cobros por segundo a partir de los treinta segundos los precios máximos para sms y para datos podían haber sido algo más bajos pero en aras de un acuerdo hemos llegado a este compromiso gracias comisaria reding gracias señora valian gracias a los ponentes de todos los grupos porque hemos dado un ejemplo feliz de la acción de la unión europea durante estos tiempos de crisis gracias , señor presidente cuando el mercado no funciona hay que intervenir hemos vuelto a romper un tabú el mercado libre no es sagrado y menos aún en tiempos de crisis cuando el bolsillo del consumidor europeo sufre más que nunca con este acuerdo destinado a establecer unos límites a los abusivos precios de las llamadas y de los sms en roaming gana el consumidor gana la comunicación entre los países europeos y gana la europa útil y positiva la factura de teléfono de millones de europeos podría bajar o al contrario al costar solo 11 céntimos el sms uno podría estar tecleando todo el día y acabar gastando igual especialmente positivas son las medidas de transferencia que consiguen unos cobros por segundo a partir de los treinta segundos los precios máximos para los sms y para el envío de datos podían haber sido algo más bajos pero en aras de un acuerdo hemos llegado a esta transacción gracias comisaria reding gracias señora vălean gracias a los ponentes de todos los grupos porque hemos dado un ejemplo feliz de la acción de la unión europea durante estos tiempos de crisis 
es,en.20081118.4.2-057,offline,,75.9989375,4.403615175000596,0.05794311499421417,"Gracias, señor Presidente. En primer lugar, sumarme a la felicitación del señor ponente, el señor Capula Santos, por su magnífico trabajo. Creo que ha encontrado equilibrio y moderación en su informe. Creo que lo importante a estas alturas del debate es mandar un mensaje de estabilidad para nuestros agricultores. Los agricultores europeos necesitan más que nunca estabilidad y soluciones. Es necesario periodos transitorios suficientes, así como mantener medidas específicas que sean necesarias para sectores en dificultad. Señora Comisaria, no valen las mismas soluciones para todos los sectores y hay que recordar que tenemos sectores que están atravesando verdaderas dificultades. La política agraria común no tiene que ser el problema, sino la solución, y para ello necesitamos un primer pilar fuerte. Creemos y apostamos por el desarrollo rural, pero no creemos que la modulación propuesta por la Comisión sea la solución. No se trata de fortalecer el desarrollo rural en detrimento del primer pilar. Estamos de acuerdo en que hay que simplificar el régimen de pago único, en revisar los instrumentos de mercado, pero eso no significa desmantelarlos. Si lo hacemos bien, estaremos poniendo las bases para una política agraria común más allá del 2013. Si no, estaremos acabando con la actividad de muchos agricultores europeos. Gracias.","Señor Presidente , en primer lugar , quería sumarme a la felicitación al ponente , el señor Capoulas Santos , por su magnífico trabajo . Creo que ha encontrado equilibrio y moderación en su informe .
Creo que lo importante , a estas alturas del debate , es mandar un mensaje de estabilidad a nuestros agricultores . Los agricultores europeos necesitan más que nunca estabilidad y soluciones . Son necesarios períodos transitorios suficientes , así como mantener medidas específicas que sean necesarias para sectores en dificultad .
Señora Comisaria , no valen las mismas soluciones para todos los sectores . Hay que recordar que tenemos sectores que están atravesando verdaderas dificultades . La Política Agrícola Común no tiene que ser el problema , sino la solución , y para ello necesitamos un primer pilar fuerte .
Creemos en el desarrollo rural y apostamos por él , pero no creemos que la modulación propuesta por la Comisión sea la solución . No se trata de fortalecer el desarrollo rural en detrimento del primer pilar . Estamos de acuerdo en que hay que simplificar el régimen de pago único , en revisar los instrumentos de mercado . Pero eso no significa desmantelarlos .
Si lo hacemos bien , estaremos poniendo las bases para una Política Agrícola Común más allá de 2013 ; si no , estaremos acabando con la actividad de muchos agricultores europeos .
",gracias señor presidente en primer lugar sumarme a la felicitación del señor ponente el señor capula santos por su magnífico trabajo creo que ha encontrado equilibrio y moderación en su informe creo que lo importante a estas alturas del debate es mandar un mensaje de estabilidad para nuestros agricultores los agricultores europeos necesitan más que nunca estabilidad y soluciones es necesario periodos transitorios suficientes así como mantener medidas específicas que sean necesarias para sectores en dificultad señora comisaria no valen las mismas soluciones para todos los sectores y hay que recordar que tenemos sectores que están atravesando verdaderas dificultades la política agraria común no tiene que ser el problema sino la solución y para ello necesitamos un primer pilar fuerte creemos y apostamos por el desarrollo rural pero no creemos que la modulación propuesta por la comisión sea la solución no se trata de fortalecer el desarrollo rural en detrimento del primer pilar estamos de acuerdo en que hay que simplificar el régimen de pago único en revisar los instrumentos de mercado pero eso no significa desmantelarlos si lo hacemos bien estaremos poniendo las bases para una política agraria común más allá del 2013 si no estaremos acabando con la actividad de muchos agricultores europeos gracias ,señor presidente en primer lugar quería sumarme a la felicitación al ponente el señor capoulas santos por su magnífico trabajo creo que ha encontrado equilibrio y moderación en su informe creo que lo importante a estas alturas del debate es mandar un mensaje de estabilidad a nuestros agricultores los agricultores europeos necesitan más que nunca estabilidad y soluciones son necesarios períodos transitorios suficientes así como mantener medidas específicas que sean necesarias para sectores en dificultad señora comisaria no valen las mismas soluciones para todos los sectores hay que recordar que tenemos sectores que están atravesando verdaderas dificultades la política agrícola común no tiene que ser el problema sino la solución y para ello necesitamos un primer pilar fuerte creemos en el desarrollo rural y apostamos por él pero no creemos que la modulación propuesta por la comisión sea la solución no se trata de fortalecer el desarrollo rural en detrimento del primer pilar estamos de acuerdo en que hay que simplificar el régimen de pago único en revisar los instrumentos de mercado pero eso no significa desmantelarlos si lo hacemos bien estaremos poniendo las bases para una política agrícola común más allá de 2013 si no estaremos acabando con la actividad de muchos agricultores europeos 
es,en.20081118.4.2-057,streaming,,75.9989375,42.92751802900057,0.5648436602024939,"Gracias, señor Presidente. En primer lugar, sumáme a la felicitación del señor ponente, el señor Capula Santos, por su magnífico trabajo. Creo que ha encontrado equilibrio y moderación en su informe. Creo que lo importante a estas alturas del debate es mandar un mensaje de estabilidad para nuestros agricultores. Los agricultores europeos necesitan más que nunca estabilidad y soluciones. Es necesario períodos transitorios suficientes, así como mantener medidas específicas que sean necesarias para sectores en dificultad. Señora Comisaria, no valen las mismas soluciones para todos los sectores y hay que recordar que tenemos sectores que están atravesando verdaderas dificultades. La política agraria común no tiene que ser el problema, sino la solución, y para ello necesitamos un primer pilar fuerte. Creemos y apostamos por el desarrollo rural, pero no creemos que la modulación propuesta por la Comisión sea la solución. No se trata de fortalecer el desarrollo rural en detrimento del primer pilar. Estamos de acuerdo en que hay que simplificar el régimen de pago único, en revisar los instrumentos de mercado, pero eso no significa desmantelarlos. Si lo hacemos bien, estaremos poniendo las bases para una política agraria común más allá del 2013. Si no, estaremos acabando con la actividad de muchos agricultores europeos. Gracias.","Señor Presidente , en primer lugar , quería sumarme a la felicitación al ponente , el señor Capoulas Santos , por su magnífico trabajo . Creo que ha encontrado equilibrio y moderación en su informe .
Creo que lo importante , a estas alturas del debate , es mandar un mensaje de estabilidad a nuestros agricultores . Los agricultores europeos necesitan más que nunca estabilidad y soluciones . Son necesarios períodos transitorios suficientes , así como mantener medidas específicas que sean necesarias para sectores en dificultad .
Señora Comisaria , no valen las mismas soluciones para todos los sectores . Hay que recordar que tenemos sectores que están atravesando verdaderas dificultades . La Política Agrícola Común no tiene que ser el problema , sino la solución , y para ello necesitamos un primer pilar fuerte .
Creemos en el desarrollo rural y apostamos por él , pero no creemos que la modulación propuesta por la Comisión sea la solución . No se trata de fortalecer el desarrollo rural en detrimento del primer pilar . Estamos de acuerdo en que hay que simplificar el régimen de pago único , en revisar los instrumentos de mercado . Pero eso no significa desmantelarlos .
Si lo hacemos bien , estaremos poniendo las bases para una Política Agrícola Común más allá de 2013 ; si no , estaremos acabando con la actividad de muchos agricultores europeos .
",gracias señor presidente en primer lugar sumáme a la felicitación del señor ponente el señor capula santos por su magnífico trabajo creo que ha encontrado equilibrio y moderación en su informe creo que lo importante a estas alturas del debate es mandar un mensaje de estabilidad para nuestros agricultores los agricultores europeos necesitan más que nunca estabilidad y soluciones es necesario períodos transitorios suficientes así como mantener medidas específicas que sean necesarias para sectores en dificultad señora comisaria no valen las mismas soluciones para todos los sectores y hay que recordar que tenemos sectores que están atravesando verdaderas dificultades la política agraria común no tiene que ser el problema sino la solución y para ello necesitamos un primer pilar fuerte creemos y apostamos por el desarrollo rural pero no creemos que la modulación propuesta por la comisión sea la solución no se trata de fortalecer el desarrollo rural en detrimento del primer pilar estamos de acuerdo en que hay que simplificar el régimen de pago único en revisar los instrumentos de mercado pero eso no significa desmantelarlos si lo hacemos bien estaremos poniendo las bases para una política agraria común más allá del 2013 si no estaremos acabando con la actividad de muchos agricultores europeos gracias ,señor presidente en primer lugar quería sumarme a la felicitación al ponente el señor capoulas santos por su magnífico trabajo creo que ha encontrado equilibrio y moderación en su informe creo que lo importante a estas alturas del debate es mandar un mensaje de estabilidad a nuestros agricultores los agricultores europeos necesitan más que nunca estabilidad y soluciones son necesarios períodos transitorios suficientes así como mantener medidas específicas que sean necesarias para sectores en dificultad señora comisaria no valen las mismas soluciones para todos los sectores hay que recordar que tenemos sectores que están atravesando verdaderas dificultades la política agrícola común no tiene que ser el problema sino la solución y para ello necesitamos un primer pilar fuerte creemos en el desarrollo rural y apostamos por él pero no creemos que la modulación propuesta por la comisión sea la solución no se trata de fortalecer el desarrollo rural en detrimento del primer pilar estamos de acuerdo en que hay que simplificar el régimen de pago único en revisar los instrumentos de mercado pero eso no significa desmantelarlos si lo hacemos bien estaremos poniendo las bases para una política agrícola común más allá de 2013 si no estaremos acabando con la actividad de muchos agricultores europeos 
es,en.20111114.20.1-233-000,offline,,82.0129375,3.6632222770003864,0.044666395189178365,"Muy bien, señora Presidente. Nos encontramos ante un tema extremadamente sensible. Por un lado, debemos tener en cuenta las tradiciones culturales y la importante contribución sostenible en algunos Estados como el mío del juego a la sociedad a través de la educación, la cultura y el deporte. Y por otro lado, debemos luchar contra la criminalidad ligada a los juegos de azar y proteger a los consumidores, especialmente a los más vulnerables, para evitar el juego excesivo o patológico. Por ello, creo que en este ámbito debe prevalecer el principio de subsidiariedad activa basado en la cooperación entre las administraciones nacionales. No obstante, debemos ser ambiciosos y apostar por el desarrollo de normas comunes y la actuación conjunta coordinada contra los operadores de juegos de azar en línea irregulares que funcionan sin las necesarias licencias nacionales. Asimismo, debemos garantizar la transparencia y hacer posible una competencia no discriminatoria que persiga el interés público y la protección del consumidor. Por último, debemos impulsar la formación de una red de organizaciones nacionales que se ocupen de los adictos al juego para hacer posible un intercambio de experiencia y prácticas acreditadas. Muchas gracias.","Señor Presidente , Señorías , nos encontramos ante un tema extremadamente sensible . Por un lado , debemos tener en cuenta las tradiciones culturales y la importante contribución sostenible en algunos Estados , como el mío , del juego a la sociedad , a través de la educación , la cultura y el deporte .
Y por otro lado , debemos luchar contra la criminalidad ligada a los juegos de azar y proteger a los consumidores , especialmente a los más vulnerables , para evitar el juego excesivo o patológico . Por ello , creo que en este ámbito debe prevalecer el principio de subsidiariedad activa basado en la cooperación entre las administraciones nacionales .
No obstante , debemos ser ambiciosos y apostar por el desarrollo de normas comunes y la actuación conjunta coordinada contra los operadores de juegos de azar en línea irregulares , que funcionan sin las necesarias licencias nacionales . Asimismo , debemos garantizar la transparencia y hacer posible una competencia no discriminatoria que persiga el interés público y la protección del consumidor .
Por último , debemos impulsar la formación de una red de organizaciones nacionales que se ocupe de los adictos al juego para hacer posible un intercambio de experiencias y prácticas acreditadas .
",muy bien señora presidente nos encontramos ante un tema extremadamente sensible por un lado debemos tener en cuenta las tradiciones culturales y la importante contribución sostenible en algunos estados como el mío del juego a la sociedad a través de la educación la cultura y el deporte y por otro lado debemos luchar contra la criminalidad ligada a los juegos de azar y proteger a los consumidores especialmente a los más vulnerables para evitar el juego excesivo o patológico por ello creo que en este ámbito debe prevalecer el principio de subsidiariedad activa basado en la cooperación entre las administraciones nacionales no obstante debemos ser ambiciosos y apostar por el desarrollo de normas comunes y la actuación conjunta coordinada contra los operadores de juegos de azar en línea irregulares que funcionan sin las necesarias licencias nacionales asimismo debemos garantizar la transparencia y hacer posible una competencia no discriminatoria que persiga el interés público y la protección del consumidor por último debemos impulsar la formación de una red de organizaciones nacionales que se ocupen de los adictos al juego para hacer posible un intercambio de experiencia y prácticas acreditadas muchas gracias ,señor presidente señorías nos encontramos ante un tema extremadamente sensible por un lado debemos tener en cuenta las tradiciones culturales y la importante contribución sostenible en algunos estados como el mío del juego a la sociedad a través de la educación la cultura y el deporte y por otro lado debemos luchar contra la criminalidad ligada a los juegos de azar y proteger a los consumidores especialmente a los más vulnerables para evitar el juego excesivo o patológico por ello creo que en este ámbito debe prevalecer el principio de subsidiariedad activa basado en la cooperación entre las administraciones nacionales no obstante debemos ser ambiciosos y apostar por el desarrollo de normas comunes y la actuación conjunta coordinada contra los operadores de juegos de azar en línea irregulares que funcionan sin las necesarias licencias nacionales asimismo debemos garantizar la transparencia y hacer posible una competencia no discriminatoria que persiga el interés público y la protección del consumidor por último debemos impulsar la formación de una red de organizaciones nacionales que se ocupe de los adictos al juego para hacer posible un intercambio de experiencias y prácticas acreditadas 
es,en.20111114.20.1-233-000,streaming,,82.0129375,47.640639044000636,0.5808917531334691,"Méndez Pérez. Muchas gracias, Presidente. Señorías, nos encontramos ante un tema extremadamente sensible. Por un lado, debemos tener en cuenta las tradiciones culturales y la importante contribución de los pueblos indígenas en la conservación de los recursos naturales, en algunos Estados como el mío, del juego a la sociedad a través de la educación, la cultura y el deporte. Y por otro lado, debemos luchar contra la criminalidad ligada a los juegos de azar y proteger a los consumidores, especialmente a los más vulnerables, para evitar el juego excesivo o patológico. Por ello, creo que en este ámbito debe prevalecer el principio de subsidiariedad activa, basado en la cooperación entre las administraciones nacionales. No obstante, debemos ser ambiciosos y apostar por el desarrollo de normas comunes y la actuación conjunta coordinada contra los operadores de juegos de azar en línea irregulares que funcionan sin las necesarias licencias nacionales. Asimismo, debemos garantizar la transparencia y hacer posible una competencia no discriminatoria que persiga el interés público y la protección del consumidor. Por último, debemos impulsar la formación de una red de organizaciones nacionales que se ocupen de los adictos al juego para hacer posible un intercambio de experiencia y prácticas acreditadas. Muchas gracias.","Señor Presidente , Señorías , nos encontramos ante un tema extremadamente sensible . Por un lado , debemos tener en cuenta las tradiciones culturales y la importante contribución sostenible en algunos Estados , como el mío , del juego a la sociedad , a través de la educación , la cultura y el deporte .
Y por otro lado , debemos luchar contra la criminalidad ligada a los juegos de azar y proteger a los consumidores , especialmente a los más vulnerables , para evitar el juego excesivo o patológico . Por ello , creo que en este ámbito debe prevalecer el principio de subsidiariedad activa basado en la cooperación entre las administraciones nacionales .
No obstante , debemos ser ambiciosos y apostar por el desarrollo de normas comunes y la actuación conjunta coordinada contra los operadores de juegos de azar en línea irregulares , que funcionan sin las necesarias licencias nacionales . Asimismo , debemos garantizar la transparencia y hacer posible una competencia no discriminatoria que persiga el interés público y la protección del consumidor .
Por último , debemos impulsar la formación de una red de organizaciones nacionales que se ocupe de los adictos al juego para hacer posible un intercambio de experiencias y prácticas acreditadas .
",méndez pérez muchas gracias presidente señorías nos encontramos ante un tema extremadamente sensible por un lado debemos tener en cuenta las tradiciones culturales y la importante contribución de los pueblos indígenas en la conservación de los recursos naturales en algunos estados como el mío del juego a la sociedad a través de la educación la cultura y el deporte y por otro lado debemos luchar contra la criminalidad ligada a los juegos de azar y proteger a los consumidores especialmente a los más vulnerables para evitar el juego excesivo o patológico por ello creo que en este ámbito debe prevalecer el principio de subsidiariedad activa basado en la cooperación entre las administraciones nacionales no obstante debemos ser ambiciosos y apostar por el desarrollo de normas comunes y la actuación conjunta coordinada contra los operadores de juegos de azar en línea irregulares que funcionan sin las necesarias licencias nacionales asimismo debemos garantizar la transparencia y hacer posible una competencia no discriminatoria que persiga el interés público y la protección del consumidor por último debemos impulsar la formación de una red de organizaciones nacionales que se ocupen de los adictos al juego para hacer posible un intercambio de experiencia y prácticas acreditadas muchas gracias ,señor presidente señorías nos encontramos ante un tema extremadamente sensible por un lado debemos tener en cuenta las tradiciones culturales y la importante contribución sostenible en algunos estados como el mío del juego a la sociedad a través de la educación la cultura y el deporte y por otro lado debemos luchar contra la criminalidad ligada a los juegos de azar y proteger a los consumidores especialmente a los más vulnerables para evitar el juego excesivo o patológico por ello creo que en este ámbito debe prevalecer el principio de subsidiariedad activa basado en la cooperación entre las administraciones nacionales no obstante debemos ser ambiciosos y apostar por el desarrollo de normas comunes y la actuación conjunta coordinada contra los operadores de juegos de azar en línea irregulares que funcionan sin las necesarias licencias nacionales asimismo debemos garantizar la transparencia y hacer posible una competencia no discriminatoria que persiga el interés público y la protección del consumidor por último debemos impulsar la formación de una red de organizaciones nacionales que se ocupe de los adictos al juego para hacer posible un intercambio de experiencias y prácticas acreditadas 
es,en.20081216.39.2-422,offline,,78.0190625,3.6486755709993304,0.04676646263212058,"Señor Presidente, esta era una buena propuesta tal y como salió de la Comisión, no solamente por las reducciones de azufre, sino también por su nuevo artículo 7 bis que exigía a los proveedores una reducción gradual de las emisiones de gases de efecto invernadero y porque resolvía el viejo problema de la presión de vapor para las mezclas de las gasolinas con biocarbón en países como el mío de veranos cálidos. Precisamente esto no pasó el filtro del voto en la Comisión de Medio Ambiente y esto nos preocupaba muchos. Hoy tenemos un acuerdo encima de la mesa que suaviza la aplicación del artículo 7 bis y que retoma el waiver de la presión de vapor endureciendo, por supuesto, las condiciones para acceder a la excepción y que, como en el resto de este paquete clima, el acuerdo no satisface a todos al 100 %, pero sin embargo es asumible para todos. Quiero agradecer a la señora Corbey por su excelente trabajo, por la receptividad que ha tenido para solucionar problemas, también al señor Turmes y, por supuesto, a la Presidencia francesa que aquí también han hecho un gran alarde de efectividad. Muchas gracias.","Señor Presidente , señor Comisario , ésta era una buena propuesta tal y como salió de la Comisión , no solamente por las reducciones de azufre sino también por su nuevo artículo 7
que exigía de los proveedores una reducción gradual de las emisiones de gases de efecto invernadero , y porque resolvía el viejo problema de la presión de vapor para las mezclas de las gasolinas con bioalcohol en países como el mío , de veranos cálidos .
Precisamente esto no pasó el filtro de la votación en la Comisión de Medio Ambiente y esto nos preocupaba a muchos .
Hoy tenemos un acuerdo encima de la mesa que suaviza la aplicación del artículo 7
y que retoma el
de la presión de vapor endureciendo , por supuesto , las condiciones para acceder a la excepción y que , como el resto de este paquete sobre el clima , no satisface a todos al 100 % pero , sin embargo , es asumible por todos .
Quiero agradecer a la señora Corbey su excelente trabajo y la receptividad que ha tenido para solucionar problemas , y también dar las gracias al señor Turmes y , por supuesto , a la Presidencia francesa , que aquí también han hecho un gran alarde de efectividad .
",señor presidente esta era una buena propuesta tal y como salió de la comisión no solamente por las reducciones de azufre sino también por su nuevo artículo 7 bis que exigía a los proveedores una reducción gradual de las emisiones de gases de efecto invernadero y porque resolvía el viejo problema de la presión de vapor para las mezclas de las gasolinas con biocarbón en países como el mío de veranos cálidos precisamente esto no pasó el filtro del voto en la comisión de medio ambiente y esto nos preocupaba muchos hoy tenemos un acuerdo encima de la mesa que suaviza la aplicación del artículo 7 bis y que retoma el waiver de la presión de vapor endureciendo por supuesto las condiciones para acceder a la excepción y que como en el resto de este paquete clima el acuerdo no satisface a todos al 100 pero sin embargo es asumible para todos quiero agradecer a la señora corbey por su excelente trabajo por la receptividad que ha tenido para solucionar problemas también al señor turmes y por supuesto a la presidencia francesa que aquí también han hecho un gran alarde de efectividad muchas gracias ,señor presidente señor comisario ésta era una buena propuesta tal y como salió de la comisión no solamente por las reducciones de azufre sino también por su nuevo artículo 7 que exigía de los proveedores una reducción gradual de las emisiones de gases de efecto invernadero y porque resolvía el viejo problema de la presión de vapor para las mezclas de las gasolinas con bioalcohol en países como el mío de veranos cálidos precisamente esto no pasó el filtro de la votación en la comisión de medio ambiente y esto nos preocupaba a muchos hoy tenemos un acuerdo encima de la mesa que suaviza la aplicación del artículo 7 y que retoma el de la presión de vapor endureciendo por supuesto las condiciones para acceder a la excepción y que como el resto de este paquete sobre el clima no satisface a todos al 100 pero sin embargo es asumible por todos quiero agradecer a la señora corbey su excelente trabajo y la receptividad que ha tenido para solucionar problemas y también dar las gracias al señor turmes y por supuesto a la presidencia francesa que aquí también han hecho un gran alarde de efectividad 
es,en.20081216.39.2-422,streaming,,78.0190625,44.01098943800025,0.5641055919891405,gracias presidente señor comisario esta era una buena propuesta tal y como salió de la comisión no solamente por las reducciones de azufre sino también por su nuevo artículo 7 bis que exige a los proveedores una reducción gradual de las emisiones de gases de efecto invernadero y porque resolvía el viejo problema de la presión de vapor para las mezclas de las gasolinas con biocarbón en países como el mío de veranos cálidos precisamente esto no pasó el filtro del voto en la comisión de medio ambiente y esto nos preocupaba muchos hoy tenemos un acuerdo encima de la mesa que suaviza la aplicación del artículo 7 bis y que retoma el waiver de la presión de vapor endureciendo por supuesto las condiciones para acceder a la excepción y que como en el resto de este paquete clima el acuerdo no satisface a todos al 100% pero sin embargo es asumible para todos quiero agradecer a la señora Corbey por su excelente trabajo por la receptividad que ha tenido para solucionar problemas también al señor Turmes y por supuesto a la presidencia francesa que aquí también han hecho un gran alarde de efectividad muchas gracias,"Señor Presidente , señor Comisario , ésta era una buena propuesta tal y como salió de la Comisión , no solamente por las reducciones de azufre sino también por su nuevo artículo 7
que exigía de los proveedores una reducción gradual de las emisiones de gases de efecto invernadero , y porque resolvía el viejo problema de la presión de vapor para las mezclas de las gasolinas con bioalcohol en países como el mío , de veranos cálidos .
Precisamente esto no pasó el filtro de la votación en la Comisión de Medio Ambiente y esto nos preocupaba a muchos .
Hoy tenemos un acuerdo encima de la mesa que suaviza la aplicación del artículo 7
y que retoma el
de la presión de vapor endureciendo , por supuesto , las condiciones para acceder a la excepción y que , como el resto de este paquete sobre el clima , no satisface a todos al 100 % pero , sin embargo , es asumible por todos .
Quiero agradecer a la señora Corbey su excelente trabajo y la receptividad que ha tenido para solucionar problemas , y también dar las gracias al señor Turmes y , por supuesto , a la Presidencia francesa , que aquí también han hecho un gran alarde de efectividad .
",gracias presidente señor comisario esta era una buena propuesta tal y como salió de la comisión no solamente por las reducciones de azufre sino también por su nuevo artículo 7 bis que exige a los proveedores una reducción gradual de las emisiones de gases de efecto invernadero y porque resolvía el viejo problema de la presión de vapor para las mezclas de las gasolinas con biocarbón en países como el mío de veranos cálidos precisamente esto no pasó el filtro del voto en la comisión de medio ambiente y esto nos preocupaba muchos hoy tenemos un acuerdo encima de la mesa que suaviza la aplicación del artículo 7 bis y que retoma el waiver de la presión de vapor endureciendo por supuesto las condiciones para acceder a la excepción y que como en el resto de este paquete clima el acuerdo no satisface a todos al 100 pero sin embargo es asumible para todos quiero agradecer a la señora corbey por su excelente trabajo por la receptividad que ha tenido para solucionar problemas también al señor turmes y por supuesto a la presidencia francesa que aquí también han hecho un gran alarde de efectividad muchas gracias,señor presidente señor comisario ésta era una buena propuesta tal y como salió de la comisión no solamente por las reducciones de azufre sino también por su nuevo artículo 7 que exigía de los proveedores una reducción gradual de las emisiones de gases de efecto invernadero y porque resolvía el viejo problema de la presión de vapor para las mezclas de las gasolinas con bioalcohol en países como el mío de veranos cálidos precisamente esto no pasó el filtro de la votación en la comisión de medio ambiente y esto nos preocupaba a muchos hoy tenemos un acuerdo encima de la mesa que suaviza la aplicación del artículo 7 y que retoma el de la presión de vapor endureciendo por supuesto las condiciones para acceder a la excepción y que como el resto de este paquete sobre el clima no satisface a todos al 100 pero sin embargo es asumible por todos quiero agradecer a la señora corbey su excelente trabajo y la receptividad que ha tenido para solucionar problemas y también dar las gracias al señor turmes y por supuesto a la presidencia francesa que aquí también han hecho un gran alarde de efectividad 
es,en.20081020.15.1-139,offline,,61.9973125,3.962291734000246,0.06391070151629953,"Gracias, señor Presidente, señor Comisario. El terrorismo es un fenómeno global y la actuación de la delincuencia grave organizada también, y por tanto los medios tienen que ser proporcionales y tienen que lucharse con eficacia. Yo he tomado buena nota de las respuestas que ha dado a las preguntas que eran oportunas. Es verdad que hay que exigir garantías, es verdad que es un tema delicado, pero no es menos cierto que es absolutamente inexcusable montar, formar una respuesta globalizada y armonizada. Para algunos que el terrorismo les pilla un poco lejos, les preocupa más las garantías individuales. A mí me preocupan las individuales y las colectivas, y es absolutamente necesario que empecemos por donde podamos. Si hemos empezado por el transporte aéreo, donde ya las compañías tienen esos datos, empecemos por ahí. Exijamos garantías, veamos cuál es el ámbito de aplicación, empecemos por las relaciones de los transportes internacionales y ojo, tendremos que seguir por las interiores porque los terroristas muchas veces no vienen de fuera sino que vienen de dentro, que se lo preguntan a Estados Unidos y eso preguntan a los demás que así es y así tendremos que plantearlo.","Señor Presidente , señor Comisario , el terrorismo es un fenómeno global y la actuación de la delincuencia grave organizada también , y por tanto los medios tienen que ser proporcionales y hay que luchar con eficacia .
He tomado buena nota de las respuestas que ha dado a las preguntas , y eran oportunas : es verdad que hay que exigir garantías , es verdad que es un tema delicado , pero no es menos cierto que es absolutamente inexcusable montar , formar una respuesta globalizada y armonizada .
A algunos , a los que el terrorismo les queda un poco lejos , les preocupan más las garantías individuales . A mí me preocupan las individuales y las colectivas , y es absolutamente necesario que empecemos por donde podamos . Si hemos de empezar por el transporte aéreo , donde ya las compañías tienen esos datos , empecemos por ahí .
Exijamos garantías , veamos cuál es el ámbito de aplicación , empecemos por las relaciones de los transportes internacionales , y ¡ ojo ! tendremos que seguir por las interiores porque los terroristas muchas veces no vienen de fuera , sino que vienen de dentro . Que se lo pregunten a Estados Unidos , que se lo pregunten a los demás , que así es y así tendremos que plantearlo en el futuro .
",gracias señor presidente señor comisario el terrorismo es un fenómeno global y la actuación de la delincuencia grave organizada también y por tanto los medios tienen que ser proporcionales y tienen que lucharse con eficacia yo he tomado buena nota de las respuestas que ha dado a las preguntas que eran oportunas es verdad que hay que exigir garantías es verdad que es un tema delicado pero no es menos cierto que es absolutamente inexcusable montar formar una respuesta globalizada y armonizada para algunos que el terrorismo les pilla un poco lejos les preocupa más las garantías individuales a mí me preocupan las individuales y las colectivas y es absolutamente necesario que empecemos por donde podamos si hemos empezado por el transporte aéreo donde ya las compañías tienen esos datos empecemos por ahí exijamos garantías veamos cuál es el ámbito de aplicación empecemos por las relaciones de los transportes internacionales y ojo tendremos que seguir por las interiores porque los terroristas muchas veces no vienen de fuera sino que vienen de dentro que se lo preguntan a estados unidos y eso preguntan a los demás que así es y así tendremos que plantearlo ,señor presidente señor comisario el terrorismo es un fenómeno global y la actuación de la delincuencia grave organizada también y por tanto los medios tienen que ser proporcionales y hay que luchar con eficacia he tomado buena nota de las respuestas que ha dado a las preguntas y eran oportunas es verdad que hay que exigir garantías es verdad que es un tema delicado pero no es menos cierto que es absolutamente inexcusable montar formar una respuesta globalizada y armonizada a algunos a los que el terrorismo les queda un poco lejos les preocupan más las garantías individuales a mí me preocupan las individuales y las colectivas y es absolutamente necesario que empecemos por donde podamos si hemos de empezar por el transporte aéreo donde ya las compañías tienen esos datos empecemos por ahí exijamos garantías veamos cuál es el ámbito de aplicación empecemos por las relaciones de los transportes internacionales y ojo tendremos que seguir por las interiores porque los terroristas muchas veces no vienen de fuera sino que vienen de dentro que se lo pregunten a estados unidos que se lo pregunten a los demás que así es y así tendremos que plantearlo en el futuro 
es,en.20081020.15.1-139,streaming,,61.9973125,33.14130789099909,0.5345603955171296,"Gracias, señor Presidente, señor Comisario. El terrorismo es un fenómeno global y la actuación de la delincuencia grave organizada también, y por tanto los medios tienen que ser proporcionales y tienen que lucharse con eficacia. Yo he tomado buena nota de las respuestas que ha dado a las preguntas que eran oportunas. Es verdad que hay que exigir garantías. Es verdad que es un tema delicado, pero no es menos cierto que es absolutamente inexcusable montar, formar una respuesta globalizada y armonizada. Para algunos que el terrorismo les pilla un poco lejos, les preocupa más las garantías individuales. A mí me preocupan las individuales y las colectivas, y es absolutamente necesario que empecemos por donde podamos. Si hemos empezar por el transporte aéreo, donde ya las compañías tienen esos datos, empecemos por ahí. Exijamos garantías. Veamos cuál es el ámbito de aplicación. Empecemos por las relaciones de los transportes internacionales. Y ojo, tendremos que tener en cuenta que el terrorismo es un fenómeno global y que la respuesta debe ser globalizada y armonizada. Para algunos que el terrorismo les pilla un poco lejos, les preocupa más las garantías individuales. A mí me preocupan las individuales y las colectivas, y es absolutamente necesario que empecemos por donde podamos. Si hemos empezar por el transporte aéreo, donde ya las compañías tienen esos datos, empecemos por ahí. Exijamos garantías. Veamos cuál es el ámbito de aplicación. Empecemos por las relaciones de los transportes internacionales. Y ojo, tendremos que tener en cuenta que el terrorismo es un fenómeno global y que la respuesta debe ser globalizada y armonizada.","Señor Presidente , señor Comisario , el terrorismo es un fenómeno global y la actuación de la delincuencia grave organizada también , y por tanto los medios tienen que ser proporcionales y hay que luchar con eficacia .
He tomado buena nota de las respuestas que ha dado a las preguntas , y eran oportunas : es verdad que hay que exigir garantías , es verdad que es un tema delicado , pero no es menos cierto que es absolutamente inexcusable montar , formar una respuesta globalizada y armonizada .
A algunos , a los que el terrorismo les queda un poco lejos , les preocupan más las garantías individuales . A mí me preocupan las individuales y las colectivas , y es absolutamente necesario que empecemos por donde podamos . Si hemos de empezar por el transporte aéreo , donde ya las compañías tienen esos datos , empecemos por ahí .
Exijamos garantías , veamos cuál es el ámbito de aplicación , empecemos por las relaciones de los transportes internacionales , y ¡ ojo ! tendremos que seguir por las interiores porque los terroristas muchas veces no vienen de fuera , sino que vienen de dentro . Que se lo pregunten a Estados Unidos , que se lo pregunten a los demás , que así es y así tendremos que plantearlo en el futuro .
",gracias señor presidente señor comisario el terrorismo es un fenómeno global y la actuación de la delincuencia grave organizada también y por tanto los medios tienen que ser proporcionales y tienen que lucharse con eficacia yo he tomado buena nota de las respuestas que ha dado a las preguntas que eran oportunas es verdad que hay que exigir garantías es verdad que es un tema delicado pero no es menos cierto que es absolutamente inexcusable montar formar una respuesta globalizada y armonizada para algunos que el terrorismo les pilla un poco lejos les preocupa más las garantías individuales a mí me preocupan las individuales y las colectivas y es absolutamente necesario que empecemos por donde podamos si hemos empezar por el transporte aéreo donde ya las compañías tienen esos datos empecemos por ahí exijamos garantías veamos cuál es el ámbito de aplicación empecemos por las relaciones de los transportes internacionales y ojo tendremos que tener en cuenta que el terrorismo es un fenómeno global y que la respuesta debe ser globalizada y armonizada para algunos que el terrorismo les pilla un poco lejos les preocupa más las garantías individuales a mí me preocupan las individuales y las colectivas y es absolutamente necesario que empecemos por donde podamos si hemos empezar por el transporte aéreo donde ya las compañías tienen esos datos empecemos por ahí exijamos garantías veamos cuál es el ámbito de aplicación empecemos por las relaciones de los transportes internacionales y ojo tendremos que tener en cuenta que el terrorismo es un fenómeno global y que la respuesta debe ser globalizada y armonizada ,señor presidente señor comisario el terrorismo es un fenómeno global y la actuación de la delincuencia grave organizada también y por tanto los medios tienen que ser proporcionales y hay que luchar con eficacia he tomado buena nota de las respuestas que ha dado a las preguntas y eran oportunas es verdad que hay que exigir garantías es verdad que es un tema delicado pero no es menos cierto que es absolutamente inexcusable montar formar una respuesta globalizada y armonizada a algunos a los que el terrorismo les queda un poco lejos les preocupan más las garantías individuales a mí me preocupan las individuales y las colectivas y es absolutamente necesario que empecemos por donde podamos si hemos de empezar por el transporte aéreo donde ya las compañías tienen esos datos empecemos por ahí exijamos garantías veamos cuál es el ámbito de aplicación empecemos por las relaciones de los transportes internacionales y ojo tendremos que seguir por las interiores porque los terroristas muchas veces no vienen de fuera sino que vienen de dentro que se lo pregunten a estados unidos que se lo pregunten a los demás que así es y así tendremos que plantearlo en el futuro 
es,en.20120913.8.4-082-000,offline,,78.9943125,3.81175190400063,0.048253498047731345,"El trabajo del ponente, señor Presidente, es muy bueno, pero yo quiero aprovechar esta ocasión para decir aquí en este marco que nuestra prosa es muy confusa, según puede advertir cualquiera que se acerque a la legislación europea. Olvidamos lo que ya enseñaba Pufendorf, que las leyes generales deben ser pocas y su sentido ha de comprenderse correctamente. Por ellos quienes la promulgan deben emplear toda la claridad que sea posible. Y Montesquieu insistió siempre en que el lenguaje legal ha de ser preciso y conciso, es decir, debemos evitar la palabrería esotérica, llena de neologismos y de injustificados préstamos lingüísticos, porque genera una red maligna donde anidan las trampas y se asienta la arbitrariedad. Nosotros tratamos asuntos muy complejos en este Parlamento, pero es nuestra obligación hacerlos llegar a la ciudadanía de una forma comprensible y accesible. Es frecuente que incluso los mismos profesionales del derecho, los jueces, los abogados, se desesperen ante nuestros textos. La buena prosa, queridos colegas, es la cortesía del legislador y una forma de demostrar su respeto al ciudadano. Muchas gracias.","Señor Presidente , el trabajo del ponente es muy bueno , pero yo quiero aprovechar esta ocasión para decir aquí , en este marco , que nuestra prosa es muy confusa , según puede advertir cualquiera que se acerque a la legislación europea . Olvidamos lo que ya enseñaba von Pufendorf , que las leyes generales deben ser pocas y su sentido ha de comprenderse correctamente . Por ello , quienes las promulgan deben emplear toda la claridad que sea posible . Y Montesquieu insistió siempre en que el lenguaje legal ha de ser preciso y conciso .
Es decir , debemos evitar la palabrería esotérica , llena de neologismos y de injustificados préstamos lingüísticos , porque genera una red maligna donde anidan las trampas y se asienta la arbitrariedad . Nosotros tratamos asuntos muy complejos en este Parlamento , pero es nuestra obligación hacerlos llegar a la ciudadanía de una forma comprensible y accesible . Es frecuente que incluso los mismos profesionales del Derecho — los jueces , los abogados — se desesperen ante nuestros textos .
La buena prosa , queridos colegas , es la cortesía del legislador y una forma de demostrar su respeto al ciudadano .
",el trabajo del ponente señor presidente es muy bueno pero yo quiero aprovechar esta ocasión para decir aquí en este marco que nuestra prosa es muy confusa según puede advertir cualquiera que se acerque a la legislación europea olvidamos lo que ya enseñaba pufendorf que las leyes generales deben ser pocas y su sentido ha de comprenderse correctamente por ellos quienes la promulgan deben emplear toda la claridad que sea posible y montesquieu insistió siempre en que el lenguaje legal ha de ser preciso y conciso es decir debemos evitar la palabrería esotérica llena de neologismos y de injustificados préstamos lingüísticos porque genera una red maligna donde anidan las trampas y se asienta la arbitrariedad nosotros tratamos asuntos muy complejos en este parlamento pero es nuestra obligación hacerlos llegar a la ciudadanía de una forma comprensible y accesible es frecuente que incluso los mismos profesionales del derecho los jueces los abogados se desesperen ante nuestros textos la buena prosa queridos colegas es la cortesía del legislador y una forma de demostrar su respeto al ciudadano muchas gracias ,señor presidente el trabajo del ponente es muy bueno pero yo quiero aprovechar esta ocasión para decir aquí en este marco que nuestra prosa es muy confusa según puede advertir cualquiera que se acerque a la legislación europea olvidamos lo que ya enseñaba von pufendorf que las leyes generales deben ser pocas y su sentido ha de comprenderse correctamente por ello quienes las promulgan deben emplear toda la claridad que sea posible y montesquieu insistió siempre en que el lenguaje legal ha de ser preciso y conciso es decir debemos evitar la palabrería esotérica llena de neologismos y de injustificados préstamos lingüísticos porque genera una red maligna donde anidan las trampas y se asienta la arbitrariedad nosotros tratamos asuntos muy complejos en este parlamento pero es nuestra obligación hacerlos llegar a la ciudadanía de una forma comprensible y accesible es frecuente que incluso los mismos profesionales del derecho los jueces los abogados se desesperen ante nuestros textos la buena prosa queridos colegas es la cortesía del legislador y una forma de demostrar su respeto al ciudadano 
es,en.20120913.8.4-082-000,streaming,,78.9943125,42.204384443999515,0.5342711786244043,"El trabajo del ponente, señor Presidente, es muy bueno, pero yo quiero aprovechar esta ocasión para decir aquí en este marco que nuestra prosa es muy confusa, según puede advertir cualquiera que se acerque a la legislación europea. Olvidamos lo que ya enseñaba Pufendorf, que las leyes generales deben ser pocas y su sentido ha de comprenderse correctamente. Por ellos quienes la promulgan deben emplear toda la claridad que sea posible. Y Montesquieu insistió siempre en que el lenguaje legal ha de ser preciso y conciso, es decir, debemos evitar la palabrería esotérica, llena de neologismos y de injustificados préstamos lingüísticos, porque genera una red maligna donde anidan las trampas y se asienta la arbitrariedad. Nosotros tratamos asuntos muy complejos en este Parlamento, pero es nuestra obligación hacerlos llegar a la ciudadanía de una forma comprensible y accesible. Es frecuente que incluso los mismos profesionales del derecho, los jueces, los abogados, se desesperen ante nuestros textos. La buena prosa, queridos colegas, es la cortesía del legislador y una forma de demostrar su respeto al ciudadano. Muchas gracias.","Señor Presidente , el trabajo del ponente es muy bueno , pero yo quiero aprovechar esta ocasión para decir aquí , en este marco , que nuestra prosa es muy confusa , según puede advertir cualquiera que se acerque a la legislación europea . Olvidamos lo que ya enseñaba von Pufendorf , que las leyes generales deben ser pocas y su sentido ha de comprenderse correctamente . Por ello , quienes las promulgan deben emplear toda la claridad que sea posible . Y Montesquieu insistió siempre en que el lenguaje legal ha de ser preciso y conciso .
Es decir , debemos evitar la palabrería esotérica , llena de neologismos y de injustificados préstamos lingüísticos , porque genera una red maligna donde anidan las trampas y se asienta la arbitrariedad . Nosotros tratamos asuntos muy complejos en este Parlamento , pero es nuestra obligación hacerlos llegar a la ciudadanía de una forma comprensible y accesible . Es frecuente que incluso los mismos profesionales del Derecho — los jueces , los abogados — se desesperen ante nuestros textos .
La buena prosa , queridos colegas , es la cortesía del legislador y una forma de demostrar su respeto al ciudadano .
",el trabajo del ponente señor presidente es muy bueno pero yo quiero aprovechar esta ocasión para decir aquí en este marco que nuestra prosa es muy confusa según puede advertir cualquiera que se acerque a la legislación europea olvidamos lo que ya enseñaba pufendorf que las leyes generales deben ser pocas y su sentido ha de comprenderse correctamente por ellos quienes la promulgan deben emplear toda la claridad que sea posible y montesquieu insistió siempre en que el lenguaje legal ha de ser preciso y conciso es decir debemos evitar la palabrería esotérica llena de neologismos y de injustificados préstamos lingüísticos porque genera una red maligna donde anidan las trampas y se asienta la arbitrariedad nosotros tratamos asuntos muy complejos en este parlamento pero es nuestra obligación hacerlos llegar a la ciudadanía de una forma comprensible y accesible es frecuente que incluso los mismos profesionales del derecho los jueces los abogados se desesperen ante nuestros textos la buena prosa queridos colegas es la cortesía del legislador y una forma de demostrar su respeto al ciudadano muchas gracias ,señor presidente el trabajo del ponente es muy bueno pero yo quiero aprovechar esta ocasión para decir aquí en este marco que nuestra prosa es muy confusa según puede advertir cualquiera que se acerque a la legislación europea olvidamos lo que ya enseñaba von pufendorf que las leyes generales deben ser pocas y su sentido ha de comprenderse correctamente por ello quienes las promulgan deben emplear toda la claridad que sea posible y montesquieu insistió siempre en que el lenguaje legal ha de ser preciso y conciso es decir debemos evitar la palabrería esotérica llena de neologismos y de injustificados préstamos lingüísticos porque genera una red maligna donde anidan las trampas y se asienta la arbitrariedad nosotros tratamos asuntos muy complejos en este parlamento pero es nuestra obligación hacerlos llegar a la ciudadanía de una forma comprensible y accesible es frecuente que incluso los mismos profesionales del derecho los jueces los abogados se desesperen ante nuestros textos la buena prosa queridos colegas es la cortesía del legislador y una forma de demostrar su respeto al ciudadano 
es,en.20090218.22.3-198,offline,,80.99125,4.017823677000706,0.04960812034634243,"Señor Presidente, el referéndum de Venezuela se ha saldado con un triunfo del sí, reconocido elegantemente por la oposición democrática. No es menos cierto que no ha existido igualdad de oportunidades en la campaña y que el oficialismo ha contado con el abrumador apoyo de todo el aparato del Estado, mientras que la oposición ha sufrido constantes hostigamientos y coacciones. Aún en esas condiciones, el país ha quedado prácticamente dividido en dos mitades y será muy difícil construir el futuro solo con una de ellas. La Unión Europea debe promover el diálogo, la inclusión y el consenso entre los actores políticos y sociales venezolanos para el bien del país. No es con actitudes bizarras, descalificaciones o insultos como ayudaremos a Venezuela a encontrar su camino democrático, pluralista y libre. En ese sentido, criticamos la decisión del Gobierno venezolano de expulsar a un eurodiputado español y mucho más las maneras en que tal expulsión se realizó. Pero hacemos un llamamiento a esta Cámara a evitar que nuestros representantes hagan declaraciones en su visita a países terceros que violen la legislación local vigente y aún menos que insulten a un jefe del Estado, por mucho que sea este criticable. Con estas actitudes estamos comprometiendo futuras misiones del Parlamento Europeo a otros países. Gracias.","Señor Presidente , el referéndum de Venezuela se ha saldado con un triunfo del « sí » reconocido elegantemente por la oposición democrática .
No es menos cierto que no ha existido igualdad de oportunidades en la campaña y que el oficialismo ha contado con el abrumador apoyo de todo el aparato del Estado , mientras que la oposición ha sufrido constantes hostigamientos y coacciones .
Aun en esas condiciones el país ha quedado prácticamente dividido en dos mitades y será muy difícil construir el futuro sólo con una de ellas . La Unión Europea debe promover el diálogo , la inclusión y el consenso entre los actores políticos y sociales venezolanos para el bien del país .
No es con actitudes viscerales , descalificaciones o insultos como ayudaremos a Venezuela a encontrar su camino democrático , pluralista y libre .
En este sentido criticamos la decisión del Gobierno venezolano de expulsar a un eurodiputado español y mucho más la manera en que tal expulsión se realizó , pero hacemos un llamamiento a esta Cámara instándola a evitar que nuestros representantes , en sus visitas a países terceros , hagan declaraciones que violen la legislación local vigente y , aún menos , que insulten a un jefe de Estado , por mucho que sea éste criticable . Con estas actitudes estamos comprometiendo futuras misiones del Parlamento Europeo en otros países .
",señor presidente el referéndum de venezuela se ha saldado con un triunfo del sí reconocido elegantemente por la oposición democrática no es menos cierto que no ha existido igualdad de oportunidades en la campaña y que el oficialismo ha contado con el abrumador apoyo de todo el aparato del estado mientras que la oposición ha sufrido constantes hostigamientos y coacciones aún en esas condiciones el país ha quedado prácticamente dividido en dos mitades y será muy difícil construir el futuro solo con una de ellas la unión europea debe promover el diálogo la inclusión y el consenso entre los actores políticos y sociales venezolanos para el bien del país no es con actitudes bizarras descalificaciones o insultos como ayudaremos a venezuela a encontrar su camino democrático pluralista y libre en ese sentido criticamos la decisión del gobierno venezolano de expulsar a un eurodiputado español y mucho más las maneras en que tal expulsión se realizó pero hacemos un llamamiento a esta cámara a evitar que nuestros representantes hagan declaraciones en su visita a países terceros que violen la legislación local vigente y aún menos que insulten a un jefe del estado por mucho que sea este criticable con estas actitudes estamos comprometiendo futuras misiones del parlamento europeo a otros países gracias ,señor presidente el referéndum de venezuela se ha saldado con un triunfo del sí reconocido elegantemente por la oposición democrática no es menos cierto que no ha existido igualdad de oportunidades en la campaña y que el oficialismo ha contado con el abrumador apoyo de todo el aparato del estado mientras que la oposición ha sufrido constantes hostigamientos y coacciones aun en esas condiciones el país ha quedado prácticamente dividido en dos mitades y será muy difícil construir el futuro sólo con una de ellas la unión europea debe promover el diálogo la inclusión y el consenso entre los actores políticos y sociales venezolanos para el bien del país no es con actitudes viscerales descalificaciones o insultos como ayudaremos a venezuela a encontrar su camino democrático pluralista y libre en este sentido criticamos la decisión del gobierno venezolano de expulsar a un eurodiputado español y mucho más la manera en que tal expulsión se realizó pero hacemos un llamamiento a esta cámara instándola a evitar que nuestros representantes en sus visitas a países terceros hagan declaraciones que violen la legislación local vigente y aún menos que insulten a un jefe de estado por mucho que sea éste criticable con estas actitudes estamos comprometiendo futuras misiones del parlamento europeo en otros países 
es,en.20090218.22.3-198,streaming,,80.99125,45.30728975600141,0.5594096863056369,"Señor Presidente, el referéndum de Venezuela se ha saldado con un triunfo del sí, reconocido elegantemente por la oposición democrática. No es menos cierto que no ha existido igualdad de oportunidades en la campaña y que el oficialismo ha contado con el abrumador apoyo de todo el aparato del Estado, mientras que la oposición ha sufrido constante hostigamientos y coacciones. Aún en esas condiciones, el país ha quedado prácticamente dividido en dos mitades y será muy difícil construir el futuro solo con una de ellas. La Unión Europea debe promover el diálogo, la inclusión y el consenso entre los actores políticos y sociales venezolanos para el bien del país. No es con actitudes bizareles, descalificaciones o insultos como ayudaremos a Venezuela a encontrar su camino democrático, pluralista y libre. En ese sentido, criticamos la decisión del Gobierno venezolano de expulsar a un eurodiputado español y mucho más las maneras en que tal expulsión se realizó. Pero hacemos un llamamiento a esta Cámara a evitar que nuestros representantes hagan declaraciones en su visita a países terceros que violen la legislación local vigente y aún menos que insulten a un jefe del Estado, por mucho que sea este criticable. Con estas actitudes estamos comprometiendo futuras misiones del Parlamento Europeo a otros países. Gracias.","Señor Presidente , el referéndum de Venezuela se ha saldado con un triunfo del « sí » reconocido elegantemente por la oposición democrática .
No es menos cierto que no ha existido igualdad de oportunidades en la campaña y que el oficialismo ha contado con el abrumador apoyo de todo el aparato del Estado , mientras que la oposición ha sufrido constantes hostigamientos y coacciones .
Aun en esas condiciones el país ha quedado prácticamente dividido en dos mitades y será muy difícil construir el futuro sólo con una de ellas . La Unión Europea debe promover el diálogo , la inclusión y el consenso entre los actores políticos y sociales venezolanos para el bien del país .
No es con actitudes viscerales , descalificaciones o insultos como ayudaremos a Venezuela a encontrar su camino democrático , pluralista y libre .
En este sentido criticamos la decisión del Gobierno venezolano de expulsar a un eurodiputado español y mucho más la manera en que tal expulsión se realizó , pero hacemos un llamamiento a esta Cámara instándola a evitar que nuestros representantes , en sus visitas a países terceros , hagan declaraciones que violen la legislación local vigente y , aún menos , que insulten a un jefe de Estado , por mucho que sea éste criticable . Con estas actitudes estamos comprometiendo futuras misiones del Parlamento Europeo en otros países .
",señor presidente el referéndum de venezuela se ha saldado con un triunfo del sí reconocido elegantemente por la oposición democrática no es menos cierto que no ha existido igualdad de oportunidades en la campaña y que el oficialismo ha contado con el abrumador apoyo de todo el aparato del estado mientras que la oposición ha sufrido constante hostigamientos y coacciones aún en esas condiciones el país ha quedado prácticamente dividido en dos mitades y será muy difícil construir el futuro solo con una de ellas la unión europea debe promover el diálogo la inclusión y el consenso entre los actores políticos y sociales venezolanos para el bien del país no es con actitudes bizareles descalificaciones o insultos como ayudaremos a venezuela a encontrar su camino democrático pluralista y libre en ese sentido criticamos la decisión del gobierno venezolano de expulsar a un eurodiputado español y mucho más las maneras en que tal expulsión se realizó pero hacemos un llamamiento a esta cámara a evitar que nuestros representantes hagan declaraciones en su visita a países terceros que violen la legislación local vigente y aún menos que insulten a un jefe del estado por mucho que sea este criticable con estas actitudes estamos comprometiendo futuras misiones del parlamento europeo a otros países gracias ,señor presidente el referéndum de venezuela se ha saldado con un triunfo del sí reconocido elegantemente por la oposición democrática no es menos cierto que no ha existido igualdad de oportunidades en la campaña y que el oficialismo ha contado con el abrumador apoyo de todo el aparato del estado mientras que la oposición ha sufrido constantes hostigamientos y coacciones aun en esas condiciones el país ha quedado prácticamente dividido en dos mitades y será muy difícil construir el futuro sólo con una de ellas la unión europea debe promover el diálogo la inclusión y el consenso entre los actores políticos y sociales venezolanos para el bien del país no es con actitudes viscerales descalificaciones o insultos como ayudaremos a venezuela a encontrar su camino democrático pluralista y libre en este sentido criticamos la decisión del gobierno venezolano de expulsar a un eurodiputado español y mucho más la manera en que tal expulsión se realizó pero hacemos un llamamiento a esta cámara instándola a evitar que nuestros representantes en sus visitas a países terceros hagan declaraciones que violen la legislación local vigente y aún menos que insulten a un jefe de estado por mucho que sea éste criticable con estas actitudes estamos comprometiendo futuras misiones del parlamento europeo en otros países 
es,en.20090423.68.4-456,offline,,61.9973125,3.1567582610005047,0.050917662939026664,"Señor Presidente, la información que usted me da es correcta, pero la impresión que tenemos los parlamentarios europeos y, en definitiva, los ciudadanos europeos es que tenemos una laguna muy peligrosa en el Derecho comunitario. En este momento, a medida que se van reforzando las exigencias fiscales en cada uno de los Estados miembros, la movilidad es casi imposible. Y cuando preguntamos a la Comisión, la razón del enfoque pragmático es que la Comisión no encuentra nunca apoyo en el Consejo. Estamos en una especie de círculo vicioso en virtud del cual la Comisión nos remite al Consejo y el Consejo nos remite a la Comisión. Pero, entre tanto, la realidad es que los ciudadanos que viven en esta Europa que queremos construir no tienen la posibilidad de vivir en diferentes países o establecer relaciones a consecuencia de la pesada carga fiscal que puede suponer la falta de armonización fiscal. ¿Puede el Consejo hacer algo para que salgamos de este círculo vicioso? Muchas gracias.","Señor Presidente , la información que usted me da es correcta , pero la impresión que tenemos los parlamentarios europeos y , en definitiva , los ciudadanos europeos , es que tenemos una laguna muy peligrosa en el Derecho comunitario .
En este momento , a medida que se van reforzando las exigencias fiscales en cada uno de los Estados miembros , la movilidad es casi imposible .
Y cuando preguntamos a la Comisión la razón del enfoque pragmático , resulta que la Comisión no encuentra nunca apoyo en el Consejo . Estamos en una especie de círculo vicioso en virtud del cual la Comisión nos remite al Consejo y el Consejo nos remite a la Comisión pero , entre tanto , la realidad es que los ciudadanos que viven en esta Europa que queremos construir no tienen la posibilidad de vivir en diferentes países , de establecer relaciones , a consecuencia de la pesada carga fiscal que puede suponer la falta de armonización fiscal .
¿ Puede el Consejo hacer algo para que salgamos de este círculo vicioso ?
",señor presidente la información que usted me da es correcta pero la impresión que tenemos los parlamentarios europeos y en definitiva los ciudadanos europeos es que tenemos una laguna muy peligrosa en el derecho comunitario en este momento a medida que se van reforzando las exigencias fiscales en cada uno de los estados miembros la movilidad es casi imposible y cuando preguntamos a la comisión la razón del enfoque pragmático es que la comisión no encuentra nunca apoyo en el consejo estamos en una especie de círculo vicioso en virtud del cual la comisión nos remite al consejo y el consejo nos remite a la comisión pero entre tanto la realidad es que los ciudadanos que viven en esta europa que queremos construir no tienen la posibilidad de vivir en diferentes países o establecer relaciones a consecuencia de la pesada carga fiscal que puede suponer la falta de armonización fiscal puede el consejo hacer algo para que salgamos de este círculo vicioso muchas gracias ,señor presidente la información que usted me da es correcta pero la impresión que tenemos los parlamentarios europeos y en definitiva los ciudadanos europeos es que tenemos una laguna muy peligrosa en el derecho comunitario en este momento a medida que se van reforzando las exigencias fiscales en cada uno de los estados miembros la movilidad es casi imposible y cuando preguntamos a la comisión la razón del enfoque pragmático resulta que la comisión no encuentra nunca apoyo en el consejo estamos en una especie de círculo vicioso en virtud del cual la comisión nos remite al consejo y el consejo nos remite a la comisión pero entre tanto la realidad es que los ciudadanos que viven en esta europa que queremos construir no tienen la posibilidad de vivir en diferentes países de establecer relaciones a consecuencia de la pesada carga fiscal que puede suponer la falta de armonización fiscal puede el consejo hacer algo para que salgamos de este círculo vicioso 
es,en.20090423.68.4-456,streaming,,61.9973125,29.72976212100002,0.47953307848626536,"Señor Presidente, la información que usted me da es correcta, pero la impresión que tenemos los parlamentarios europeos y, en definitiva, los ciudadanos europeos es que tenemos una laguna muy peligrosa en el Derecho comunitario. En este momento, a medida que se van reforzando las exigencias fiscales en cada uno de los Estados miembros, la movilidad es casi imposible, y cuando preguntamos a la Comisión la razón del enfoque pragmático es que la Comisión no encuentra nunca apoyo en el Consejo. Estamos en una especie de círculo vicioso en virtud del cual la Comisión nos remite al Consejo y el Consejo nos remite a la Comisión. Pero, entretanto, la realidad es que los ciudadanos que viven en esta Europa que queremos construir no tienen la posibilidad de vivir en diferentes países o establecer relaciones a consecuencia de la pesada carga fiscal que puede suponer la falta de armonización fiscal. Puede el Consejo hacer algo para que salgamos de este círculo vicioso. Muchas gracias.","Señor Presidente , la información que usted me da es correcta , pero la impresión que tenemos los parlamentarios europeos y , en definitiva , los ciudadanos europeos , es que tenemos una laguna muy peligrosa en el Derecho comunitario .
En este momento , a medida que se van reforzando las exigencias fiscales en cada uno de los Estados miembros , la movilidad es casi imposible .
Y cuando preguntamos a la Comisión la razón del enfoque pragmático , resulta que la Comisión no encuentra nunca apoyo en el Consejo . Estamos en una especie de círculo vicioso en virtud del cual la Comisión nos remite al Consejo y el Consejo nos remite a la Comisión pero , entre tanto , la realidad es que los ciudadanos que viven en esta Europa que queremos construir no tienen la posibilidad de vivir en diferentes países , de establecer relaciones , a consecuencia de la pesada carga fiscal que puede suponer la falta de armonización fiscal .
¿ Puede el Consejo hacer algo para que salgamos de este círculo vicioso ?
",señor presidente la información que usted me da es correcta pero la impresión que tenemos los parlamentarios europeos y en definitiva los ciudadanos europeos es que tenemos una laguna muy peligrosa en el derecho comunitario en este momento a medida que se van reforzando las exigencias fiscales en cada uno de los estados miembros la movilidad es casi imposible y cuando preguntamos a la comisión la razón del enfoque pragmático es que la comisión no encuentra nunca apoyo en el consejo estamos en una especie de círculo vicioso en virtud del cual la comisión nos remite al consejo y el consejo nos remite a la comisión pero entretanto la realidad es que los ciudadanos que viven en esta europa que queremos construir no tienen la posibilidad de vivir en diferentes países o establecer relaciones a consecuencia de la pesada carga fiscal que puede suponer la falta de armonización fiscal puede el consejo hacer algo para que salgamos de este círculo vicioso muchas gracias ,señor presidente la información que usted me da es correcta pero la impresión que tenemos los parlamentarios europeos y en definitiva los ciudadanos europeos es que tenemos una laguna muy peligrosa en el derecho comunitario en este momento a medida que se van reforzando las exigencias fiscales en cada uno de los estados miembros la movilidad es casi imposible y cuando preguntamos a la comisión la razón del enfoque pragmático resulta que la comisión no encuentra nunca apoyo en el consejo estamos en una especie de círculo vicioso en virtud del cual la comisión nos remite al consejo y el consejo nos remite a la comisión pero entre tanto la realidad es que los ciudadanos que viven en esta europa que queremos construir no tienen la posibilidad de vivir en diferentes países de establecer relaciones a consecuencia de la pesada carga fiscal que puede suponer la falta de armonización fiscal puede el consejo hacer algo para que salgamos de este círculo vicioso 
es,en.20090504.23.1-214,offline,,64.9694375,3.6628323499990074,0.056377775319341614,"Sí, gracias, señor Presidente. Con toda brevedad, que me agradecerá sus señorías a estas horas, señor Vicepresidente de la Comisión, muchas gracias una vez más, porque ha demostrado, como lo hizo en el tercer paquete marítimo, que su impulso, su categoría política ha sido capaz de impulsar un acuerdo cerca del Consejo y hacer posible que Parlamento, Consejo y Comisión nos pusiéramos de acuerdo en esta instancia y en estos postreros días donde acaba la legislatura. Creo que tenemos que felicitarnos. Yo agradezco sin duda la colaboración estrecha que han tenido los ponentes de opinión, tanto en la Comisión de Juris como la de Medio Ambiente. Agradezco y lo reitero el trabajo y la colaboración de los ponentes en la sombra. Y en definitiva, creo que el que mañana adoptemos un acuerdo de primera lectura sobre una norma tan importante que sin duda viene a completar el trabajo del tercer paquete marítimo significa un éxito para este Parlamento y para la Unión Europea en las decisiones y justifica una vez más el procedimiento de codecisión, que es útil y que permite un diálogo constructivo en favor de toda la ciudadanía de la Unión Europea. Muchas gracias.","Señor Presidente , con toda brevedad — que me agradecerán sus Señorías a estas horas — : señor Vicepresidente de la Comisión , muchas gracias una vez más porque ha demostrado , como lo hizo en el tercer paquete marítimo , que su impulso y su categoría política han sido capaces de impulsar un acuerdo cerca del Consejo y hacer posible que Parlamento , Consejo y Comisión nos pusiéramos de acuerdo en esta instancia y en estos postreros días en que acaba la legislatura .
Creo que tenemos que felicitarnos . Agradezco , sin duda , la colaboración estrecha que han tenido los ponentes de opinión , tanto de la Comisión de Asuntos Jurídicos como de la de Medio Ambiente .
Agradezco , y lo reitero , el trabajo y la colaboración de los ponentes en la sombra y , en definitiva , creo que el que mañana adoptemos un acuerdo en primera lectura sobre una norma tan importante , que sin duda viene a completar el trabajo del tercer paquete marítimo , significa un éxito para este Parlamento y para la Unión Europea en las tres instituciones y justifica una vez más el procedimiento de codecisión , que es útil y que permite un diálogo constructivo en favor de toda la ciudadanía de la Unión Europea .
",sí gracias señor presidente con toda brevedad que me agradecerá sus señorías a estas horas señor vicepresidente de la comisión muchas gracias una vez más porque ha demostrado como lo hizo en el tercer paquete marítimo que su impulso su categoría política ha sido capaz de impulsar un acuerdo cerca del consejo y hacer posible que parlamento consejo y comisión nos pusiéramos de acuerdo en esta instancia y en estos postreros días donde acaba la legislatura creo que tenemos que felicitarnos yo agradezco sin duda la colaboración estrecha que han tenido los ponentes de opinión tanto en la comisión de juris como la de medio ambiente agradezco y lo reitero el trabajo y la colaboración de los ponentes en la sombra y en definitiva creo que el que mañana adoptemos un acuerdo de primera lectura sobre una norma tan importante que sin duda viene a completar el trabajo del tercer paquete marítimo significa un éxito para este parlamento y para la unión europea en las decisiones y justifica una vez más el procedimiento de codecisión que es útil y que permite un diálogo constructivo en favor de toda la ciudadanía de la unión europea muchas gracias ,señor presidente con toda brevedad que me agradecerán sus señorías a estas horas señor vicepresidente de la comisión muchas gracias una vez más porque ha demostrado como lo hizo en el tercer paquete marítimo que su impulso y su categoría política han sido capaces de impulsar un acuerdo cerca del consejo y hacer posible que parlamento consejo y comisión nos pusiéramos de acuerdo en esta instancia y en estos postreros días en que acaba la legislatura creo que tenemos que felicitarnos agradezco sin duda la colaboración estrecha que han tenido los ponentes de opinión tanto de la comisión de asuntos jurídicos como de la de medio ambiente agradezco y lo reitero el trabajo y la colaboración de los ponentes en la sombra y en definitiva creo que el que mañana adoptemos un acuerdo en primera lectura sobre una norma tan importante que sin duda viene a completar el trabajo del tercer paquete marítimo significa un éxito para este parlamento y para la unión europea en las tres instituciones y justifica una vez más el procedimiento de codecisión que es útil y que permite un diálogo constructivo en favor de toda la ciudadanía de la unión europea 
es,en.20090504.23.1-214,streaming,,64.9694375,32.000608927999565,0.4925486530185761,"Sí, gracias, señor Presidente. Con toda brevedad, que me agradecerá sus señorías a estas horas, señor Vicepresidente de la Comisión, muchas gracias una vez más por qué ha demostrado, como lo hizo en el tercer paquete marítimo, que su impulso, su categoría política ha sido capaz de impulsar un acuerdo cerca del Consejo y hacer posible que Parlamento, Consejo y Comisión nos pusiéramos de acuerdo en esta instancia y en estos postreros días donde acaba la legislatura. Creo que tenemos que felicitarnos. Yo agradezco sin duda la colaboración estrecha que han tenido los ponentes de opinión, tanto de la Comisión de Juris como la de Medio Ambiente. Agradezco y lo reitero el trabajo y la colaboración de los ponentes en la sombra y, en definitiva, creo que el que mañana anotemos un acuerdo de primera lectura sobre una norma tan importante que sin duda viene a completar el trabajo del tercer paquete marítimo significa un éxito para este Parlamento y para la Unión Europea en las decisiones y justifica una vez más el procedimiento de codecisión, que es útil y que permite un diálogo constructivo en favor de toda la ciudadanía de la Unión Europea. Muchas gracias.","Señor Presidente , con toda brevedad — que me agradecerán sus Señorías a estas horas — : señor Vicepresidente de la Comisión , muchas gracias una vez más porque ha demostrado , como lo hizo en el tercer paquete marítimo , que su impulso y su categoría política han sido capaces de impulsar un acuerdo cerca del Consejo y hacer posible que Parlamento , Consejo y Comisión nos pusiéramos de acuerdo en esta instancia y en estos postreros días en que acaba la legislatura .
Creo que tenemos que felicitarnos . Agradezco , sin duda , la colaboración estrecha que han tenido los ponentes de opinión , tanto de la Comisión de Asuntos Jurídicos como de la de Medio Ambiente .
Agradezco , y lo reitero , el trabajo y la colaboración de los ponentes en la sombra y , en definitiva , creo que el que mañana adoptemos un acuerdo en primera lectura sobre una norma tan importante , que sin duda viene a completar el trabajo del tercer paquete marítimo , significa un éxito para este Parlamento y para la Unión Europea en las tres instituciones y justifica una vez más el procedimiento de codecisión , que es útil y que permite un diálogo constructivo en favor de toda la ciudadanía de la Unión Europea .
",sí gracias señor presidente con toda brevedad que me agradecerá sus señorías a estas horas señor vicepresidente de la comisión muchas gracias una vez más por qué ha demostrado como lo hizo en el tercer paquete marítimo que su impulso su categoría política ha sido capaz de impulsar un acuerdo cerca del consejo y hacer posible que parlamento consejo y comisión nos pusiéramos de acuerdo en esta instancia y en estos postreros días donde acaba la legislatura creo que tenemos que felicitarnos yo agradezco sin duda la colaboración estrecha que han tenido los ponentes de opinión tanto de la comisión de juris como la de medio ambiente agradezco y lo reitero el trabajo y la colaboración de los ponentes en la sombra y en definitiva creo que el que mañana anotemos un acuerdo de primera lectura sobre una norma tan importante que sin duda viene a completar el trabajo del tercer paquete marítimo significa un éxito para este parlamento y para la unión europea en las decisiones y justifica una vez más el procedimiento de codecisión que es útil y que permite un diálogo constructivo en favor de toda la ciudadanía de la unión europea muchas gracias ,señor presidente con toda brevedad que me agradecerán sus señorías a estas horas señor vicepresidente de la comisión muchas gracias una vez más porque ha demostrado como lo hizo en el tercer paquete marítimo que su impulso y su categoría política han sido capaces de impulsar un acuerdo cerca del consejo y hacer posible que parlamento consejo y comisión nos pusiéramos de acuerdo en esta instancia y en estos postreros días en que acaba la legislatura creo que tenemos que felicitarnos agradezco sin duda la colaboración estrecha que han tenido los ponentes de opinión tanto de la comisión de asuntos jurídicos como de la de medio ambiente agradezco y lo reitero el trabajo y la colaboración de los ponentes en la sombra y en definitiva creo que el que mañana adoptemos un acuerdo en primera lectura sobre una norma tan importante que sin duda viene a completar el trabajo del tercer paquete marítimo significa un éxito para este parlamento y para la unión europea en las tres instituciones y justifica una vez más el procedimiento de codecisión que es útil y que permite un diálogo constructivo en favor de toda la ciudadanía de la unión europea 
es,en.20110510.67.2-690-000,offline,,69.985,3.2496219410004414,0.046433120540122046,"Muchas gracias, Presidente. Quisiera comenzar mi intervención felicitando a todos los que han hecho posible alcanzar un acuerdo. Es un acuerdo del que todos nos debemos congratular porque afecta a la vida diaria de todos los ciudadanos. Pero con el ánimo constructivo que me caracteriza quisiera hacer algunas puntualizaciones. En primer lugar quisiera llamar la atención sobre la importancia de proporcionar una información precisa, pertinente, pero ante todo comprensible y uniforme para los consumidores sobre los componentes de los productos textiles. De nada servirá una información exhaustiva si luego los ciudadanos no son capaces de descifrarla. Hemos conseguido un paso positivo, necesario pero no suficiente. Deberíamos avanzar más y proteger a los ciudadanos que pudieran llegar a ser más vulnerables. Señorías, es imprescindible establecer un sistema europeo de etiquetado de tallas en base a las dimensiones corporales, porque lo primero que nos encontramos cuando vamos a adquirir una prenda es la talla. Por eso deberíamos ser mucho más ambiciosos y buscar la armonización de tallas.","Señor Presidente , quisiera comenzar mi intervención felicitando a todos los que han hecho posible alcanzar un acuerdo .
Es un acuerdo del que todos nos debemos congratular porque afecta a la vida diaria de todos los ciudadanos , pero , con el ánimo constructivo que me caracteriza , quisiera hacer algunas puntualizaciones .
En primer lugar , quisiera llamar la atención sobre la importancia de proporcionar una información precisa , pertinente pero , ante todo , comprensible y uniforme para los consumidores sobre los componentes de los productos textiles : de nada servirá una información exhaustiva si luego los ciudadanos no son capaces de descifrarla . Hemos conseguido un paso positivo , necesario pero no suficiente ; deberíamos avanzar más y proteger a los ciudadanos que puedan ser más vulnerables .
Señorías , es imprescindible establecer un sistema europeo de etiquetado de tallas basado en las dimensiones corporales , porque lo primero que nos encontramos cuando vamos a adquirir una prenda es la talla . Por eso , deberíamos ser mucho más ambiciosos y buscar la armonización de tallas .
",muchas gracias presidente quisiera comenzar mi intervención felicitando a todos los que han hecho posible alcanzar un acuerdo es un acuerdo del que todos nos debemos congratular porque afecta a la vida diaria de todos los ciudadanos pero con el ánimo constructivo que me caracteriza quisiera hacer algunas puntualizaciones en primer lugar quisiera llamar la atención sobre la importancia de proporcionar una información precisa pertinente pero ante todo comprensible y uniforme para los consumidores sobre los componentes de los productos textiles de nada servirá una información exhaustiva si luego los ciudadanos no son capaces de descifrarla hemos conseguido un paso positivo necesario pero no suficiente deberíamos avanzar más y proteger a los ciudadanos que pudieran llegar a ser más vulnerables señorías es imprescindible establecer un sistema europeo de etiquetado de tallas en base a las dimensiones corporales porque lo primero que nos encontramos cuando vamos a adquirir una prenda es la talla por eso deberíamos ser mucho más ambiciosos y buscar la armonización de tallas ,señor presidente quisiera comenzar mi intervención felicitando a todos los que han hecho posible alcanzar un acuerdo es un acuerdo del que todos nos debemos congratular porque afecta a la vida diaria de todos los ciudadanos pero con el ánimo constructivo que me caracteriza quisiera hacer algunas puntualizaciones en primer lugar quisiera llamar la atención sobre la importancia de proporcionar una información precisa pertinente pero ante todo comprensible y uniforme para los consumidores sobre los componentes de los productos textiles de nada servirá una información exhaustiva si luego los ciudadanos no son capaces de descifrarla hemos conseguido un paso positivo necesario pero no suficiente deberíamos avanzar más y proteger a los ciudadanos que puedan ser más vulnerables señorías es imprescindible establecer un sistema europeo de etiquetado de tallas basado en las dimensiones corporales porque lo primero que nos encontramos cuando vamos a adquirir una prenda es la talla por eso deberíamos ser mucho más ambiciosos y buscar la armonización de tallas 
es,en.20110510.67.2-690-000,streaming,,69.985,34.420880592000685,0.4918322582267727,"Muchas gracias, Presidente. Quisiera comenzar mi intervención felicitando a todos los que han hecho posible alcanzar un acuerdo. Es un acuerdo del que todos nos debemos congratular porque afecta a la vida diaria de todos los ciudadanos. Pero con el ánimo constructivo que me caracteriza quisiera hacer algunas puntualizaciones. En primer lugar, quisiera llamar la atención sobre la importancia de proporcionar una información precisa, pertinente, pero ante todo comprensible y uniforme para los consumidores sobre los componentes de los productos textiles. De nada servirá una información exhaustiva si luego los ciudadanos no son capaces de descifrarla. Hemos conseguido un paso positivo, necesario, pero no suficiente. Deberíamos avanzar más y proteger a los ciudadanos que pudieran llegar a ser víctimas de prácticas fraudulentas. Señorías, es imprescindible establecer un sistema europeo de etiquetado de tallas en base a las dimensiones corporales, porque lo primero que nos encontramos cuando vamos a adquirir una prenda es la talla. Por eso deberíamos ser mucho más ambiciosos y buscar la armonización de tallas.","Señor Presidente , quisiera comenzar mi intervención felicitando a todos los que han hecho posible alcanzar un acuerdo .
Es un acuerdo del que todos nos debemos congratular porque afecta a la vida diaria de todos los ciudadanos , pero , con el ánimo constructivo que me caracteriza , quisiera hacer algunas puntualizaciones .
En primer lugar , quisiera llamar la atención sobre la importancia de proporcionar una información precisa , pertinente pero , ante todo , comprensible y uniforme para los consumidores sobre los componentes de los productos textiles : de nada servirá una información exhaustiva si luego los ciudadanos no son capaces de descifrarla . Hemos conseguido un paso positivo , necesario pero no suficiente ; deberíamos avanzar más y proteger a los ciudadanos que puedan ser más vulnerables .
Señorías , es imprescindible establecer un sistema europeo de etiquetado de tallas basado en las dimensiones corporales , porque lo primero que nos encontramos cuando vamos a adquirir una prenda es la talla . Por eso , deberíamos ser mucho más ambiciosos y buscar la armonización de tallas .
",muchas gracias presidente quisiera comenzar mi intervención felicitando a todos los que han hecho posible alcanzar un acuerdo es un acuerdo del que todos nos debemos congratular porque afecta a la vida diaria de todos los ciudadanos pero con el ánimo constructivo que me caracteriza quisiera hacer algunas puntualizaciones en primer lugar quisiera llamar la atención sobre la importancia de proporcionar una información precisa pertinente pero ante todo comprensible y uniforme para los consumidores sobre los componentes de los productos textiles de nada servirá una información exhaustiva si luego los ciudadanos no son capaces de descifrarla hemos conseguido un paso positivo necesario pero no suficiente deberíamos avanzar más y proteger a los ciudadanos que pudieran llegar a ser víctimas de prácticas fraudulentas señorías es imprescindible establecer un sistema europeo de etiquetado de tallas en base a las dimensiones corporales porque lo primero que nos encontramos cuando vamos a adquirir una prenda es la talla por eso deberíamos ser mucho más ambiciosos y buscar la armonización de tallas ,señor presidente quisiera comenzar mi intervención felicitando a todos los que han hecho posible alcanzar un acuerdo es un acuerdo del que todos nos debemos congratular porque afecta a la vida diaria de todos los ciudadanos pero con el ánimo constructivo que me caracteriza quisiera hacer algunas puntualizaciones en primer lugar quisiera llamar la atención sobre la importancia de proporcionar una información precisa pertinente pero ante todo comprensible y uniforme para los consumidores sobre los componentes de los productos textiles de nada servirá una información exhaustiva si luego los ciudadanos no son capaces de descifrarla hemos conseguido un paso positivo necesario pero no suficiente deberíamos avanzar más y proteger a los ciudadanos que puedan ser más vulnerables señorías es imprescindible establecer un sistema europeo de etiquetado de tallas basado en las dimensiones corporales porque lo primero que nos encontramos cuando vamos a adquirir una prenda es la talla por eso deberíamos ser mucho más ambiciosos y buscar la armonización de tallas 
es,en.20100310.23.3-387,offline,,75.0005,3.7710083139991184,0.05027977565481721,"La historia me absolverá. Fue el famoso alegato de un joven abogado que hizo vibrar a su pueblo. La historia le absuelve en efecto de su rebeldía contra la tiranía y luego contra el bloqueo norteamericano. Pero con el mismo enfático conjuiciamiento, este Parlamento que representa al mayor espacio de libertad y democracia del mundo condena la dictadura que padece el pueblo de Cuba, la violación de los derechos humanos en la isla, la impiedad con los presos políticos, el desprecio hacia sus nacionales exiliados. El juicio de la historia está claro. Con esta resolución, diputados de todas las ideologías, nos ponemos al lado de los cubanos que luchan. Hay que evitar por todos los medios posibles la represión brutal que sufren, incluso superando la paralizante llamada Posición Común. Homenajeo al poeta Raúl Rivero en el último verso de su Habana. No le impongan impuestos al cariño, al vacío, la aflicción, la amargura. Las ruinas de la patria están seguras. Tranquilos compañeros, ya nos vamos.","¡ La historia me absolverá ! fue el famoso alegato de un joven abogado que hizo vibrar a su pueblo . La historia le absuelve , en efecto , de su rebeldía contra la tiranía y luego contra el bloqueo estadounidense .
Pero con el mismo enfático enjuiciamiento , este Parlamento , que representa el mayor espacio de libertad y democracia del mundo , condena la dictadura que padece el pueblo de Cuba , la violación de los derechos humanos en la isla , la impiedad con los presos políticos , el desprecio hacia sus nacionales exiliados . El juicio de la historia está claro .
Con esta Resolución , diputados de todas las ideologías nos ponemos al lado de los cubanos que luchan . Hay que evitar por todos los medios posibles la represión brutal que sufren , incluso superando la paralizante llamada Posición Común .
Homenajeo al poeta Raúl Rivero en los últimos versos escritos en su Habana : « No le impongan impuestos al cariño , al vacío , la asfixia , la amargura . Las ruinas de la patria están seguras . Tranquilos compañeros . Ya nos vamos » .
",la historia me absolverá fue el famoso alegato de un joven abogado que hizo vibrar a su pueblo la historia le absuelve en efecto de su rebeldía contra la tiranía y luego contra el bloqueo norteamericano pero con el mismo enfático conjuiciamiento este parlamento que representa al mayor espacio de libertad y democracia del mundo condena la dictadura que padece el pueblo de cuba la violación de los derechos humanos en la isla la impiedad con los presos políticos el desprecio hacia sus nacionales exiliados el juicio de la historia está claro con esta resolución diputados de todas las ideologías nos ponemos al lado de los cubanos que luchan hay que evitar por todos los medios posibles la represión brutal que sufren incluso superando la paralizante llamada posición común homenajeo al poeta raúl rivero en el último verso de su habana no le impongan impuestos al cariño al vacío la aflicción la amargura las ruinas de la patria están seguras tranquilos compañeros ya nos vamos , la historia me absolverá fue el famoso alegato de un joven abogado que hizo vibrar a su pueblo la historia le absuelve en efecto de su rebeldía contra la tiranía y luego contra el bloqueo estadounidense pero con el mismo enfático enjuiciamiento este parlamento que representa el mayor espacio de libertad y democracia del mundo condena la dictadura que padece el pueblo de cuba la violación de los derechos humanos en la isla la impiedad con los presos políticos el desprecio hacia sus nacionales exiliados el juicio de la historia está claro con esta resolución diputados de todas las ideologías nos ponemos al lado de los cubanos que luchan hay que evitar por todos los medios posibles la represión brutal que sufren incluso superando la paralizante llamada posición común homenajeo al poeta raúl rivero en los últimos versos escritos en su habana no le impongan impuestos al cariño al vacío la asfixia la amargura las ruinas de la patria están seguras tranquilos compañeros ya nos vamos 
es,en.20100310.23.3-387,streaming,,75.0005,38.56314406399906,0.5141718263744783,"La historia me absolverá. Fue el famoso alegato de un joven abogado que hizo vibrar a su pueblo. La historia le absuelve en efecto de su rebeldía contra la tiranía y luego contra el bloqueo norteamericano. Pero con el mismo énfatico enjuiciamiento, este Parlamento que representa el mayor espacio de libertad y democracia del mundo condena la dictadura que padece el pueblo de Cuba, la violación de los derechos humanos en la isla, la impiedad con los presos políticos, el desprecio hacia sus nacionales exiliados, el juicio de la historia está claro. Con esta resolución, diputados de todas las ideologías, nos ponemos al lado de los cubanos que luchan. Hay que gritar por todos los medios posibles la represión brutal que sufren, incluso superando la paralizante llamada posición común. Homenajeo al poeta Raúl Rivero en el último verso de su Habana. No le impongan impuestos al cariño, al vacío, la exficia, la amargura, las ruinas de la patria están seguras. Tranquilos compañeros, ya nos vamos.","¡ La historia me absolverá ! fue el famoso alegato de un joven abogado que hizo vibrar a su pueblo . La historia le absuelve , en efecto , de su rebeldía contra la tiranía y luego contra el bloqueo estadounidense .
Pero con el mismo enfático enjuiciamiento , este Parlamento , que representa el mayor espacio de libertad y democracia del mundo , condena la dictadura que padece el pueblo de Cuba , la violación de los derechos humanos en la isla , la impiedad con los presos políticos , el desprecio hacia sus nacionales exiliados . El juicio de la historia está claro .
Con esta Resolución , diputados de todas las ideologías nos ponemos al lado de los cubanos que luchan . Hay que evitar por todos los medios posibles la represión brutal que sufren , incluso superando la paralizante llamada Posición Común .
Homenajeo al poeta Raúl Rivero en los últimos versos escritos en su Habana : « No le impongan impuestos al cariño , al vacío , la asfixia , la amargura . Las ruinas de la patria están seguras . Tranquilos compañeros . Ya nos vamos » .
",la historia me absolverá fue el famoso alegato de un joven abogado que hizo vibrar a su pueblo la historia le absuelve en efecto de su rebeldía contra la tiranía y luego contra el bloqueo norteamericano pero con el mismo énfatico enjuiciamiento este parlamento que representa el mayor espacio de libertad y democracia del mundo condena la dictadura que padece el pueblo de cuba la violación de los derechos humanos en la isla la impiedad con los presos políticos el desprecio hacia sus nacionales exiliados el juicio de la historia está claro con esta resolución diputados de todas las ideologías nos ponemos al lado de los cubanos que luchan hay que gritar por todos los medios posibles la represión brutal que sufren incluso superando la paralizante llamada posición común homenajeo al poeta raúl rivero en el último verso de su habana no le impongan impuestos al cariño al vacío la exficia la amargura las ruinas de la patria están seguras tranquilos compañeros ya nos vamos , la historia me absolverá fue el famoso alegato de un joven abogado que hizo vibrar a su pueblo la historia le absuelve en efecto de su rebeldía contra la tiranía y luego contra el bloqueo estadounidense pero con el mismo enfático enjuiciamiento este parlamento que representa el mayor espacio de libertad y democracia del mundo condena la dictadura que padece el pueblo de cuba la violación de los derechos humanos en la isla la impiedad con los presos políticos el desprecio hacia sus nacionales exiliados el juicio de la historia está claro con esta resolución diputados de todas las ideologías nos ponemos al lado de los cubanos que luchan hay que evitar por todos los medios posibles la represión brutal que sufren incluso superando la paralizante llamada posición común homenajeo al poeta raúl rivero en los últimos versos escritos en su habana no le impongan impuestos al cariño al vacío la asfixia la amargura las ruinas de la patria están seguras tranquilos compañeros ya nos vamos 
en,en.20081022.17.3-162,offline,,66.989625,2.9509438529985346,0.04405075939742213,"Mr. President, I share with my friend and colleague, Mr. Skilled, delight that we are closing loopholes in this directive. Timeshare is a big industry, but it can also be a big scam. For example, I have been dealing with a company called the European Timeshare Owners Association, which operates in Spain, but conveniently for an address in Gibraltar. I have had constituents tell me that they were approached by this company, who offered to resell their timeshare. When they went to Spain at great expense, they found there was nobody to buy their timeshare, but this company wanting to sell them other timeshare. I have been trying to get in touch with this company for several weeks, and only finally this week managed to do so because, miraculously, the phone numbers they give do not have people at the other end to answer, and they do not seem to respond to letters either. I would hope we would start now to crack down on organisations like the European Timeshare Owners Association because they give timeshare a bad name, and frankly, they damage the image of the Spanish holiday industry, which I know you care so much about.","Mr President , I share in the delight of my friend and colleague , Ms Gill , that we are closing loopholes in this directive .
Timeshare is a big industry , but it also can be a big scam . For example , I have been dealing with a company called the European Timeshare Owners Organisation , which operates in Spain – but conveniently from an address in Gibraltar – and constituents have told me that they were approached by this company which offered to resell their timeshare . When they went to Spain at great expense , they found there was nobody to buy their timeshare , but this company wanting to sell them other timeshares .
I have been trying to get in touch with this company for several weeks and only finally this week managed to do so , because , miraculously , the phone numbers they give do not have people at the other end to answer – and they do not seem to respond to letters either .
I hope that we will start now to crack down on organisations like the European Timeshare Owners Organisation , because they give timeshare a bad name and , frankly , they damage the image of the Spanish holiday industry , which I know you care so much about .
",mr president i share with my friend and colleague mr skilled delight that we are closing loopholes in this directive timeshare is a big industry but it can also be a big scam for example i have been dealing with a company called the european timeshare owners association which operates in spain but conveniently for an address in gibraltar i have had constituents tell me that they were approached by this company who offered to resell their timeshare when they went to spain at great expense they found there was nobody to buy their timeshare but this company wanting to sell them other timeshare i have been trying to get in touch with this company for several weeks and only finally this week managed to do so because miraculously the phone numbers they give do not have people at the other end to answer and they do not seem to respond to letters either i would hope we would start now to crack down on organisations like the european timeshare owners association because they give timeshare a bad name and frankly they damage the image of the spanish holiday industry which i know you care so much about ,mr president i share in the delight of my friend and colleague ms gill that we are closing loopholes in this directive timeshare is a big industry but it also can be a big scam for example i have been dealing with a company called the european timeshare owners organisation which operates in spain but conveniently from an address in gibraltar and constituents have told me that they were approached by this company which offered to resell their timeshare when they went to spain at great expense they found there was nobody to buy their timeshare but this company wanting to sell them other timeshares i have been trying to get in touch with this company for several weeks and only finally this week managed to do so because miraculously the phone numbers they give do not have people at the other end to answer and they do not seem to respond to letters either i hope that we will start now to crack down on organisations like the european timeshare owners organisation because they give timeshare a bad name and frankly they damage the image of the spanish holiday industry which i know you care so much about 
en,en.20081022.17.3-162,streaming,,66.989625,32.310853510000015,0.48232623350257614,"Thank you, Mr. President. I share with my friend and colleague, Mr. Skilled, delight that we are closing loopholes in this directive. Timeshare is a big industry, but it also can be a big scam. For example, I have been dealing with a company called the European Timeshare Owners Association, which operates in Spain, but conveniently for an address in Gibraltar, and I have had constituents tell me that they were approached by this company, who offered to resell their timeshare when they went to Spain at great expense. They found there was nobody to buy their timeshare, but this company wanting to sell them other timeshare. I have been trying to get in touch with this company for several weeks, and only finally this week managed to do so because, miraculously, their phone numbers they give don't have people at the other end to answer, and they don't seem to respond to letters either. And I would hope we would start now to crack down on organisations like the European Timeshare Owners Association because they give timeshare a bad name, and frankly, they damage the image of the Spanish holiday industry, which I know you care so much about.","Mr President , I share in the delight of my friend and colleague , Ms Gill , that we are closing loopholes in this directive .
Timeshare is a big industry , but it also can be a big scam . For example , I have been dealing with a company called the European Timeshare Owners Organisation , which operates in Spain – but conveniently from an address in Gibraltar – and constituents have told me that they were approached by this company which offered to resell their timeshare . When they went to Spain at great expense , they found there was nobody to buy their timeshare , but this company wanting to sell them other timeshares .
I have been trying to get in touch with this company for several weeks and only finally this week managed to do so , because , miraculously , the phone numbers they give do not have people at the other end to answer – and they do not seem to respond to letters either .
I hope that we will start now to crack down on organisations like the European Timeshare Owners Organisation , because they give timeshare a bad name and , frankly , they damage the image of the Spanish holiday industry , which I know you care so much about .
",thank you mr president i share with my friend and colleague mr skilled delight that we are closing loopholes in this directive timeshare is a big industry but it also can be a big scam for example i have been dealing with a company called the european timeshare owners association which operates in spain but conveniently for an address in gibraltar and i have had constituents tell me that they were approached by this company who offered to resell their timeshare when they went to spain at great expense they found there was nobody to buy their timeshare but this company wanting to sell them other timeshare i have been trying to get in touch with this company for several weeks and only finally this week managed to do so because miraculously their phone numbers they give don t have people at the other end to answer and they don t seem to respond to letters either and i would hope we would start now to crack down on organisations like the european timeshare owners association because they give timeshare a bad name and frankly they damage the image of the spanish holiday industry which i know you care so much about ,mr president i share in the delight of my friend and colleague ms gill that we are closing loopholes in this directive timeshare is a big industry but it also can be a big scam for example i have been dealing with a company called the european timeshare owners organisation which operates in spain but conveniently from an address in gibraltar and constituents have told me that they were approached by this company which offered to resell their timeshare when they went to spain at great expense they found there was nobody to buy their timeshare but this company wanting to sell them other timeshares i have been trying to get in touch with this company for several weeks and only finally this week managed to do so because miraculously the phone numbers they give do not have people at the other end to answer and they do not seem to respond to letters either i hope that we will start now to crack down on organisations like the european timeshare owners organisation because they give timeshare a bad name and frankly they damage the image of the spanish holiday industry which i know you care so much about 
en,en.20100615.8.2-145,offline,,29.025,1.250534332000825,0.043084731507349705,"Mr. President, I hate to have to prolong this further. What you said in your instructions was that people could vote either in favour or abstain. The final results show, however, in favour, abstentions, and against. I understand that there may be many people who would avoid it differently if they knew they had the choice of the three. So what I would like to ask is if indeed this is the correct way to do it, to do it the last time. Thank you.","Mr President , I hate to have to prolong this further . What you said in your instructions was that people could either vote in favour or abstain . The final results show , however , ‘ in favour ’ , ‘ abstentions ’ and ‘ against ’ . I understand that there may be many people who would have voted differently if they had known they had the choice of the three . What I would like to ask is , if indeed this is the correct way to do it , to do it one last time .
",mr president i hate to have to prolong this further what you said in your instructions was that people could vote either in favour or abstain the final results show however in favour abstentions and against i understand that there may be many people who would avoid it differently if they knew they had the choice of the three so what i would like to ask is if indeed this is the correct way to do it to do it the last time thank you ,mr president i hate to have to prolong this further what you said in your instructions was that people could either vote in favour or abstain the final results show however in favour abstentions and against i understand that there may be many people who would have voted differently if they had known they had the choice of the three what i would like to ask is if indeed this is the correct way to do it to do it one last time 
en,en.20100615.8.2-145,streaming,,29.025,9.53818858500017,0.32861976175711183,"Mr. President, I hate to have to prolong this further. What you said in your instructions was that people could vote either in favour or abstain. The final results show, however, in favour, abstentions, and against. I understand that there may be many people who would avoid it differently if they knew they had the choice of the three. So, what I would like to ask is if indeed this is the correct way to do it—to do it the last time. Thank you.","Mr President , I hate to have to prolong this further . What you said in your instructions was that people could either vote in favour or abstain . The final results show , however , ‘ in favour ’ , ‘ abstentions ’ and ‘ against ’ . I understand that there may be many people who would have voted differently if they had known they had the choice of the three . What I would like to ask is , if indeed this is the correct way to do it , to do it one last time .
",mr president i hate to have to prolong this further what you said in your instructions was that people could vote either in favour or abstain the final results show however in favour abstentions and against i understand that there may be many people who would avoid it differently if they knew they had the choice of the three so what i would like to ask is if indeed this is the correct way to do it to do it the last time thank you ,mr president i hate to have to prolong this further what you said in your instructions was that people could either vote in favour or abstain the final results show however in favour abstentions and against i understand that there may be many people who would have voted differently if they had known they had the choice of the three what i would like to ask is if indeed this is the correct way to do it to do it one last time 
en,en.20090914.23.1-076,offline,,50.9910625,2.2522789040012867,0.044170072039610604,"Mr. President, I want to raise the case of Mr. John Zafeiropoulos, who is in prison in Greece. His family, who are my constituents, are convinced of his innocence. At the beginning of this year, I wrote to the Minister of Justice in Athens, raising the case. I didn't get a reply. So, in a one-minute speech here in May in this Hemicircle, I raised the question. Immediately after I had spoken, the Greek Permanent Representation rushed to my office and promised me an immediate reply from the Minister in person. Four months later, nothing. So, if the Greek Permanent Representation is listening to us now in the Hemicircle, I would like to express my surprise and dismay that nothing has happened. Would they please get me a reply from the Minister and look at the case of Mr. John Zafeiropoulos again?","Mr President , I want to raise the case of Mr John Zafiropoulos , who is in prison in Greece . His family , who are my constituents , are convinced of his innocence . At the beginning of this year , I wrote to the Minister of Justice in Athens raising the case . I did not get a reply , so in a one-minute speech here in May in this Hemicycle I raised the question . Immediately after I had spoken , the Greek Permanent Representation rushed to my office and promised me an immediate reply from the Minister in person . Four months later : nothing .
If the Greek Permanent Representation is listening to us now in the Hemicycle , I would like to express my surprise and dismay that nothing has happened . Would they please get me a reply from the Minister and look at the case of Mr John Zafiropoulos again ?
",mr president i want to raise the case of mr john zafeiropoulos who is in prison in greece his family who are my constituents are convinced of his innocence at the beginning of this year i wrote to the minister of justice in athens raising the case i didn t get a reply so in a one minute speech here in may in this hemicircle i raised the question immediately after i had spoken the greek permanent representation rushed to my office and promised me an immediate reply from the minister in person four months later nothing so if the greek permanent representation is listening to us now in the hemicircle i would like to express my surprise and dismay that nothing has happened would they please get me a reply from the minister and look at the case of mr john zafeiropoulos again ,mr president i want to raise the case of mr john zafiropoulos who is in prison in greece his family who are my constituents are convinced of his innocence at the beginning of this year i wrote to the minister of justice in athens raising the case i did not get a reply so in a one minute speech here in may in this hemicycle i raised the question immediately after i had spoken the greek permanent representation rushed to my office and promised me an immediate reply from the minister in person four months later nothing if the greek permanent representation is listening to us now in the hemicycle i would like to express my surprise and dismay that nothing has happened would they please get me a reply from the minister and look at the case of mr john zafiropoulos again 
en,en.20090914.23.1-076,streaming,,50.9910625,21.09010185199986,0.4136038909171556,"Mr. President, I want to raise the case of Mr. John Zafeiropoulos, who is in prison in Greece. His family, who are my constituents, are convinced of his innocence. At the beginning of this year, I wrote to the Minister of Justice in Athens, raising the case. I did not get a reply. So, in a one-minute speech here in May in this chamber, I raised the question. Immediately after I had spoken, the Greek permanent representation rushed to my office and promised me an immediate reply from the minister in person. Four months later, nothing. So, if the Greek permanent representation is listening to us now in the chamber, I would like to express my surprise and dismay that nothing has happened. Would they please get me a reply from the minister and look at the case of Mr. John Zafeiropoulos again?","Mr President , I want to raise the case of Mr John Zafiropoulos , who is in prison in Greece . His family , who are my constituents , are convinced of his innocence . At the beginning of this year , I wrote to the Minister of Justice in Athens raising the case . I did not get a reply , so in a one-minute speech here in May in this Hemicycle I raised the question . Immediately after I had spoken , the Greek Permanent Representation rushed to my office and promised me an immediate reply from the Minister in person . Four months later : nothing .
If the Greek Permanent Representation is listening to us now in the Hemicycle , I would like to express my surprise and dismay that nothing has happened . Would they please get me a reply from the Minister and look at the case of Mr John Zafiropoulos again ?
",mr president i want to raise the case of mr john zafeiropoulos who is in prison in greece his family who are my constituents are convinced of his innocence at the beginning of this year i wrote to the minister of justice in athens raising the case i did not get a reply so in a one minute speech here in may in this chamber i raised the question immediately after i had spoken the greek permanent representation rushed to my office and promised me an immediate reply from the minister in person four months later nothing so if the greek permanent representation is listening to us now in the chamber i would like to express my surprise and dismay that nothing has happened would they please get me a reply from the minister and look at the case of mr john zafeiropoulos again ,mr president i want to raise the case of mr john zafiropoulos who is in prison in greece his family who are my constituents are convinced of his innocence at the beginning of this year i wrote to the minister of justice in athens raising the case i did not get a reply so in a one minute speech here in may in this hemicycle i raised the question immediately after i had spoken the greek permanent representation rushed to my office and promised me an immediate reply from the minister in person four months later nothing if the greek permanent representation is listening to us now in the hemicycle i would like to express my surprise and dismay that nothing has happened would they please get me a reply from the minister and look at the case of mr john zafiropoulos again 
en,en.20090112.13.1-045,offline,,70.0314375,2.605831124999895,0.03720944789973639,"Mr. President, the gas crisis has left hundreds of thousands of households across 17 European countries without heating during freezing temperatures. Eastern and Central Europe has been affected the most by the dispute, which has shut down factories and schools. Even if Kiev and Moscow sign the EU-brokered deal after hours of talks, EU official Gazprom says that the deal to restart gas supplies to Europe via Ukraine will be delayed as it has not received a copy of the agreement. The team of technical experts sent by the European Commission will check flows into Ukraine pipelines from Russia. And even if the gas starts to flow in Ukraine, it may take about 36 hours for it to reach EU states. As a result, Europe needs a single policy on energy security in order to avoid future conflict, and it needs to diversify its energy sources of supplies. I welcome the intervention of Parliament in the dispute and hope that an agreement will be reached as soon as possible in order to avoid a deepening conflict. Thank you.","Mr President , the gas crisis has left hundreds of thousands of households across 17 European countries without heating during freezing temperatures . Eastern and central Europe have been affected the most by the dispute , which has shut down factories and schools .
Even if Kiev and Moscow sign the EU-brokered deal after hours of talks with EU officials , Gazprom says that the deal to restart gas supplies to Europe via Ukraine will be delayed as it has not received a copy of the agreement .
The team of technical experts sent by the European Commission will check flows into Ukrainian pipelines from Russia and , even if the gas starts to flow in Ukraine , it may take about 36 hours to reach EU Member States . As a result , Europe needs a single policy on energy security in order to avoid future conflicts and it needs to diversity its sources of energy supplies .
I welcome the intervention of Parliament in the dispute and hope that an agreement will be reached as soon as possible in order to avoid a deepening conflict .
",mr president the gas crisis has left hundreds of thousands of households across 17 european countries without heating during freezing temperatures eastern and central europe has been affected the most by the dispute which has shut down factories and schools even if kiev and moscow sign the eu brokered deal after hours of talks eu official gazprom says that the deal to restart gas supplies to europe via ukraine will be delayed as it has not received a copy of the agreement the team of technical experts sent by the european commission will check flows into ukraine pipelines from russia and even if the gas starts to flow in ukraine it may take about 36 hours for it to reach eu states as a result europe needs a single policy on energy security in order to avoid future conflict and it needs to diversify its energy sources of supplies i welcome the intervention of parliament in the dispute and hope that an agreement will be reached as soon as possible in order to avoid a deepening conflict thank you ,mr president the gas crisis has left hundreds of thousands of households across 17 european countries without heating during freezing temperatures eastern and central europe have been affected the most by the dispute which has shut down factories and schools even if kiev and moscow sign the eu brokered deal after hours of talks with eu officials gazprom says that the deal to restart gas supplies to europe via ukraine will be delayed as it has not received a copy of the agreement the team of technical experts sent by the european commission will check flows into ukrainian pipelines from russia and even if the gas starts to flow in ukraine it may take about 36 hours to reach eu member states as a result europe needs a single policy on energy security in order to avoid future conflicts and it needs to diversity its sources of energy supplies i welcome the intervention of parliament in the dispute and hope that an agreement will be reached as soon as possible in order to avoid a deepening conflict 
en,en.20090112.13.1-045,streaming,,70.0314375,33.59658232699985,0.4797357233599532,"Republics. President, the gas crisis has left hundreds of thousands of households across 17 European countries without heating during freezing temperatures. Eastern and Central Europe has been affected the most by the dispute, which has shut down factories and schools. Even if Kiev and Moscow sign the EU-brokered deal after hours of talks with EU officials, Gazprom says that the deal to restart gas supplies to Europe via Ukraine will be delayed as it has not received a copy of the agreement. The team of technical experts sent by the European Commission will check flows into Ukraine pipelines from Russia. And even if the gas starts to flow in Ukraine, it may take about 36 hours for it to reach EU states. As a result, Europe needs a single policy on energy security in order to avoid future conflict, and it needs to diversify its energy sources of supplies. I welcome the fact that the European Commission has launched a new initiative to support the energy security of the EU. I welcome the intervention of Parliament in the dispute and hope that an agreement will be reached as soon as possible in order to avoid a deepening conflict. Thank you.","Mr President , the gas crisis has left hundreds of thousands of households across 17 European countries without heating during freezing temperatures . Eastern and central Europe have been affected the most by the dispute , which has shut down factories and schools .
Even if Kiev and Moscow sign the EU-brokered deal after hours of talks with EU officials , Gazprom says that the deal to restart gas supplies to Europe via Ukraine will be delayed as it has not received a copy of the agreement .
The team of technical experts sent by the European Commission will check flows into Ukrainian pipelines from Russia and , even if the gas starts to flow in Ukraine , it may take about 36 hours to reach EU Member States . As a result , Europe needs a single policy on energy security in order to avoid future conflicts and it needs to diversity its sources of energy supplies .
I welcome the intervention of Parliament in the dispute and hope that an agreement will be reached as soon as possible in order to avoid a deepening conflict .
",republics president the gas crisis has left hundreds of thousands of households across 17 european countries without heating during freezing temperatures eastern and central europe has been affected the most by the dispute which has shut down factories and schools even if kiev and moscow sign the eu brokered deal after hours of talks with eu officials gazprom says that the deal to restart gas supplies to europe via ukraine will be delayed as it has not received a copy of the agreement the team of technical experts sent by the european commission will check flows into ukraine pipelines from russia and even if the gas starts to flow in ukraine it may take about 36 hours for it to reach eu states as a result europe needs a single policy on energy security in order to avoid future conflict and it needs to diversify its energy sources of supplies i welcome the fact that the european commission has launched a new initiative to support the energy security of the eu i welcome the intervention of parliament in the dispute and hope that an agreement will be reached as soon as possible in order to avoid a deepening conflict thank you ,mr president the gas crisis has left hundreds of thousands of households across 17 european countries without heating during freezing temperatures eastern and central europe have been affected the most by the dispute which has shut down factories and schools even if kiev and moscow sign the eu brokered deal after hours of talks with eu officials gazprom says that the deal to restart gas supplies to europe via ukraine will be delayed as it has not received a copy of the agreement the team of technical experts sent by the european commission will check flows into ukrainian pipelines from russia and even if the gas starts to flow in ukraine it may take about 36 hours to reach eu member states as a result europe needs a single policy on energy security in order to avoid future conflicts and it needs to diversity its sources of energy supplies i welcome the intervention of parliament in the dispute and hope that an agreement will be reached as soon as possible in order to avoid a deepening conflict 
en,en.20101214.32.2-175,offline,,65.991125,2.2578939639988675,0.034215115502256824,"Thank you very much. I just want to say that my voting machine didn't work at the voting on the European Protection Order, but I would have voted in favour, because this is a very important issue, and it was important that Parliament adopted the European Protection Order today. This legislation is essential for Europe. The mutual recognition of judgments and judicial decisions is fundamental in an area of freedom, security and justice. In order to prevent a crime or a new crime being committed against a protected person, the executing state is now given a legal basis for recognising a decision previously adopted in another member state. This legislation is needed for the protection of violence against women and the other victims of violence. It is an essential and important step in making victims able to reside or stay wherever they want to in the EU and thereby be included in the freedom of movement. Thank you, Mr. President.","Mr President , I just want to say that my voting machine did not work for the vote on the European Protection Order , but I would have voted in favour because this is a very important issue and it was important for Parliament to adopt the European Protection Order today .
This legislation is essential for Europe . The mutual recognition of judgment and judicial decisions is fundamental in an area of freedom , security and justice . In order to prevent a crime , or a new crime , being committed against a protected person , the executing state is now given a legal base for recognising a decision previously adopted in another Member State .
This legislation is needed for the prevention of violence against women and the other victims of violence . It is an essential and important step in enabling victims to reside or stay wherever they want in the EU and thereby be included in the freedom of movement .
",thank you very much i just want to say that my voting machine didn t work at the voting on the european protection order but i would have voted in favour because this is a very important issue and it was important that parliament adopted the european protection order today this legislation is essential for europe the mutual recognition of judgments and judicial decisions is fundamental in an area of freedom security and justice in order to prevent a crime or a new crime being committed against a protected person the executing state is now given a legal basis for recognising a decision previously adopted in another member state this legislation is needed for the protection of violence against women and the other victims of violence it is an essential and important step in making victims able to reside or stay wherever they want to in the eu and thereby be included in the freedom of movement thank you mr president ,mr president i just want to say that my voting machine did not work for the vote on the european protection order but i would have voted in favour because this is a very important issue and it was important for parliament to adopt the european protection order today this legislation is essential for europe the mutual recognition of judgment and judicial decisions is fundamental in an area of freedom security and justice in order to prevent a crime or a new crime being committed against a protected person the executing state is now given a legal base for recognising a decision previously adopted in another member state this legislation is needed for the prevention of violence against women and the other victims of violence it is an essential and important step in enabling victims to reside or stay wherever they want in the eu and thereby be included in the freedom of movement 
en,en.20101214.32.2-175,streaming,,65.991125,30.046027146001506,0.4553040601444741,"Thank you very much. I just want to say that my voting machine didn't work at the voting on the European Protection Order, but I would have voted in favour, because this is a very important issue, and it was important that Parliament adopted the European Protection Order today. This legislation is essential for Europe. The mutual recognition of judgments and judicial decisions is fundamental in an area of freedom, security and justice. In order to prevent a crime or a new crime being committed against a protected person, the executing state is now given a legal basis for recognising a decision previously adopted in another member state. This legislation is needed for the protection of violence against women and the other victims of violence. It is an essential and important step in making victims able to reside or stay wherever they want to in the EU, and thereby be included in the freedom of movement. Thank you, Mr. President.","Mr President , I just want to say that my voting machine did not work for the vote on the European Protection Order , but I would have voted in favour because this is a very important issue and it was important for Parliament to adopt the European Protection Order today .
This legislation is essential for Europe . The mutual recognition of judgment and judicial decisions is fundamental in an area of freedom , security and justice . In order to prevent a crime , or a new crime , being committed against a protected person , the executing state is now given a legal base for recognising a decision previously adopted in another Member State .
This legislation is needed for the prevention of violence against women and the other victims of violence . It is an essential and important step in enabling victims to reside or stay wherever they want in the EU and thereby be included in the freedom of movement .
",thank you very much i just want to say that my voting machine didn t work at the voting on the european protection order but i would have voted in favour because this is a very important issue and it was important that parliament adopted the european protection order today this legislation is essential for europe the mutual recognition of judgments and judicial decisions is fundamental in an area of freedom security and justice in order to prevent a crime or a new crime being committed against a protected person the executing state is now given a legal basis for recognising a decision previously adopted in another member state this legislation is needed for the protection of violence against women and the other victims of violence it is an essential and important step in making victims able to reside or stay wherever they want to in the eu and thereby be included in the freedom of movement thank you mr president ,mr president i just want to say that my voting machine did not work for the vote on the european protection order but i would have voted in favour because this is a very important issue and it was important for parliament to adopt the european protection order today this legislation is essential for europe the mutual recognition of judgment and judicial decisions is fundamental in an area of freedom security and justice in order to prevent a crime or a new crime being committed against a protected person the executing state is now given a legal base for recognising a decision previously adopted in another member state this legislation is needed for the prevention of violence against women and the other victims of violence it is an essential and important step in enabling victims to reside or stay wherever they want in the eu and thereby be included in the freedom of movement 
en,en.20101215.23.3-279,offline,,44.0250625,1.8861437369996565,0.04284249992830008,"I hope that you appreciate the fact that I allowed you to speak, although what you raised was really not a point of order. My job is not to monitor what members decide to say. My job is to ensure that they say it when they have the time to say it, as opposed to interrupting each other, and doing so, I might add, in a rather rude and loud way. So thank you for your comment. I will insist, when I chair at least, that members conduct themselves in a civil way among each other and try to keep the time as best I can. What members say in the room, in a democratic room such as this, is their business, not mine. Now, Mr. Kelly, for one minute.","I hope that you appreciate the fact that I allowed you to speak , although what you raised was not really a point of order . My job is not to monitor what Members decide to say . My job is to ensure that they say it when they have the time to say it , as opposed to interrupting each other and doing so , I might add , in a rather rude and loud way . So thank you for your comment . I will insist , when I chair at least , that Members conduct themselves in a civil way with each other , and I will try to keep the time as best I can . What Members say in the room , in a democratic room such as this , is their business , not mine .
",i hope that you appreciate the fact that i allowed you to speak although what you raised was really not a point of order my job is not to monitor what members decide to say my job is to ensure that they say it when they have the time to say it as opposed to interrupting each other and doing so i might add in a rather rude and loud way so thank you for your comment i will insist when i chair at least that members conduct themselves in a civil way among each other and try to keep the time as best i can what members say in the room in a democratic room such as this is their business not mine now mr kelly for one minute ,i hope that you appreciate the fact that i allowed you to speak although what you raised was not really a point of order my job is not to monitor what members decide to say my job is to ensure that they say it when they have the time to say it as opposed to interrupting each other and doing so i might add in a rather rude and loud way so thank you for your comment i will insist when i chair at least that members conduct themselves in a civil way with each other and i will try to keep the time as best i can what members say in the room in a democratic room such as this is their business not mine 
en,en.20101215.23.3-279,streaming,,44.0250625,17.22676072000104,0.39129440690745276,"I hope that you appreciate the fact that I allowed you that I allowed you to speak, although what you raised was really not a point of order. My job is not to monitor what members decide to say. My job is to ensure that they say it when they have the time to say it, as opposed to interrupting each other, and doing so, I might add, in a rather rude and loud way. So, thank you for your comment. I will insist, when I chair at least, that members conduct themselves in a civil way among each other and try to keep the time as best I can. What members say in the room, in a democratic room such as this, is their business, not mine. Now, Mr. Kelly, for one minute.","I hope that you appreciate the fact that I allowed you to speak , although what you raised was not really a point of order . My job is not to monitor what Members decide to say . My job is to ensure that they say it when they have the time to say it , as opposed to interrupting each other and doing so , I might add , in a rather rude and loud way . So thank you for your comment . I will insist , when I chair at least , that Members conduct themselves in a civil way with each other , and I will try to keep the time as best I can . What Members say in the room , in a democratic room such as this , is their business , not mine .
",i hope that you appreciate the fact that i allowed you that i allowed you to speak although what you raised was really not a point of order my job is not to monitor what members decide to say my job is to ensure that they say it when they have the time to say it as opposed to interrupting each other and doing so i might add in a rather rude and loud way so thank you for your comment i will insist when i chair at least that members conduct themselves in a civil way among each other and try to keep the time as best i can what members say in the room in a democratic room such as this is their business not mine now mr kelly for one minute ,i hope that you appreciate the fact that i allowed you to speak although what you raised was not really a point of order my job is not to monitor what members decide to say my job is to ensure that they say it when they have the time to say it as opposed to interrupting each other and doing so i might add in a rather rude and loud way so thank you for your comment i will insist when i chair at least that members conduct themselves in a civil way with each other and i will try to keep the time as best i can what members say in the room in a democratic room such as this is their business not mine 
en,en.20090507.29.4-153,offline,,69.985,2.953396179000265,0.04220041693220354,"Mr. President, after 15 years, this will be my last speech in the European Parliament, and I think there are few more important issues than the whole question of asylum and how European countries face this challenge. There is no easy response to this issue either. If there was, some country would have found it by now. In reality, I would suggest that the only way to reduce the number of desperate people who seek refuge or asylum in a country other than their own is to address the root causes that force them to leave their homes and country of origin. That is why it is so important, colleagues, that we in the EU and in all developed democratic countries offer advice, help and support, including financial support, to those countries that are affected by war, internal violence, lack of human rights or discrimination. Equally, we have to address the poverty around the world, which contributes to migratory pressures. We should never condemn people who are forced to seek asylum or refugee status. Instead, we should offer sympathy and offer our support. That, today, colleagues, is our challenge. Thank you, President. Thank you, Parliament.","Mr President , after 15 years this will be my last speech in the European Parliament and I think there are few more important issues than the whole question of asylum and how European countries face this challenge .
There is no easy response to this issue either . If there was , some country would have found it by now . In reality , I would suggest that the only way to reduce the number of desperate people who seek refuge or asylum in a country other than their own is to address the root causes that force them to leave their homes and countries of origin . That is why it is so important that we in the EU , and in all developed democratic countries , offer advice , help and support – including financial support – to those countries that are affected by war , internal violence , lack of human rights or discrimination .
Equally , we have to address the poverty around the world which contributes to migratory pressures . We should never condemn people who are forced to seek asylum or refugee status . Instead , we should offer sympathy and offer our support . That is our challenge today .
",mr president after 15 years this will be my last speech in the european parliament and i think there are few more important issues than the whole question of asylum and how european countries face this challenge there is no easy response to this issue either if there was some country would have found it by now in reality i would suggest that the only way to reduce the number of desperate people who seek refuge or asylum in a country other than their own is to address the root causes that force them to leave their homes and country of origin that is why it is so important colleagues that we in the eu and in all developed democratic countries offer advice help and support including financial support to those countries that are affected by war internal violence lack of human rights or discrimination equally we have to address the poverty around the world which contributes to migratory pressures we should never condemn people who are forced to seek asylum or refugee status instead we should offer sympathy and offer our support that today colleagues is our challenge thank you president thank you parliament ,mr president after 15 years this will be my last speech in the european parliament and i think there are few more important issues than the whole question of asylum and how european countries face this challenge there is no easy response to this issue either if there was some country would have found it by now in reality i would suggest that the only way to reduce the number of desperate people who seek refuge or asylum in a country other than their own is to address the root causes that force them to leave their homes and countries of origin that is why it is so important that we in the eu and in all developed democratic countries offer advice help and support including financial support to those countries that are affected by war internal violence lack of human rights or discrimination equally we have to address the poverty around the world which contributes to migratory pressures we should never condemn people who are forced to seek asylum or refugee status instead we should offer sympathy and offer our support that is our challenge today 
en,en.20090507.29.4-153,streaming,,69.985,33.00607575399954,0.47161642857754577,"Thank you very much, President. After 15 years, this will be my last speech in the European Parliament, and I think there are few more important issues than the whole question of asylum and how European countries face this challenge. President, there is no easy response to this issue either. If there was, some country would have found it by now. In reality, I would suggest that the only way to reduce the number of desperate people who seek refuge or asylum in a country other than their own is to address the root causes that force them to leave their homes and country of origin. That is why it is so important, colleagues, that we in the EU and in all developed democratic countries offer advice, help and support, including financial support, to those countries that are affected by war, internal violence, lack of human rights or discrimination. Equally, we have to address the poverty around the world, which contributes to migratory pressures. We should never condemn people who are forced to seek asylum or refugee status. Instead, we should offer sympathy and offer our support. That, today, colleagues, is our challenge. Thank you, President. Thank you, Parliament.","Mr President , after 15 years this will be my last speech in the European Parliament and I think there are few more important issues than the whole question of asylum and how European countries face this challenge .
There is no easy response to this issue either . If there was , some country would have found it by now . In reality , I would suggest that the only way to reduce the number of desperate people who seek refuge or asylum in a country other than their own is to address the root causes that force them to leave their homes and countries of origin . That is why it is so important that we in the EU , and in all developed democratic countries , offer advice , help and support – including financial support – to those countries that are affected by war , internal violence , lack of human rights or discrimination .
Equally , we have to address the poverty around the world which contributes to migratory pressures . We should never condemn people who are forced to seek asylum or refugee status . Instead , we should offer sympathy and offer our support . That is our challenge today .
",thank you very much president after 15 years this will be my last speech in the european parliament and i think there are few more important issues than the whole question of asylum and how european countries face this challenge president there is no easy response to this issue either if there was some country would have found it by now in reality i would suggest that the only way to reduce the number of desperate people who seek refuge or asylum in a country other than their own is to address the root causes that force them to leave their homes and country of origin that is why it is so important colleagues that we in the eu and in all developed democratic countries offer advice help and support including financial support to those countries that are affected by war internal violence lack of human rights or discrimination equally we have to address the poverty around the world which contributes to migratory pressures we should never condemn people who are forced to seek asylum or refugee status instead we should offer sympathy and offer our support that today colleagues is our challenge thank you president thank you parliament ,mr president after 15 years this will be my last speech in the european parliament and i think there are few more important issues than the whole question of asylum and how european countries face this challenge there is no easy response to this issue either if there was some country would have found it by now in reality i would suggest that the only way to reduce the number of desperate people who seek refuge or asylum in a country other than their own is to address the root causes that force them to leave their homes and countries of origin that is why it is so important that we in the eu and in all developed democratic countries offer advice help and support including financial support to those countries that are affected by war internal violence lack of human rights or discrimination equally we have to address the poverty around the world which contributes to migratory pressures we should never condemn people who are forced to seek asylum or refugee status instead we should offer sympathy and offer our support that is our challenge today 
en,en.20090324.30.2-363,offline,,60.000375,2.0897767589995055,0.03482939496627322,"Mr. President, what worries me most is the suggestion that the European Investment Bank has a significant role to play in solving the financial crisis; that it can somehow act as the Europe-wide body to provide stimulus where member states have singularly failed to coordinate their own stimulus. The danger is that if it expands its activities too far into supporting commercial banks and governments, as has been suggested, then its enviable high credit rating may be downgraded, like some of our governments. The EIB has a leverage of about 35 times, and its shareholders are member state governments. It would be a serious issue if it were to go bust, like some of our commercial banks. The report even encourages the EIB and the Commission to increase lending by experimenting with new, innovative financial instruments. I thought the world had seen enough of clever financial tricks.","Mr President , what worries me most is the suggestion that the European Investment Bank ( EIB ) has a significant role to play in solving the financial crisis – that it can somehow act as the Europe-wide body to provide stimulus where Member States have singularly failed to coordinate their own stimuli .
The danger is that , if it expands its activities too far into supporting commercial banks and governments – as has been suggested – then its enviable high credit rating may be downgraded , like some of our governments .
The EIB has a leverage of about 35 times , and its shareholders are Member State governments . It would be a serious issue if it were to go bust , like some of our commercial banks . The report even encourages the EIB and the Commission to increase lending by experimenting with new innovative financial instruments . I thought the world had seen enough of clever financial tricks .
",mr president what worries me most is the suggestion that the european investment bank has a significant role to play in solving the financial crisis that it can somehow act as the europe wide body to provide stimulus where member states have singularly failed to coordinate their own stimulus the danger is that if it expands its activities too far into supporting commercial banks and governments as has been suggested then its enviable high credit rating may be downgraded like some of our governments the eib has a leverage of about 35 times and its shareholders are member state governments it would be a serious issue if it were to go bust like some of our commercial banks the report even encourages the eib and the commission to increase lending by experimenting with new innovative financial instruments i thought the world had seen enough of clever financial tricks ,mr president what worries me most is the suggestion that the european investment bank has a significant role to play in solving the financial crisis that it can somehow act as the europe wide body to provide stimulus where member states have singularly failed to coordinate their own stimuli the danger is that if it expands its activities too far into supporting commercial banks and governments as has been suggested then its enviable high credit rating may be downgraded like some of our governments the eib has a leverage of about 35 times and its shareholders are member state governments it would be a serious issue if it were to go bust like some of our commercial banks the report even encourages the eib and the commission to increase lending by experimenting with new innovative financial instruments i thought the world had seen enough of clever financial tricks 
en,en.20090324.30.2-363,streaming,,60.000375,22.88201852599923,0.3813645919046211,"Mr. President, what worries me most is that the Commission is not taking the necessary steps to ensure that the European Union is able to fulfil its role as the world's largest economy.","Mr President , what worries me most is the suggestion that the European Investment Bank ( EIB ) has a significant role to play in solving the financial crisis – that it can somehow act as the Europe-wide body to provide stimulus where Member States have singularly failed to coordinate their own stimuli .
The danger is that , if it expands its activities too far into supporting commercial banks and governments – as has been suggested – then its enviable high credit rating may be downgraded , like some of our governments .
The EIB has a leverage of about 35 times , and its shareholders are Member State governments . It would be a serious issue if it were to go bust , like some of our commercial banks . The report even encourages the EIB and the Commission to increase lending by experimenting with new innovative financial instruments . I thought the world had seen enough of clever financial tricks .
",mr president what worries me most is that the commission is not taking the necessary steps to ensure that the european union is able to fulfil its role as the world s largest economy ,mr president what worries me most is the suggestion that the european investment bank has a significant role to play in solving the financial crisis that it can somehow act as the europe wide body to provide stimulus where member states have singularly failed to coordinate their own stimuli the danger is that if it expands its activities too far into supporting commercial banks and governments as has been suggested then its enviable high credit rating may be downgraded like some of our governments the eib has a leverage of about 35 times and its shareholders are member state governments it would be a serious issue if it were to go bust like some of our commercial banks the report even encourages the eib and the commission to increase lending by experimenting with new innovative financial instruments i thought the world had seen enough of clever financial tricks 
en,en.20090324.3.2-029,offline,,67.0128125,2.119042865000665,0.031621458433798245,"Mr. President, I speak to the Van Dissel report and to emphasise three points. First, that territorial cohesion involves promoting polycentric development across the European Union. This means eliminating disparities within as well as between regions. There is consequently a need for improved spatial analysis and the development of indicators against which policies can be designed and their impact assessed. Second, there must be an integrated approach with measurement in advance of the effect that sectoral policies would have at regional levels and the achievement of greater synergy between them. Certainly, such impact assessment could preempt certain problems, such as those posed by the electronic identification of sheep in Scotland. Third, an integrated approach demands proper multi-level governance involving all stakeholders in the design and implementation of strategies. What the Commissioner has said in these respects has been very welcome, and I hope for great support for this excellent report.","Madam President , I speak on the van Nistelrooij report and to emphasise three points .
First , that territorial cohesion involves promoting polycentric development across the European Union . This means eliminating disparities within , as well as between , regions . There is consequently a need for improved spatial analysis and the development of indicators against which policies can be designed and their impact assessed .
Second , there must be an integrated approach , with measurement in advance of the effect that sectoral policies would have at regional levels and the achievement of greater synergy between them . Certainly , such impact assessment could pre-empt certain problems , such as those posed by the electronic identification of sheep in Scotland .
Third , an integrated approach demands proper multilevel governance , involving all stakeholders in the design and implementation of strategies .
What the Commissioner has said in these respects has been very welcome , and I hope for great support for this excellent report .
",mr president i speak to the van dissel report and to emphasise three points first that territorial cohesion involves promoting polycentric development across the european union this means eliminating disparities within as well as between regions there is consequently a need for improved spatial analysis and the development of indicators against which policies can be designed and their impact assessed second there must be an integrated approach with measurement in advance of the effect that sectoral policies would have at regional levels and the achievement of greater synergy between them certainly such impact assessment could preempt certain problems such as those posed by the electronic identification of sheep in scotland third an integrated approach demands proper multi level governance involving all stakeholders in the design and implementation of strategies what the commissioner has said in these respects has been very welcome and i hope for great support for this excellent report ,madam president i speak on the van nistelrooij report and to emphasise three points first that territorial cohesion involves promoting polycentric development across the european union this means eliminating disparities within as well as between regions there is consequently a need for improved spatial analysis and the development of indicators against which policies can be designed and their impact assessed second there must be an integrated approach with measurement in advance of the effect that sectoral policies would have at regional levels and the achievement of greater synergy between them certainly such impact assessment could pre empt certain problems such as those posed by the electronic identification of sheep in scotland third an integrated approach demands proper multilevel governance involving all stakeholders in the design and implementation of strategies what the commissioner has said in these respects has been very welcome and i hope for great support for this excellent report 
en,en.20090324.3.2-029,streaming,,67.0128125,29.683454436999455,0.442951927096023,"Mr. President, I speak to the Van Nistelrooij report, and to emphasise three points: first, that territorial cohesion involves promoting polycentric development across the European Union. This means eliminating disparities within as well as between regions. There is consequently a need for improved spatial analysis and the development of indicators against which policies can be designed and their impact assessed. Second, there must be an integrated approach with measurement in advance of the effect that sectoral policies would have at regional levels, and the achievement of greater synergy between them. Certainly, such impact assessment could preempt certain problems, such as those posed by the electronic identification of sheep in Scotland. Third, an integrated approach demands proper multi-level governance involving all stakeholders in the design and implementation of strategies. What the Commissioner has said in these respects has been very welcome, and I hope the great support for this excellent report.","Madam President , I speak on the van Nistelrooij report and to emphasise three points .
First , that territorial cohesion involves promoting polycentric development across the European Union . This means eliminating disparities within , as well as between , regions . There is consequently a need for improved spatial analysis and the development of indicators against which policies can be designed and their impact assessed .
Second , there must be an integrated approach , with measurement in advance of the effect that sectoral policies would have at regional levels and the achievement of greater synergy between them . Certainly , such impact assessment could pre-empt certain problems , such as those posed by the electronic identification of sheep in Scotland .
Third , an integrated approach demands proper multilevel governance , involving all stakeholders in the design and implementation of strategies .
What the Commissioner has said in these respects has been very welcome , and I hope for great support for this excellent report .
",mr president i speak to the van nistelrooij report and to emphasise three points first that territorial cohesion involves promoting polycentric development across the european union this means eliminating disparities within as well as between regions there is consequently a need for improved spatial analysis and the development of indicators against which policies can be designed and their impact assessed second there must be an integrated approach with measurement in advance of the effect that sectoral policies would have at regional levels and the achievement of greater synergy between them certainly such impact assessment could preempt certain problems such as those posed by the electronic identification of sheep in scotland third an integrated approach demands proper multi level governance involving all stakeholders in the design and implementation of strategies what the commissioner has said in these respects has been very welcome and i hope the great support for this excellent report ,madam president i speak on the van nistelrooij report and to emphasise three points first that territorial cohesion involves promoting polycentric development across the european union this means eliminating disparities within as well as between regions there is consequently a need for improved spatial analysis and the development of indicators against which policies can be designed and their impact assessed second there must be an integrated approach with measurement in advance of the effect that sectoral policies would have at regional levels and the achievement of greater synergy between them certainly such impact assessment could pre empt certain problems such as those posed by the electronic identification of sheep in scotland third an integrated approach demands proper multilevel governance involving all stakeholders in the design and implementation of strategies what the commissioner has said in these respects has been very welcome and i hope for great support for this excellent report 
en,en.20091125.17.3-142,offline,,48.018875,1.650418876999538,0.03437021123463509,"Mr. President, it is a very important issue, and I voted for this resolution because I believe that we need to have a piece of legislation protecting our citizens in case of airline bankruptcies. Millions of our citizens are using low-cost airlines every day. However, a higher number of low-cost airline bankruptcies in the European Union since 2000 and the recent case of SkyEurope clearly demonstrated the vulnerability of the low-cost carriers to the changing oil prices and the current difficult economic conditions. We must rectify this situation, and we ask the Commission to consider the most adequate compensation measures for our passengers. Thank you.","Mr President , this is a very important issue and I voted for this resolution because I believe that we need to have a piece of legislation protecting our citizens in case of airline bankruptcies . Millions of our citizens use low-cost airlines every day . However , the high number of low-cost airline bankruptcies in the European Union since 2000 , and the recent case of Sky Europe , have clearly demonstrated the vulnerability of the low-cost carriers to the changing oil prices and the current difficult economic conditions .
We must rectify this situation , and we ask the Commission to consider the most adequate compensation measures for our passengers .
",mr president it is a very important issue and i voted for this resolution because i believe that we need to have a piece of legislation protecting our citizens in case of airline bankruptcies millions of our citizens are using low cost airlines every day however a higher number of low cost airline bankruptcies in the european union since 2000 and the recent case of skyeurope clearly demonstrated the vulnerability of the low cost carriers to the changing oil prices and the current difficult economic conditions we must rectify this situation and we ask the commission to consider the most adequate compensation measures for our passengers thank you ,mr president this is a very important issue and i voted for this resolution because i believe that we need to have a piece of legislation protecting our citizens in case of airline bankruptcies millions of our citizens use low cost airlines every day however the high number of low cost airline bankruptcies in the european union since 2000 and the recent case of sky europe have clearly demonstrated the vulnerability of the low cost carriers to the changing oil prices and the current difficult economic conditions we must rectify this situation and we ask the commission to consider the most adequate compensation measures for our passengers 
en,en.20091125.17.3-142,streaming,,48.018875,18.87560477599982,0.39308719281740395,"Mr. President, it is a very important issue, and I voted for this resolution because I believe that we need to have a piece of legislation protecting our citizens in case of airline bankruptcies. Millions of our citizens are using low-cost airlines every day. However, a higher number of low-cost airline bankruptcies in the European Union since 2000, and the recent case of SkyEurope, clearly demonstrated the vulnerability of the low-cost carriers to the changing oil prices and the current difficult economic conditions. We must rectify this situation, and we ask the Commission to consider the most adequate compensation measures for our passengers. Thank you.","Mr President , this is a very important issue and I voted for this resolution because I believe that we need to have a piece of legislation protecting our citizens in case of airline bankruptcies . Millions of our citizens use low-cost airlines every day . However , the high number of low-cost airline bankruptcies in the European Union since 2000 , and the recent case of Sky Europe , have clearly demonstrated the vulnerability of the low-cost carriers to the changing oil prices and the current difficult economic conditions .
We must rectify this situation , and we ask the Commission to consider the most adequate compensation measures for our passengers .
",mr president it is a very important issue and i voted for this resolution because i believe that we need to have a piece of legislation protecting our citizens in case of airline bankruptcies millions of our citizens are using low cost airlines every day however a higher number of low cost airline bankruptcies in the european union since 2000 and the recent case of skyeurope clearly demonstrated the vulnerability of the low cost carriers to the changing oil prices and the current difficult economic conditions we must rectify this situation and we ask the commission to consider the most adequate compensation measures for our passengers thank you ,mr president this is a very important issue and i voted for this resolution because i believe that we need to have a piece of legislation protecting our citizens in case of airline bankruptcies millions of our citizens use low cost airlines every day however the high number of low cost airline bankruptcies in the european union since 2000 and the recent case of sky europe have clearly demonstrated the vulnerability of the low cost carriers to the changing oil prices and the current difficult economic conditions we must rectify this situation and we ask the commission to consider the most adequate compensation measures for our passengers 
en,en.20110324.4.4-016-000,offline,,75.97575,3.1196378490003553,0.041060968124702356,"Mr. President, we also welcome the successful conclusion of the second phase of the EU Open Skies Agreement. Indeed, after several years, it was rather overdue. Obviously, this agreement is a significant breakthrough, and it is to be welcomed. And I acknowledge that negotiators have made huge progress in the areas of security, competition, market access, and environmental cooperation. But, like the Commissioner, I am disappointed that this agreement did not achieve its ultimate objective of a complete opening of the market without restrictions on either side. The failure to resolve fully issues of foreign ownership and control, cabotage, must be addressed in future discussions if European carriers are to truly benefit. Of course, agreements mean compromise, but that does not mean getting a deal at any price. President, the aviation industry is massively important to Europe. It facilitates economic growth, trade, investment, and tourism. Air agreements with third countries offer our airlines great opportunities in foreign markets, and I therefore urge the Commission to continue to strive to conclude air agreements which are fair, robust, and lead to full liberalisation, which will benefit both European carriers and consumers. And finally, can we just add our support to the EU Vietnam Agreement? Thank you.","Madam President , we also welcome the successful conclusion of the second phase of the EU open skies agreement . Indeed , after several years it was rather overdue . Obviously this agreement is a significant breakthrough and it is to be welcomed . I acknowledge that negotiators have made huge progress in the areas of security , competition , market access and environmental cooperation . But , like the Commissioner , I am disappointed that this agreement did not achieve its ultimate objective of a complete opening of the market without restrictions on either side . The failure to resolve fully issues of foreign ownership and control ( cabotage ) must be addressed in future discussions if European carriers are to truly benefit . Of course agreements mean compromise , but that does not mean getting a deal at any price .
The aviation industry is massively important to Europe . It facilitates economic growth , trade , investment and tourism . Air agreements with third countries offer our airlines great opportunities in foreign markets , and I therefore urge the Commission to continue to strive to conclude air agreements which are fair , robust and lead to full liberalisation , which will benefit both European carriers and consumers . Finally , can we just add our support to the EU-Vietnam agreement .
",mr president we also welcome the successful conclusion of the second phase of the eu open skies agreement indeed after several years it was rather overdue obviously this agreement is a significant breakthrough and it is to be welcomed and i acknowledge that negotiators have made huge progress in the areas of security competition market access and environmental cooperation but like the commissioner i am disappointed that this agreement did not achieve its ultimate objective of a complete opening of the market without restrictions on either side the failure to resolve fully issues of foreign ownership and control cabotage must be addressed in future discussions if european carriers are to truly benefit of course agreements mean compromise but that does not mean getting a deal at any price president the aviation industry is massively important to europe it facilitates economic growth trade investment and tourism air agreements with third countries offer our airlines great opportunities in foreign markets and i therefore urge the commission to continue to strive to conclude air agreements which are fair robust and lead to full liberalisation which will benefit both european carriers and consumers and finally can we just add our support to the eu vietnam agreement thank you ,madam president we also welcome the successful conclusion of the second phase of the eu open skies agreement indeed after several years it was rather overdue obviously this agreement is a significant breakthrough and it is to be welcomed i acknowledge that negotiators have made huge progress in the areas of security competition market access and environmental cooperation but like the commissioner i am disappointed that this agreement did not achieve its ultimate objective of a complete opening of the market without restrictions on either side the failure to resolve fully issues of foreign ownership and control must be addressed in future discussions if european carriers are to truly benefit of course agreements mean compromise but that does not mean getting a deal at any price the aviation industry is massively important to europe it facilitates economic growth trade investment and tourism air agreements with third countries offer our airlines great opportunities in foreign markets and i therefore urge the commission to continue to strive to conclude air agreements which are fair robust and lead to full liberalisation which will benefit both european carriers and consumers finally can we just add our support to the eu vietnam agreement 
en,en.20110324.4.4-016-000,streaming,,75.97575,39.117876254000294,0.5148731832722979,"Mr. President, we also welcome the successful conclusion of the second phase of the EU Open Skies Agreement. Indeed, after several years, it was rather overdue. Obviously, this agreement is a significant breakthrough, and it is to be welcomed. And I acknowledge that negotiators have made huge progress in the areas of security, competition, market access, and environmental cooperation. But, like the Commissioner, I am disappointed that this agreement did not achieve its ultimate objective, of a complete opening of the market, without restrictions on either side. The failure to resolve fully issues of foreign ownership and control, cabotage, must be addressed in future discussions. If European carriers are to truly benefit, of course, agreements mean compromise, but that does not mean getting a deal at any price. President, the aviation industry is massively important to Europe. It facilitates economic growth, trade, investment, and tourism. Air agreements with third countries offer our airlines great opportunities in foreign markets. And I therefore urge the Commission to continue to strive to conclude air agreements which are fair, robust, and lead to full liberalisation, which will benefit both European carriers and consumers. And finally, can we just add our support to the EU Vietnam Agreement? Thank you.","Madam President , we also welcome the successful conclusion of the second phase of the EU open skies agreement . Indeed , after several years it was rather overdue . Obviously this agreement is a significant breakthrough and it is to be welcomed . I acknowledge that negotiators have made huge progress in the areas of security , competition , market access and environmental cooperation . But , like the Commissioner , I am disappointed that this agreement did not achieve its ultimate objective of a complete opening of the market without restrictions on either side . The failure to resolve fully issues of foreign ownership and control ( cabotage ) must be addressed in future discussions if European carriers are to truly benefit . Of course agreements mean compromise , but that does not mean getting a deal at any price .
The aviation industry is massively important to Europe . It facilitates economic growth , trade , investment and tourism . Air agreements with third countries offer our airlines great opportunities in foreign markets , and I therefore urge the Commission to continue to strive to conclude air agreements which are fair , robust and lead to full liberalisation , which will benefit both European carriers and consumers . Finally , can we just add our support to the EU-Vietnam agreement .
",mr president we also welcome the successful conclusion of the second phase of the eu open skies agreement indeed after several years it was rather overdue obviously this agreement is a significant breakthrough and it is to be welcomed and i acknowledge that negotiators have made huge progress in the areas of security competition market access and environmental cooperation but like the commissioner i am disappointed that this agreement did not achieve its ultimate objective of a complete opening of the market without restrictions on either side the failure to resolve fully issues of foreign ownership and control cabotage must be addressed in future discussions if european carriers are to truly benefit of course agreements mean compromise but that does not mean getting a deal at any price president the aviation industry is massively important to europe it facilitates economic growth trade investment and tourism air agreements with third countries offer our airlines great opportunities in foreign markets and i therefore urge the commission to continue to strive to conclude air agreements which are fair robust and lead to full liberalisation which will benefit both european carriers and consumers and finally can we just add our support to the eu vietnam agreement thank you ,madam president we also welcome the successful conclusion of the second phase of the eu open skies agreement indeed after several years it was rather overdue obviously this agreement is a significant breakthrough and it is to be welcomed i acknowledge that negotiators have made huge progress in the areas of security competition market access and environmental cooperation but like the commissioner i am disappointed that this agreement did not achieve its ultimate objective of a complete opening of the market without restrictions on either side the failure to resolve fully issues of foreign ownership and control must be addressed in future discussions if european carriers are to truly benefit of course agreements mean compromise but that does not mean getting a deal at any price the aviation industry is massively important to europe it facilitates economic growth trade investment and tourism air agreements with third countries offer our airlines great opportunities in foreign markets and i therefore urge the commission to continue to strive to conclude air agreements which are fair robust and lead to full liberalisation which will benefit both european carriers and consumers finally can we just add our support to the eu vietnam agreement 
en,en.20090114.13.3-161,offline,,57.02825,2.1922281840015785,0.038441091634436944,"Mr. President, I have just voted on the situation of fundamental rights in the European Union. It is with great regret that, together with my two Maltese colleagues in the PES, we have had to abstain on the report. Although the report refers to numerous issues of fundamental human rights, which are laudable, it includes other issues such as abortion, which would never have been included in this report. As the Maltese social representatives in the European Parliament are against abortion, we have had to vote against these particular parts of the report. Indeed, there are other issues included in this report, such as living wills and the right to dignity at the end of life, which are sensitive issues regarding which we have had to abstain. That is why we abstained at the end of this vote. May I thank you for this opportunity?","Mr President , today we have just voted on the situation of fundamental rights in the European Union . It is with great regret that , together with my two Maltese colleagues in the PSE Group , we have had to abstain from voting on the report .
Although the report refers to numerous issues of fundamental human rights which are laudable , it includes other issues , such as abortion , which should never have been included in this report . As the Maltese social representatives in the European Parliament are against abortion , we have had to vote against these particular parts of the report .
There are , indeed , other issues included in this report , such as living wills and the right to dignity at the end of life , which are sensitive issues , regarding which we have had to abstain . That is why we abstained at the end of this vote . I would like to thank you for this opportunity .
",mr president i have just voted on the situation of fundamental rights in the european union it is with great regret that together with my two maltese colleagues in the pes we have had to abstain on the report although the report refers to numerous issues of fundamental human rights which are laudable it includes other issues such as abortion which would never have been included in this report as the maltese social representatives in the european parliament are against abortion we have had to vote against these particular parts of the report indeed there are other issues included in this report such as living wills and the right to dignity at the end of life which are sensitive issues regarding which we have had to abstain that is why we abstained at the end of this vote may i thank you for this opportunity ,mr president today we have just voted on the situation of fundamental rights in the european union it is with great regret that together with my two maltese colleagues in the pse group we have had to abstain from voting on the report although the report refers to numerous issues of fundamental human rights which are laudable it includes other issues such as abortion which should never have been included in this report as the maltese social representatives in the european parliament are against abortion we have had to vote against these particular parts of the report there are indeed other issues included in this report such as living wills and the right to dignity at the end of life which are sensitive issues regarding which we have had to abstain that is why we abstained at the end of this vote i would like to thank you for this opportunity 
en,en.20090114.13.3-161,streaming,,57.02825,24.133263544999863,0.42318085413807827,"I would like to thank you, Mr. President. I have just voted on the situation of fundamental rights in the European Union. It is with great regret that, together with my two Maltese colleagues in the PES, we have had to abstain on the report, although the report refers to numerous issues of fundamental human rights, which are laudable. It includes other issues, such as abortion, which would never have been included in this report, as the Maltese social representatives in the European Parliament are against abortion. We have had to vote against these particular parts of the report. Indeed, there are other issues included in this report, such as living wills and the right to dignity at the end of life, which are sensitive issues regarding which we have had to abstain. That is why we abstained at the end of this vote. May I thank you for this opportunity?","Mr President , today we have just voted on the situation of fundamental rights in the European Union . It is with great regret that , together with my two Maltese colleagues in the PSE Group , we have had to abstain from voting on the report .
Although the report refers to numerous issues of fundamental human rights which are laudable , it includes other issues , such as abortion , which should never have been included in this report . As the Maltese social representatives in the European Parliament are against abortion , we have had to vote against these particular parts of the report .
There are , indeed , other issues included in this report , such as living wills and the right to dignity at the end of life , which are sensitive issues , regarding which we have had to abstain . That is why we abstained at the end of this vote . I would like to thank you for this opportunity .
",i would like to thank you mr president i have just voted on the situation of fundamental rights in the european union it is with great regret that together with my two maltese colleagues in the pes we have had to abstain on the report although the report refers to numerous issues of fundamental human rights which are laudable it includes other issues such as abortion which would never have been included in this report as the maltese social representatives in the european parliament are against abortion we have had to vote against these particular parts of the report indeed there are other issues included in this report such as living wills and the right to dignity at the end of life which are sensitive issues regarding which we have had to abstain that is why we abstained at the end of this vote may i thank you for this opportunity ,mr president today we have just voted on the situation of fundamental rights in the european union it is with great regret that together with my two maltese colleagues in the pse group we have had to abstain from voting on the report although the report refers to numerous issues of fundamental human rights which are laudable it includes other issues such as abortion which should never have been included in this report as the maltese social representatives in the european parliament are against abortion we have had to vote against these particular parts of the report there are indeed other issues included in this report such as living wills and the right to dignity at the end of life which are sensitive issues regarding which we have had to abstain that is why we abstained at the end of this vote i would like to thank you for this opportunity 
en,en.20100210.28.3-481,offline,,83.963375,3.215143649998936,0.03829221550466422,"A simple letter by Council, that the negotiating guidelines will fully contain Parliament's concerns, that negotiations will begin immediately with the United States, not at some point in the future, that Parliament will be fully involved in the negotiations, might have sufficed. And it would not have been that difficult to give, to alleviate this Parliament's concerns about the way they have been treated, ignored and played with in the past. But you could not even do this today. The bulk transfer of data, the Commissioner said, is not a problem. Some data only will go there. SWIFT tells us that is not the case. The United States administration tells us that is not the case. There is no proof of what you say, and this is the statement. You mentioned that there are negotiating guidelines that you are about done with. Where are they? Given the pressure that exists today, why cannot you tell us where exactly you agree and where you disagree with Parliament, instead of general statements? I feel, Mr. President, that it is extremely important to fight together with the United States against terrorism. I urge the United States and Council to work very seriously together with us after a vote tomorrow. Not go bilateral routes. Not dream about breaking the solidarity. But work together to protect fundamental rights while we protect security.","Mr President , a simple letter from the Council that the negotiation guidelines will fully contain Parliament ’ s concerns , that negotiations will begin immediately with the United States and not at some point in the future , and that Parliament will be fully involved in these negotiations might have sufficed , and it would not be that difficult to give in order to alleviate this Parliament ’ s concerns about the way it has been treated , ignored and played with in the past .
But you could not do even this today . The bulk transfer of data , the Commissioner said , is not a problem . Only some data will go there . SWIFT tells us that is not the case . The United States administration tells us that is not the case . There is no proof of what you say in this statement .
You mentioned the negotiating guidelines that you are nearly done with . Where are they ? Given the pressure that exists today , why can you not tell us exactly where you agree and where you disagree with Parliament , instead of making general statements ?
I feel it is extremely important to fight together with the United States against terrorism . I urge the United States and Council to work very seriously together with us after our vote tomorrow , and not to choose bilateral routes or dream about breaking the solidarity , but to work together to protect fundamental rights while we protect security .
",a simple letter by council that the negotiating guidelines will fully contain parliament s concerns that negotiations will begin immediately with the united states not at some point in the future that parliament will be fully involved in the negotiations might have sufficed and it would not have been that difficult to give to alleviate this parliament s concerns about the way they have been treated ignored and played with in the past but you could not even do this today the bulk transfer of data the commissioner said is not a problem some data only will go there swift tells us that is not the case the united states administration tells us that is not the case there is no proof of what you say and this is the statement you mentioned that there are negotiating guidelines that you are about done with where are they given the pressure that exists today why cannot you tell us where exactly you agree and where you disagree with parliament instead of general statements i feel mr president that it is extremely important to fight together with the united states against terrorism i urge the united states and council to work very seriously together with us after a vote tomorrow not go bilateral routes not dream about breaking the solidarity but work together to protect fundamental rights while we protect security ,mr president a simple letter from the council that the negotiation guidelines will fully contain parliament s concerns that negotiations will begin immediately with the united states and not at some point in the future and that parliament will be fully involved in these negotiations might have sufficed and it would not be that difficult to give in order to alleviate this parliament s concerns about the way it has been treated ignored and played with in the past but you could not do even this today the bulk transfer of data the commissioner said is not a problem only some data will go there swift tells us that is not the case the united states administration tells us that is not the case there is no proof of what you say in this statement you mentioned the negotiating guidelines that you are nearly done with where are they given the pressure that exists today why can you not tell us exactly where you agree and where you disagree with parliament instead of making general statements i feel it is extremely important to fight together with the united states against terrorism i urge the united states and council to work very seriously together with us after our vote tomorrow and not to choose bilateral routes or dream about breaking the solidarity but to work together to protect fundamental rights while we protect security 
en,en.20100210.28.3-481,streaming,,83.963375,43.771000354001444,0.5213106351906583,"Mr. President, a simple letter by Council that the negotiating guidelines will fully contain the Parliament's concerns, that negotiations will begin immediately with the United States, not at some point in the future, that Parliament will be fully involved in these negotiations, might have sufficed. And it wouldn't be that difficult to give to alleviate this Parliament's concerns about the way they have been treated, ignored, and played with in the past. But you couldn't do even this today. The bulk transfer of data, the Commissioner said, is not a problem. Some data only will go there. SWIFT tells us that is not the case. The United States administration tells us that is not the case. There is no proof of what you say, and this is the statement. You mentioned that there are negotiating guidelines that you are about done with. Where are they? Given the pressure that exists today, why can't you tell us where exactly you agree and where you disagree with Parliament, instead of general statements? I feel, Mr. President, that it is extremely important that Parliament be fully involved in these negotiations. I feel, Mr. President, that it is extremely important to fight together with the United States against terrorism. I urge the United States and Council to work very seriously together with us after a vote tomorrow, not go bilateral routes, not dream about breaking the solidarity, but work together to protect fundamental rights while we protect security.","Mr President , a simple letter from the Council that the negotiation guidelines will fully contain Parliament ’ s concerns , that negotiations will begin immediately with the United States and not at some point in the future , and that Parliament will be fully involved in these negotiations might have sufficed , and it would not be that difficult to give in order to alleviate this Parliament ’ s concerns about the way it has been treated , ignored and played with in the past .
But you could not do even this today . The bulk transfer of data , the Commissioner said , is not a problem . Only some data will go there . SWIFT tells us that is not the case . The United States administration tells us that is not the case . There is no proof of what you say in this statement .
You mentioned the negotiating guidelines that you are nearly done with . Where are they ? Given the pressure that exists today , why can you not tell us exactly where you agree and where you disagree with Parliament , instead of making general statements ?
I feel it is extremely important to fight together with the United States against terrorism . I urge the United States and Council to work very seriously together with us after our vote tomorrow , and not to choose bilateral routes or dream about breaking the solidarity , but to work together to protect fundamental rights while we protect security .
",mr president a simple letter by council that the negotiating guidelines will fully contain the parliament s concerns that negotiations will begin immediately with the united states not at some point in the future that parliament will be fully involved in these negotiations might have sufficed and it wouldn t be that difficult to give to alleviate this parliament s concerns about the way they have been treated ignored and played with in the past but you couldn t do even this today the bulk transfer of data the commissioner said is not a problem some data only will go there swift tells us that is not the case the united states administration tells us that is not the case there is no proof of what you say and this is the statement you mentioned that there are negotiating guidelines that you are about done with where are they given the pressure that exists today why can t you tell us where exactly you agree and where you disagree with parliament instead of general statements i feel mr president that it is extremely important that parliament be fully involved in these negotiations i feel mr president that it is extremely important to fight together with the united states against terrorism i urge the united states and council to work very seriously together with us after a vote tomorrow not go bilateral routes not dream about breaking the solidarity but work together to protect fundamental rights while we protect security ,mr president a simple letter from the council that the negotiation guidelines will fully contain parliament s concerns that negotiations will begin immediately with the united states and not at some point in the future and that parliament will be fully involved in these negotiations might have sufficed and it would not be that difficult to give in order to alleviate this parliament s concerns about the way it has been treated ignored and played with in the past but you could not do even this today the bulk transfer of data the commissioner said is not a problem only some data will go there swift tells us that is not the case the united states administration tells us that is not the case there is no proof of what you say in this statement you mentioned the negotiating guidelines that you are nearly done with where are they given the pressure that exists today why can you not tell us exactly where you agree and where you disagree with parliament instead of making general statements i feel it is extremely important to fight together with the united states against terrorism i urge the united states and council to work very seriously together with us after our vote tomorrow and not to choose bilateral routes or dream about breaking the solidarity but to work together to protect fundamental rights while we protect security 
en,en.20080924.31.3-266,offline,,59.0019375,2.1181574019992695,0.03589979400251508,"The crisis has demonstrated that the global financial system is seriously flawed. First, the supervisory agencies failed to prevent the irresponsible behaviour of investors. We have seen the development of new financial instruments that are, however, not transparent enough, and they do not allow for proper risk assessment. Secondly, owners and shareholders of financial institutions failed to supervise properly their own managers, who pay themselves exorbitant salaries and bonuses, and for what? For driving their companies to bankruptcies. We need, Mr. President, urgent action at least in these two areas. We do not want in Europe a repetition of a scenario of American meltdown. We do not want in Europe a situation in which chief executive officers of financial companies go away with tens of millions of dollars, while taxpayers are left there to pay their bills. We expect the Commission to take serious action on this.","Mr President , this crisis has demonstrated that the global financial system is seriously flawed . First the supervisory agencies failed to prevent irresponsible behaviour by investors . We have seen the development of new financial instruments that are , however , not transparent enough and do not allow for proper risk assessment . Secondly , owners and shareholders of financial institutions failed to supervise properly their own managers , who paid themselves exorbitant salaries and bonuses , and for what ? For driving their companies into bankruptcy !
We need urgent action at least in these two areas . We do not want a repetition of the American meltdown scenario in Europe . We do not want in Europe a situation in which chief executive officers of financial companies go away with tens of millions of dollars while taxpayers are left to pay their bills . We expect the Commission to take serious action on this .
",the crisis has demonstrated that the global financial system is seriously flawed first the supervisory agencies failed to prevent the irresponsible behaviour of investors we have seen the development of new financial instruments that are however not transparent enough and they do not allow for proper risk assessment secondly owners and shareholders of financial institutions failed to supervise properly their own managers who pay themselves exorbitant salaries and bonuses and for what for driving their companies to bankruptcies we need mr president urgent action at least in these two areas we do not want in europe a repetition of a scenario of american meltdown we do not want in europe a situation in which chief executive officers of financial companies go away with tens of millions of dollars while taxpayers are left there to pay their bills we expect the commission to take serious action on this ,mr president this crisis has demonstrated that the global financial system is seriously flawed first the supervisory agencies failed to prevent irresponsible behaviour by investors we have seen the development of new financial instruments that are however not transparent enough and do not allow for proper risk assessment secondly owners and shareholders of financial institutions failed to supervise properly their own managers who paid themselves exorbitant salaries and bonuses and for what for driving their companies into bankruptcy we need urgent action at least in these two areas we do not want a repetition of the american meltdown scenario in europe we do not want in europe a situation in which chief executive officers of financial companies go away with tens of millions of dollars while taxpayers are left to pay their bills we expect the commission to take serious action on this 
en,en.20080924.31.3-266,streaming,,59.0019375,24.723597263000556,0.4190302608791543,"The crisis has demonstrated that the global financial system is seriously flawed. First, the supervisory agencies failed to prevent the irresponsible behaviour of investors. We have seen a development of new financial instruments that are, however, not transparent enough, and they do not allow for proper risk assessment. Secondly, owners and shareholders of financial institutions failed to supervise properly their own managers, who paid themselves exorbitant salaries and bonuses, and for what? For driving their companies to bankruptcies. We need, Mr. President, urgent action at least in these two areas. We do not want, in Europe, a repetition of a scenario of American meltdown. We do not want, in Europe, a situation in which chief executive officers of financial companies go away with tens of millions of dollars, while taxpayers are left there to pay their bills. We expect the Commission to take a serious action on this.","Mr President , this crisis has demonstrated that the global financial system is seriously flawed . First the supervisory agencies failed to prevent irresponsible behaviour by investors . We have seen the development of new financial instruments that are , however , not transparent enough and do not allow for proper risk assessment . Secondly , owners and shareholders of financial institutions failed to supervise properly their own managers , who paid themselves exorbitant salaries and bonuses , and for what ? For driving their companies into bankruptcy !
We need urgent action at least in these two areas . We do not want a repetition of the American meltdown scenario in Europe . We do not want in Europe a situation in which chief executive officers of financial companies go away with tens of millions of dollars while taxpayers are left to pay their bills . We expect the Commission to take serious action on this .
",the crisis has demonstrated that the global financial system is seriously flawed first the supervisory agencies failed to prevent the irresponsible behaviour of investors we have seen a development of new financial instruments that are however not transparent enough and they do not allow for proper risk assessment secondly owners and shareholders of financial institutions failed to supervise properly their own managers who paid themselves exorbitant salaries and bonuses and for what for driving their companies to bankruptcies we need mr president urgent action at least in these two areas we do not want in europe a repetition of a scenario of american meltdown we do not want in europe a situation in which chief executive officers of financial companies go away with tens of millions of dollars while taxpayers are left there to pay their bills we expect the commission to take a serious action on this ,mr president this crisis has demonstrated that the global financial system is seriously flawed first the supervisory agencies failed to prevent irresponsible behaviour by investors we have seen the development of new financial instruments that are however not transparent enough and do not allow for proper risk assessment secondly owners and shareholders of financial institutions failed to supervise properly their own managers who paid themselves exorbitant salaries and bonuses and for what for driving their companies into bankruptcy we need urgent action at least in these two areas we do not want a repetition of the american meltdown scenario in europe we do not want in europe a situation in which chief executive officers of financial companies go away with tens of millions of dollars while taxpayers are left to pay their bills we expect the commission to take serious action on this 
en,en.20091216.1.3-005,offline,,70.0314375,3.07966506899902,0.04397546557571406,"Yes, please. Thank you, Mr. President. At the beginning of this week's session, you answered a question from my Austrian colleague Jörg Leichtfried on the new members joining this Parliament as a result of the Lisbon Treaty and when that could take place. You answered that this is now up to the Council. I agree as regards them joining this Parliament as full members, but I am not sure that this is the case when it comes to their status as observers, as an introduction to actually becoming full members. I interpret the decision we took recently on David Martin's report on our own internal rules, so that we are actually free to let them start working as observers as soon as they are elected and their election confirmed by their member state, and that we, as a Parliament, can decide ourselves on the conditions for their position as observers. Could you please, Mr. President, discuss this with the rapporteur, Mr. Martin, and, in order to come to a solution as soon as possible, it would be unreasonable if new members who are already elected and whose election has been confirmed by the national authorities would have to wait for months and months before they can actually start working. Many of them are prepared to start immediately. Thank you.","Mr President , at the beginning of this week ’ s part-session , you answered a question from my Austrian colleague , Jörg Leichtfried , on the new Members joining this Parliament as a result of the Lisbon Treaty and when that could take place . You answered that this is now up to the Council . I agree as regards them joining this Parliament as full Members , but I am not sure that this is the case when it comes to their status as observers as an introduction to actually becoming full Members .
I interpret the decision we took recently on David Martin ’ s report on our own internal rules so that we are actually free to let them start working as observers as soon as they are elected and their election confirmed by their Member State , and that we as a parliament can decide ourselves on the conditions for their position as observers .
Mr President , could you please discuss this with the rapporteur , Mr Martin , in order to come to a solution as soon as possible ? It would be unreasonable if new Members who are already elected and whose election has been confirmed by the national authorities have to wait for months and months before they can actually start working . Many of them are prepared to start immediately .
",yes please thank you mr president at the beginning of this week s session you answered a question from my austrian colleague jörg leichtfried on the new members joining this parliament as a result of the lisbon treaty and when that could take place you answered that this is now up to the council i agree as regards them joining this parliament as full members but i am not sure that this is the case when it comes to their status as observers as an introduction to actually becoming full members i interpret the decision we took recently on david martin s report on our own internal rules so that we are actually free to let them start working as observers as soon as they are elected and their election confirmed by their member state and that we as a parliament can decide ourselves on the conditions for their position as observers could you please mr president discuss this with the rapporteur mr martin and in order to come to a solution as soon as possible it would be unreasonable if new members who are already elected and whose election has been confirmed by the national authorities would have to wait for months and months before they can actually start working many of them are prepared to start immediately thank you ,mr president at the beginning of this week s part session you answered a question from my austrian colleague jörg leichtfried on the new members joining this parliament as a result of the lisbon treaty and when that could take place you answered that this is now up to the council i agree as regards them joining this parliament as full members but i am not sure that this is the case when it comes to their status as observers as an introduction to actually becoming full members i interpret the decision we took recently on david martin s report on our own internal rules so that we are actually free to let them start working as observers as soon as they are elected and their election confirmed by their member state and that we as a parliament can decide ourselves on the conditions for their position as observers mr president could you please discuss this with the rapporteur mr martin in order to come to a solution as soon as possible it would be unreasonable if new members who are already elected and whose election has been confirmed by the national authorities have to wait for months and months before they can actually start working many of them are prepared to start immediately 
en,en.20091216.1.3-005,streaming,,70.0314375,33.00812149500052,0.47133291380746717,"Yes, please. Thank you, Mr. President. At the beginning of this week's session, you answered a question from my Austrian colleague, Jörg Leichtfried, on the new members joining this Parliament as a result of the Lisbon Treaty, and when that could take place. You answered that this is now up to the Council. I agree as regards them joining this Parliament as full members, but I am not sure that this is the case when it comes to their status as observers, as an introduction to actually becoming full members. I interpret the decision we took recently on David Martin's report on our own internal rules, so that we are actually free to let them start working as observers as soon as they are elected and the re-election confirmed by their member state, and that we, as a Parliament, can decide ourselves on the conditions for their position as observers. Could you please, Mr. President, discuss this with the rapporteur, Mr. Martin, and, in order to come to a solution as soon as possible, it would be unreasonable if new members who are already elected and whose election has been confirmed by the national authorities would have to wait until the election is confirmed by the national authorities before they can actually start working. Many of them are prepared to start immediately.","Mr President , at the beginning of this week ’ s part-session , you answered a question from my Austrian colleague , Jörg Leichtfried , on the new Members joining this Parliament as a result of the Lisbon Treaty and when that could take place . You answered that this is now up to the Council . I agree as regards them joining this Parliament as full Members , but I am not sure that this is the case when it comes to their status as observers as an introduction to actually becoming full Members .
I interpret the decision we took recently on David Martin ’ s report on our own internal rules so that we are actually free to let them start working as observers as soon as they are elected and their election confirmed by their Member State , and that we as a parliament can decide ourselves on the conditions for their position as observers .
Mr President , could you please discuss this with the rapporteur , Mr Martin , in order to come to a solution as soon as possible ? It would be unreasonable if new Members who are already elected and whose election has been confirmed by the national authorities have to wait for months and months before they can actually start working . Many of them are prepared to start immediately .
",yes please thank you mr president at the beginning of this week s session you answered a question from my austrian colleague jörg leichtfried on the new members joining this parliament as a result of the lisbon treaty and when that could take place you answered that this is now up to the council i agree as regards them joining this parliament as full members but i am not sure that this is the case when it comes to their status as observers as an introduction to actually becoming full members i interpret the decision we took recently on david martin s report on our own internal rules so that we are actually free to let them start working as observers as soon as they are elected and the re election confirmed by their member state and that we as a parliament can decide ourselves on the conditions for their position as observers could you please mr president discuss this with the rapporteur mr martin and in order to come to a solution as soon as possible it would be unreasonable if new members who are already elected and whose election has been confirmed by the national authorities would have to wait until the election is confirmed by the national authorities before they can actually start working many of them are prepared to start immediately ,mr president at the beginning of this week s part session you answered a question from my austrian colleague jörg leichtfried on the new members joining this parliament as a result of the lisbon treaty and when that could take place you answered that this is now up to the council i agree as regards them joining this parliament as full members but i am not sure that this is the case when it comes to their status as observers as an introduction to actually becoming full members i interpret the decision we took recently on david martin s report on our own internal rules so that we are actually free to let them start working as observers as soon as they are elected and their election confirmed by their member state and that we as a parliament can decide ourselves on the conditions for their position as observers mr president could you please discuss this with the rapporteur mr martin in order to come to a solution as soon as possible it would be unreasonable if new members who are already elected and whose election has been confirmed by the national authorities have to wait for months and months before they can actually start working many of them are prepared to start immediately 
en,en.20100309.26.2-474,offline,,87.0284375,3.4820692610010155,0.0400107063969868,"First of all, I would like to congratulate the Commission on finally having achieved what EU leaders have been talking about for decades. They have actually managed to get ordinary citizens interested in EU politics. ACTA is an issue that people on the net really care about. But having said that, I still feel I must criticise the Commission for the method it has used. The reason so many citizens are following the ACTA issue is because they are furious. They are furious at proposals to limit their freedom and invade their privacy just because some big companies are asking for it. They are furious because they see their fundamental civil liberties balanced against industry interests and coming up short. They are furious at the complete lack of transparency. This is not how it should be in a democracy. Tomorrow we will be voting on a resolution that calls on the Commission to live up to the Treaty and put all ACTA papers on the table. I hope the resolution will be adopted by an overwhelming majority. The right to privacy, to information freedom, and to fair and proper trial are the cornerstones of a free and open society. Tomorrow we will show that this is a Parliament that is prepared to stand up for those rights in the information age. We will demand the information that is both our right and our duty as elected representatives, and we will respectfully remind the Commission that this is a Parliament, not a doormat. Thank you.","Mr President , first of all , I would like to congratulate the Commission on finally having achieved what EU leaders have been talking about for decades . They have actually managed to get ordinary citizens interested in EU politics .
ACTA is an issue that people on the net really care about . But , having said that , I still feel I must criticise the Commission for the method it has used . The reason so many citizens are following the ACTA issue is because they are furious . They are furious at proposals to limit their freedom and invade their privacy just because some big companies are asking for it .
They are furious because they see their fundamental civil liberties balanced against industry interests and coming up short . They are furious at the complete lack of transparency . This is not how it should be in a democracy .
Tomorrow , we will be voting on a resolution that calls on the Commission to live up to the treaty and put all ACTA papers on the table . I hope the resolution will be adopted by an overwhelming majority . The right to privacy , to information freedom and to fair and proper trial are the cornerstones of a free and open society .
Tomorrow , we will show that this is a parliament that is prepared to stand up for those rights in the information age . We will demand the information that is both our right and our due as the elected representatives , and we will respectfully remind the Commission that this is Parliament , not a doormat .
",first of all i would like to congratulate the commission on finally having achieved what eu leaders have been talking about for decades they have actually managed to get ordinary citizens interested in eu politics acta is an issue that people on the net really care about but having said that i still feel i must criticise the commission for the method it has used the reason so many citizens are following the acta issue is because they are furious they are furious at proposals to limit their freedom and invade their privacy just because some big companies are asking for it they are furious because they see their fundamental civil liberties balanced against industry interests and coming up short they are furious at the complete lack of transparency this is not how it should be in a democracy tomorrow we will be voting on a resolution that calls on the commission to live up to the treaty and put all acta papers on the table i hope the resolution will be adopted by an overwhelming majority the right to privacy to information freedom and to fair and proper trial are the cornerstones of a free and open society tomorrow we will show that this is a parliament that is prepared to stand up for those rights in the information age we will demand the information that is both our right and our duty as elected representatives and we will respectfully remind the commission that this is a parliament not a doormat thank you ,mr president first of all i would like to congratulate the commission on finally having achieved what eu leaders have been talking about for decades they have actually managed to get ordinary citizens interested in eu politics acta is an issue that people on the net really care about but having said that i still feel i must criticise the commission for the method it has used the reason so many citizens are following the acta issue is because they are furious they are furious at proposals to limit their freedom and invade their privacy just because some big companies are asking for it they are furious because they see their fundamental civil liberties balanced against industry interests and coming up short they are furious at the complete lack of transparency this is not how it should be in a democracy tomorrow we will be voting on a resolution that calls on the commission to live up to the treaty and put all acta papers on the table i hope the resolution will be adopted by an overwhelming majority the right to privacy to information freedom and to fair and proper trial are the cornerstones of a free and open society tomorrow we will show that this is a parliament that is prepared to stand up for those rights in the information age we will demand the information that is both our right and our due as the elected representatives and we will respectfully remind the commission that this is parliament not a doormat 
en,en.20100309.26.2-474,streaming,ValueError,87.0284375,,,,"Mr President , first of all , I would like to congratulate the Commission on finally having achieved what EU leaders have been talking about for decades . They have actually managed to get ordinary citizens interested in EU politics .
ACTA is an issue that people on the net really care about . But , having said that , I still feel I must criticise the Commission for the method it has used . The reason so many citizens are following the ACTA issue is because they are furious . They are furious at proposals to limit their freedom and invade their privacy just because some big companies are asking for it .
They are furious because they see their fundamental civil liberties balanced against industry interests and coming up short . They are furious at the complete lack of transparency . This is not how it should be in a democracy .
Tomorrow , we will be voting on a resolution that calls on the Commission to live up to the treaty and put all ACTA papers on the table . I hope the resolution will be adopted by an overwhelming majority . The right to privacy , to information freedom and to fair and proper trial are the cornerstones of a free and open society .
Tomorrow , we will show that this is a parliament that is prepared to stand up for those rights in the information age . We will demand the information that is both our right and our due as the elected representatives , and we will respectfully remind the Commission that this is Parliament , not a doormat .
",,mr president first of all i would like to congratulate the commission on finally having achieved what eu leaders have been talking about for decades they have actually managed to get ordinary citizens interested in eu politics acta is an issue that people on the net really care about but having said that i still feel i must criticise the commission for the method it has used the reason so many citizens are following the acta issue is because they are furious they are furious at proposals to limit their freedom and invade their privacy just because some big companies are asking for it they are furious because they see their fundamental civil liberties balanced against industry interests and coming up short they are furious at the complete lack of transparency this is not how it should be in a democracy tomorrow we will be voting on a resolution that calls on the commission to live up to the treaty and put all acta papers on the table i hope the resolution will be adopted by an overwhelming majority the right to privacy to information freedom and to fair and proper trial are the cornerstones of a free and open society tomorrow we will show that this is a parliament that is prepared to stand up for those rights in the information age we will demand the information that is both our right and our due as the elected representatives and we will respectfully remind the commission that this is parliament not a doormat 
en,en.20081008.17.3-130,offline,,64.9926875,2.3345678229998157,0.035920469098924636,"We are currently receiving conflicting signals from Minsk, and this is already some kind of progress in relation to before. But the recent parliamentary election reinforced the popular Western image of Belarus as a kind of banana republic. On the other hand, the recent release of political dissidents is a welcome development. If it is an attempt by Lukashenko to reach out to the West, let's reward his efforts with our cautious support. But we should be under no illusions about the widespread abuses of human rights and political freedoms in Belarus. Our focus must be the people and civil society of Belarus, a cause that this House has a noble and vital tradition of supporting, even more so after today's speech by Ingrid Betancourt. The people of Belarus yearn to take their place in the new Europe. They need to know that we care and that we will not ignore them. Thank you.","Mr President , we are currently receiving conflicting signals from Minsk , and this is already some kind of progress in relation to before , but the recent parliamentary election reinforced the popular Western image of Belarus as a kind of banana republic . On the other hand , the recent release of political dissidents is a welcome development . If it is an attempt by Lukashenko to reach out to the West , let us reward his efforts with our cautious support . But we should be under no illusions about the widespread abuses of human rights and political freedoms in Belarus . Our focus must be the people and civil society of Belarus – a cause that this House has a noble and vital tradition of supporting , even more so after today ’ s speech by Ingrid Betancourt .
The people of Belarus yearn to take their place in the new Europe . They need to know that we care and that we will not ignore them .
",we are currently receiving conflicting signals from minsk and this is already some kind of progress in relation to before but the recent parliamentary election reinforced the popular western image of belarus as a kind of banana republic on the other hand the recent release of political dissidents is a welcome development if it is an attempt by lukashenko to reach out to the west let s reward his efforts with our cautious support but we should be under no illusions about the widespread abuses of human rights and political freedoms in belarus our focus must be the people and civil society of belarus a cause that this house has a noble and vital tradition of supporting even more so after today s speech by ingrid betancourt the people of belarus yearn to take their place in the new europe they need to know that we care and that we will not ignore them thank you ,mr president we are currently receiving conflicting signals from minsk and this is already some kind of progress in relation to before but the recent parliamentary election reinforced the popular western image of belarus as a kind of banana republic on the other hand the recent release of political dissidents is a welcome development if it is an attempt by lukashenko to reach out to the west let us reward his efforts with our cautious support but we should be under no illusions about the widespread abuses of human rights and political freedoms in belarus our focus must be the people and civil society of belarus a cause that this house has a noble and vital tradition of supporting even more so after today s speech by ingrid betancourt the people of belarus yearn to take their place in the new europe they need to know that we care and that we will not ignore them 
en,en.20081008.17.3-130,streaming,,64.9926875,29.740352816999803,0.4575953689713139,"We are currently receiving conflicting signals from Minsk, and this is already some kind of progress in relation to before. But the recent parliamentary election reinforced the popular Western image of Belarus as a kind of banana republic. On the other hand, the recent release of political dissidents is a welcome development. If it is an attempt by Lukashenko to reach out to the West, let us reward his efforts with our cautious support. But we should be under no illusions about the widespread abuses of human rights and political freedoms in Belarus. Our focus must be the people and civil society of Belarus. A cause that this House has a noble and vital tradition of supporting, even more so after today's speech by Ingrid Betancourt. The people of Belarus yearn to take their place in the new Europe. They need to know that we care and that we will not ignore them. Thank you.","Mr President , we are currently receiving conflicting signals from Minsk , and this is already some kind of progress in relation to before , but the recent parliamentary election reinforced the popular Western image of Belarus as a kind of banana republic . On the other hand , the recent release of political dissidents is a welcome development . If it is an attempt by Lukashenko to reach out to the West , let us reward his efforts with our cautious support . But we should be under no illusions about the widespread abuses of human rights and political freedoms in Belarus . Our focus must be the people and civil society of Belarus – a cause that this House has a noble and vital tradition of supporting , even more so after today ’ s speech by Ingrid Betancourt .
The people of Belarus yearn to take their place in the new Europe . They need to know that we care and that we will not ignore them .
",we are currently receiving conflicting signals from minsk and this is already some kind of progress in relation to before but the recent parliamentary election reinforced the popular western image of belarus as a kind of banana republic on the other hand the recent release of political dissidents is a welcome development if it is an attempt by lukashenko to reach out to the west let us reward his efforts with our cautious support but we should be under no illusions about the widespread abuses of human rights and political freedoms in belarus our focus must be the people and civil society of belarus a cause that this house has a noble and vital tradition of supporting even more so after today s speech by ingrid betancourt the people of belarus yearn to take their place in the new europe they need to know that we care and that we will not ignore them thank you ,mr president we are currently receiving conflicting signals from minsk and this is already some kind of progress in relation to before but the recent parliamentary election reinforced the popular western image of belarus as a kind of banana republic on the other hand the recent release of political dissidents is a welcome development if it is an attempt by lukashenko to reach out to the west let us reward his efforts with our cautious support but we should be under no illusions about the widespread abuses of human rights and political freedoms in belarus our focus must be the people and civil society of belarus a cause that this house has a noble and vital tradition of supporting even more so after today s speech by ingrid betancourt the people of belarus yearn to take their place in the new europe they need to know that we care and that we will not ignore them 
en,en.20080924.31.3-252,offline,,84.9850625,3.273086601000614,0.03851366939926194,"The financial crisis rages on, and European eurozone countries are facing recession. The answer we are repeatedly told is that we need more regulation to make the financial sector work better. But we have a problem now, and changing the rules after the problem has arisen is not going to help us with that problem. I urge members to consider a completely different reaction to the current economic difficulties. They are a signal that we cannot continue as we are, and that, thanks to borrowing that has been too cheap and imports that have been too cheap, we have all been living above our means, and we cannot go on consuming at the same rate. Adjustment will be painful, but it is necessary. And in these hard times, there is another message that is even more salient, but will not be heard in these institutions. That is, the EU cannot continue with its massive legislative programmes in the name of health and safety, consumer protection, social equality, for instance. For the overriding effect of all these schemes is to add costs and to crush the productive activity on which our very prosperity depends. In these hard times, the one message that should be heard is that European countries can no longer afford the European Union, its institutions, and its immense outpourings of legislation.","Madam President , the financial crisis rages on and euro-zone countries are facing recession . The answer , we are repeatedly told , is that we need more regulation to make the financial sector work better .
But we have a problem now , and changing the rules after the problem has arisen is not going to help us with that problem .
I urge Members to consider a completely different reaction to the current economic difficulties . They are a signal that we cannot continue as we are and that , thanks to borrowing that has been too cheap and imports that have been too cheap , we have all been living above our means and we cannot go on consuming at the same rate .
Adjustment will be painful , but it is necessary , and in these hard times there is another message that is even more salient but will not be heard in these institutions . It is that the EU cannot continue with its massive legislative programmes in the name of health and safety , consumer protection , social equality , for instance , for the overriding effect of all these schemes is to add costs and to crush the productive activity on which our very prosperity depends .
In these hard times , the one message that should be heard is that European countries can no longer afford the European Union , its institutions and its immense outpourings of legislation .
",the financial crisis rages on and european eurozone countries are facing recession the answer we are repeatedly told is that we need more regulation to make the financial sector work better but we have a problem now and changing the rules after the problem has arisen is not going to help us with that problem i urge members to consider a completely different reaction to the current economic difficulties they are a signal that we cannot continue as we are and that thanks to borrowing that has been too cheap and imports that have been too cheap we have all been living above our means and we cannot go on consuming at the same rate adjustment will be painful but it is necessary and in these hard times there is another message that is even more salient but will not be heard in these institutions that is the eu cannot continue with its massive legislative programmes in the name of health and safety consumer protection social equality for instance for the overriding effect of all these schemes is to add costs and to crush the productive activity on which our very prosperity depends in these hard times the one message that should be heard is that european countries can no longer afford the european union its institutions and its immense outpourings of legislation ,madam president the financial crisis rages on and euro zone countries are facing recession the answer we are repeatedly told is that we need more regulation to make the financial sector work better but we have a problem now and changing the rules after the problem has arisen is not going to help us with that problem i urge members to consider a completely different reaction to the current economic difficulties they are a signal that we cannot continue as we are and that thanks to borrowing that has been too cheap and imports that have been too cheap we have all been living above our means and we cannot go on consuming at the same rate adjustment will be painful but it is necessary and in these hard times there is another message that is even more salient but will not be heard in these institutions it is that the eu cannot continue with its massive legislative programmes in the name of health and safety consumer protection social equality for instance for the overriding effect of all these schemes is to add costs and to crush the productive activity on which our very prosperity depends in these hard times the one message that should be heard is that european countries can no longer afford the european union its institutions and its immense outpourings of legislation 
en,en.20080924.31.3-252,streaming,,84.9850625,46.39231634099997,0.5458878887216205,"The financial crisis rages on, and European eurozone countries are facing recession. The answer, we are repeatedly told, is that we need more regulation to make the financial sector work better. But we have a problem now, and changing the rules after the problem has arisen is not going to help us with that problem. I urge members to consider a completely different reaction to the current economic difficulties. They are a signal that we cannot continue as we are, and that, thanks to borrowing that has been too cheap and imports that have been too cheap, we have all been living above our means, and we cannot go on consuming at the same rate. Adjustment will be painful, but it is necessary. And in these hard times, we need to be able to say that we are not going to be able to continue as we are. And in these hard times, there is another message that is even more salient, but will not be heard in these institutions. That is, the EU cannot continue with its massive legislative programmes in the name of health and safety, consumer protection, social equality, for instance. For the overriding effect of all these schemes is to add costs and to crush the productive activity on which our very prosperity depends. In these hard times, the one message that we need to be able to say is that we are not going to be able to continue as we are.","Madam President , the financial crisis rages on and euro-zone countries are facing recession . The answer , we are repeatedly told , is that we need more regulation to make the financial sector work better .
But we have a problem now , and changing the rules after the problem has arisen is not going to help us with that problem .
I urge Members to consider a completely different reaction to the current economic difficulties . They are a signal that we cannot continue as we are and that , thanks to borrowing that has been too cheap and imports that have been too cheap , we have all been living above our means and we cannot go on consuming at the same rate .
Adjustment will be painful , but it is necessary , and in these hard times there is another message that is even more salient but will not be heard in these institutions . It is that the EU cannot continue with its massive legislative programmes in the name of health and safety , consumer protection , social equality , for instance , for the overriding effect of all these schemes is to add costs and to crush the productive activity on which our very prosperity depends .
In these hard times , the one message that should be heard is that European countries can no longer afford the European Union , its institutions and its immense outpourings of legislation .
",the financial crisis rages on and european eurozone countries are facing recession the answer we are repeatedly told is that we need more regulation to make the financial sector work better but we have a problem now and changing the rules after the problem has arisen is not going to help us with that problem i urge members to consider a completely different reaction to the current economic difficulties they are a signal that we cannot continue as we are and that thanks to borrowing that has been too cheap and imports that have been too cheap we have all been living above our means and we cannot go on consuming at the same rate adjustment will be painful but it is necessary and in these hard times we need to be able to say that we are not going to be able to continue as we are and in these hard times there is another message that is even more salient but will not be heard in these institutions that is the eu cannot continue with its massive legislative programmes in the name of health and safety consumer protection social equality for instance for the overriding effect of all these schemes is to add costs and to crush the productive activity on which our very prosperity depends in these hard times the one message that we need to be able to say is that we are not going to be able to continue as we are ,madam president the financial crisis rages on and euro zone countries are facing recession the answer we are repeatedly told is that we need more regulation to make the financial sector work better but we have a problem now and changing the rules after the problem has arisen is not going to help us with that problem i urge members to consider a completely different reaction to the current economic difficulties they are a signal that we cannot continue as we are and that thanks to borrowing that has been too cheap and imports that have been too cheap we have all been living above our means and we cannot go on consuming at the same rate adjustment will be painful but it is necessary and in these hard times there is another message that is even more salient but will not be heard in these institutions it is that the eu cannot continue with its massive legislative programmes in the name of health and safety consumer protection social equality for instance for the overriding effect of all these schemes is to add costs and to crush the productive activity on which our very prosperity depends in these hard times the one message that should be heard is that european countries can no longer afford the european union its institutions and its immense outpourings of legislation 
en,en.20090310.28.2-203,offline,,75.0005,3.4087945249993936,0.04545029066472082,"Mr. President, I welcome this report with just one or two small reservations. We have heard from my colleague, Mrs. Gill, how important small businesses are to the economy and how they are bearing the brunt of the difficulties at the moment. The problem is that the European Union is geared entirely for big businesses, whether it is about legislation or whether it is about access to markets or about funding. And we often talk about better regulation, but what we mean really is proportionality. We have to ensure that our legislation is proportional to the problems we are dealing with, and particularly in the IPPC that we have talked about today, it is really about big business, not about small businesses, and we should reflect that. I do welcome initiatives like Jasmine, which I think are moving in the right direction, but we do need to think in terms of funding, in terms of market access, in terms of legislation about the specific needs of small business. And can I make one particular plea? We have got a single market, but we do not have a single community patent. We have been at this for years and years and years now, and it really is a disgrace that we cannot sort out this problem. It could, by itself, be the biggest help for businesses in the European Union. Let us have some action, please.","Mr President , I welcome this report , with just one or two small reservations . We have heard from my colleague , Mrs Gill , how important small businesses are to the economy and how they are bearing the brunt of the difficulties at the moment . The trouble is that the European Union is geared entirely for big businesses , whether it is about legislation , access to markets or funding .
We often talk about better regulation , but what we really need is proportionality . We have to ensure that our legislation is proportional to the problems we are dealing with , and particularly in the IPPC , which we have talked about today . It is really about big business , not about small businesses , and we should reflect that .
I welcome initiatives like JASMINE , which I think are moving us in the right direction , but we need to think in terms of funding , market access and legislation and about the specific needs of small business .
Let me make one particular plea : we have a single market but we do not have a single Community patent . We have been at this for years and years now , and it really is a disgrace that we cannot sort out this problem . It could , by itself , be the biggest help for businesses in the European Union . Let us have some action .
",mr president i welcome this report with just one or two small reservations we have heard from my colleague mrs gill how important small businesses are to the economy and how they are bearing the brunt of the difficulties at the moment the problem is that the european union is geared entirely for big businesses whether it is about legislation or whether it is about access to markets or about funding and we often talk about better regulation but what we mean really is proportionality we have to ensure that our legislation is proportional to the problems we are dealing with and particularly in the ippc that we have talked about today it is really about big business not about small businesses and we should reflect that i do welcome initiatives like jasmine which i think are moving in the right direction but we do need to think in terms of funding in terms of market access in terms of legislation about the specific needs of small business and can i make one particular plea we have got a single market but we do not have a single community patent we have been at this for years and years and years now and it really is a disgrace that we cannot sort out this problem it could by itself be the biggest help for businesses in the european union let us have some action please ,mr president i welcome this report with just one or two small reservations we have heard from my colleague mrs gill how important small businesses are to the economy and how they are bearing the brunt of the difficulties at the moment the trouble is that the european union is geared entirely for big businesses whether it is about legislation access to markets or funding we often talk about better regulation but what we really need is proportionality we have to ensure that our legislation is proportional to the problems we are dealing with and particularly in the ippc which we have talked about today it is really about big business not about small businesses and we should reflect that i welcome initiatives like jasmine which i think are moving us in the right direction but we need to think in terms of funding market access and legislation and about the specific needs of small business let me make one particular plea we have a single market but we do not have a single community patent we have been at this for years and years now and it really is a disgrace that we cannot sort out this problem it could by itself be the biggest help for businesses in the european union let us have some action 
en,en.20090310.28.2-203,streaming,,75.0005,38.140700775998994,0.5085392867514082,"Mr. President, I welcome this report with just one or two small reservations. We have heard from my colleague, Mrs. Gill, how important small businesses are to the economy and how they are bearing the brunt of the difficulties at the moment. The problem is that the European Union is geared entirely for big businesses, whether it is about legislation or whether it is about access to markets or about funding, and we often talk about better regulation. But what we mean really is proportionality. We have to ensure that our legislation is proportional to the problems we are dealing with, and particularly in the IPPC that we have talked about today, it is really about big business, not about small businesses, and we should reflect that. I do welcome initiatives like Jasmine, which I think are moving in the right direction, but we do need to think in terms of funding, in terms of market access, in terms of legislation about the specific needs of small business. Can I make one particular plea? We have got a single market, but we do not have a single community patent. We have been at this for years and years and years now, and it really is a disgrace that we cannot sort out this problem. It could, by itself, be the biggest help for businesses in the European Union. Let us have some action, please.","Mr President , I welcome this report , with just one or two small reservations . We have heard from my colleague , Mrs Gill , how important small businesses are to the economy and how they are bearing the brunt of the difficulties at the moment . The trouble is that the European Union is geared entirely for big businesses , whether it is about legislation , access to markets or funding .
We often talk about better regulation , but what we really need is proportionality . We have to ensure that our legislation is proportional to the problems we are dealing with , and particularly in the IPPC , which we have talked about today . It is really about big business , not about small businesses , and we should reflect that .
I welcome initiatives like JASMINE , which I think are moving us in the right direction , but we need to think in terms of funding , market access and legislation and about the specific needs of small business .
Let me make one particular plea : we have a single market but we do not have a single Community patent . We have been at this for years and years now , and it really is a disgrace that we cannot sort out this problem . It could , by itself , be the biggest help for businesses in the European Union . Let us have some action .
",mr president i welcome this report with just one or two small reservations we have heard from my colleague mrs gill how important small businesses are to the economy and how they are bearing the brunt of the difficulties at the moment the problem is that the european union is geared entirely for big businesses whether it is about legislation or whether it is about access to markets or about funding and we often talk about better regulation but what we mean really is proportionality we have to ensure that our legislation is proportional to the problems we are dealing with and particularly in the ippc that we have talked about today it is really about big business not about small businesses and we should reflect that i do welcome initiatives like jasmine which i think are moving in the right direction but we do need to think in terms of funding in terms of market access in terms of legislation about the specific needs of small business can i make one particular plea we have got a single market but we do not have a single community patent we have been at this for years and years and years now and it really is a disgrace that we cannot sort out this problem it could by itself be the biggest help for businesses in the european union let us have some action please ,mr president i welcome this report with just one or two small reservations we have heard from my colleague mrs gill how important small businesses are to the economy and how they are bearing the brunt of the difficulties at the moment the trouble is that the european union is geared entirely for big businesses whether it is about legislation access to markets or funding we often talk about better regulation but what we really need is proportionality we have to ensure that our legislation is proportional to the problems we are dealing with and particularly in the ippc which we have talked about today it is really about big business not about small businesses and we should reflect that i welcome initiatives like jasmine which i think are moving us in the right direction but we need to think in terms of funding market access and legislation and about the specific needs of small business let me make one particular plea we have a single market but we do not have a single community patent we have been at this for years and years now and it really is a disgrace that we cannot sort out this problem it could by itself be the biggest help for businesses in the european union let us have some action 
en,en.20100908.3.3-018,offline,,86.982,3.025245783999708,0.03478013593616734,"I want to thank and support the Commission's and the Council's work on ensuring an adequate financing from the financial sector. But there are a couple of issues. We support introducing a form of coordinated stability level and a fund. But when it comes to the financial transaction tax, we are talking about an entirely different and much more complex tax. It would, as a minimum, have to be global to avoid tax evasion. Furthermore, a tax on all transactions might not only be technically infeasible, we also risk making the markets more volatile and less liquid. I have some questions on taxes. If the purpose is to generate money for global causes, which money pots does the revenue go into, and who has the responsibility for distributing the money? And for a tax for a specific purpose, when do we ever know when enough is enough? And finally, the key question is, who will collect the tax—the states or the EU? If it is the EU, far away from its citizens, how do we prevent constant raising taxes? In the real world, enough never seems to be enough when it comes to politicians' need for additional money. Thank you.","Madam President , I want to thank and support the Commission and the Council for their work on ensuring adequate financing from the financial sector .
There are , however , a couple of issues . We support introducing a form of coordinated stability level and a fund , but when it comes to the financial transaction tax , we are talking about an entirely different and much more complex issue .
That tax , as a minimum , would have to be global to avoid tax evasion . Furthermore , a tax on all transactions might not only be technically infeasible , but would also risk making the markets more volatile and less liquid .
I have some questions on taxes . If the purpose is to generate money for global causes , which money pots does the revenue go into , and who has the responsibility for distributing the money ? For a tax for a specific purpose , when do we ever know when enough is enough ? Finally , the key question is who will collect the tax – the Member States or the EU ? If it is the EU , far away from its citizens , how do we prevent constant rising taxes ? In the real world , enough never seems to be enough when it comes to politicians ’ need for additional money .
",i want to thank and support the commission s and the council s work on ensuring an adequate financing from the financial sector but there are a couple of issues we support introducing a form of coordinated stability level and a fund but when it comes to the financial transaction tax we are talking about an entirely different and much more complex tax it would as a minimum have to be global to avoid tax evasion furthermore a tax on all transactions might not only be technically infeasible we also risk making the markets more volatile and less liquid i have some questions on taxes if the purpose is to generate money for global causes which money pots does the revenue go into and who has the responsibility for distributing the money and for a tax for a specific purpose when do we ever know when enough is enough and finally the key question is who will collect the tax the states or the eu if it is the eu far away from its citizens how do we prevent constant raising taxes in the real world enough never seems to be enough when it comes to politicians need for additional money thank you ,madam president i want to thank and support the commission and the council for their work on ensuring adequate financing from the financial sector there are however a couple of issues we support introducing a form of coordinated stability level and a fund but when it comes to the financial transaction tax we are talking about an entirely different and much more complex issue that tax as a minimum would have to be global to avoid tax evasion furthermore a tax on all transactions might not only be technically infeasible but would also risk making the markets more volatile and less liquid i have some questions on taxes if the purpose is to generate money for global causes which money pots does the revenue go into and who has the responsibility for distributing the money for a tax for a specific purpose when do we ever know when enough is enough finally the key question is who will collect the tax the member states or the eu if it is the eu far away from its citizens how do we prevent constant rising taxes in the real world enough never seems to be enough when it comes to politicians need for additional money 
en,en.20100908.3.3-018,streaming,,86.982,46.378687566000735,0.5331986797958282,"I want to thank and support the Commission's and the Council's work on ensuring an adequate financing from the financial sector, but there are a couple of issues. We support introducing a form of coordinated stability level and a fund, but when it comes to the financial transaction tax, we are talking about an entirely different and much more complex tax. It would, as a minimum, have to be global to avoid tax evasion. Furthermore, a tax on all transactions might not only be technically infeasible; we also risk making the markets more volatile and less liquid. I have some questions on taxes. If the purpose is to generate money for global causes, which money pots does the revenue go into, and who has the responsibility for distributing the money? And for a tax for a specific purpose, when do we ever know when enough is enough? And finally, the key question is, who will collect the tax—the states or the EU? If it is EU, far away from its citizens, how do we prevent constant raising taxes? In the real world, enough never seems to be enough when it comes to politicians' need for additional money. Thank you.","Madam President , I want to thank and support the Commission and the Council for their work on ensuring adequate financing from the financial sector .
There are , however , a couple of issues . We support introducing a form of coordinated stability level and a fund , but when it comes to the financial transaction tax , we are talking about an entirely different and much more complex issue .
That tax , as a minimum , would have to be global to avoid tax evasion . Furthermore , a tax on all transactions might not only be technically infeasible , but would also risk making the markets more volatile and less liquid .
I have some questions on taxes . If the purpose is to generate money for global causes , which money pots does the revenue go into , and who has the responsibility for distributing the money ? For a tax for a specific purpose , when do we ever know when enough is enough ? Finally , the key question is who will collect the tax – the Member States or the EU ? If it is the EU , far away from its citizens , how do we prevent constant rising taxes ? In the real world , enough never seems to be enough when it comes to politicians ’ need for additional money .
",i want to thank and support the commission s and the council s work on ensuring an adequate financing from the financial sector but there are a couple of issues we support introducing a form of coordinated stability level and a fund but when it comes to the financial transaction tax we are talking about an entirely different and much more complex tax it would as a minimum have to be global to avoid tax evasion furthermore a tax on all transactions might not only be technically infeasible we also risk making the markets more volatile and less liquid i have some questions on taxes if the purpose is to generate money for global causes which money pots does the revenue go into and who has the responsibility for distributing the money and for a tax for a specific purpose when do we ever know when enough is enough and finally the key question is who will collect the tax the states or the eu if it is eu far away from its citizens how do we prevent constant raising taxes in the real world enough never seems to be enough when it comes to politicians need for additional money thank you ,madam president i want to thank and support the commission and the council for their work on ensuring adequate financing from the financial sector there are however a couple of issues we support introducing a form of coordinated stability level and a fund but when it comes to the financial transaction tax we are talking about an entirely different and much more complex issue that tax as a minimum would have to be global to avoid tax evasion furthermore a tax on all transactions might not only be technically infeasible but would also risk making the markets more volatile and less liquid i have some questions on taxes if the purpose is to generate money for global causes which money pots does the revenue go into and who has the responsibility for distributing the money for a tax for a specific purpose when do we ever know when enough is enough finally the key question is who will collect the tax the member states or the eu if it is the eu far away from its citizens how do we prevent constant rising taxes in the real world enough never seems to be enough when it comes to politicians need for additional money 
fr,en.20090203.20.2-306,offline,,63.019,3.4611034680001467,0.05492158663260519,"Monsieur le Président, nous avons en effet tous milité pour la fermeture de Guantanamo et nous nous sommes tous félicités de la décision du président Obama de fermer cette prison de la honte. Aujourd'hui, la question d'accueillir les détenus de Guantanamo ne devrait pas se poser à nous. En tant qu'Européens, fidèles à nos valeurs de défense des droits de la personne lui-même, nous devons prendre nos responsabilités, car il est de notre devoir d'accueillir ces ex-détenus. Et on a pu lire, et là je m'adresse au Conseil, on a pu lire dans la presse que des États membres n'étaient pas très chauds pour cet accueil. Alors là, je voudrais vraiment lancer un appel au Conseil et vraiment, en particulier aux États membres réticents, pour qu'ils acceptent de recevoir sur leur territoire ces détenus. Et je vous dirai, chers collègues, que le pire serait que le bel élan suscité par la fermeture de Guantanamo ne s'enlise parce que nous n'aurions pas répondu présent lorsqu'on aura fait appel à l'Europe.","Monsieur le Président , nous avons en effet tous milité pour la fermeture de Guantánamo et nous nous sommes tous félicités de la décision du président Obama de fermer cette prison de la honte .
Aujourd ’ hui , la question d ’ accueillir les détenus de Guantánamo ne devrait pas se poser à nous . En tant qu ’ Européens , fidèles à nos valeurs de défense des droits de la personne humaine , nous devons prendre nos responsabilités car il est de notre devoir d ’ accueillir ces ex-détenus .
On a pu lire – et là je m ’ adresse au Conseil – , on a pu lire dans la presse que des États membres n ’ étaient pas très chauds pour cet accueil . Alors là , je voudrais vraiment lancer un appel au Conseil et en particulier aux États membres réticents pour qu ’ ils acceptent de recevoir ces détenus sur leurs territoires .
Et je vous dirai , chers collègues , que le pire serait que le bel élan suscité par la fermeture de Guantánamo s ’ enlise parce que nous n ’ aurions pas répondu présents lorsqu ’ on aura fait appel à l ’ Europe .
",monsieur le président nous avons en effet tous milité pour la fermeture de guantanamo et nous nous sommes tous félicités de la décision du président obama de fermer cette prison de la honte aujourd hui la question d accueillir les détenus de guantanamo ne devrait pas se poser à nous en tant qu européens fidèles à nos valeurs de défense des droits de la personne lui même nous devons prendre nos responsabilités car il est de notre devoir d accueillir ces ex détenus et on a pu lire et là je m adresse au conseil on a pu lire dans la presse que des états membres n étaient pas très chauds pour cet accueil alors là je voudrais vraiment lancer un appel au conseil et vraiment en particulier aux états membres réticents pour qu ils acceptent de recevoir sur leur territoire ces détenus et je vous dirai chers collègues que le pire serait que le bel élan suscité par la fermeture de guantanamo ne s enlise parce que nous n aurions pas répondu présent lorsqu on aura fait appel à l europe ,monsieur le président nous avons en effet tous milité pour la fermeture de guantánamo et nous nous sommes tous félicités de la décision du président obama de fermer cette prison de la honte aujourd hui la question d accueillir les détenus de guantánamo ne devrait pas se poser à nous en tant qu européens fidèles à nos valeurs de défense des droits de la personne humaine nous devons prendre nos responsabilités car il est de notre devoir d accueillir ces ex détenus on a pu lire et là je m adresse au conseil on a pu lire dans la presse que des états membres n étaient pas très chauds pour cet accueil alors là je voudrais vraiment lancer un appel au conseil et en particulier aux états membres réticents pour qu ils acceptent de recevoir ces détenus sur leurs territoires et je vous dirai chers collègues que le pire serait que le bel élan suscité par la fermeture de guantánamo s enlise parce que nous n aurions pas répondu présents lorsqu on aura fait appel à l europe 
fr,en.20090203.20.2-306,streaming,,63.019,30.46676597899932,0.4834536565004097,"Monsieur le Président, nous avons en effet tous milité pour la fermeture de Guantanamo, et nous nous sommes tous félicités de la décision du président Obama de fermer cette prison de la honte. Aujourd'hui, la question d'accueillir les détenus de Guantanamo ne devrait pas se poser à nous, en tant qu'Européens fidèles à nos valeurs de défense des droits de la personne lui-même, nous devons prendre nos responsabilités, car il est de notre devoir d'accueillir ces ex-détenus. Et on a pu lire, et là je m'adresse au Conseil, on a pu lire dans la presse que des États membres n'étaient pas très chauds pour cet accueil. Alors là, je voudrais vraiment lancer un appel au Conseil et vraiment, en particulier aux États membres réticents, pour qu'ils acceptent de recevoir sur leur territoire ces détenus. Et je vous dirai, chers collègues, que le pire serait que le bel élan suscité par la fermeture de Guantanamo ne s'enlise parce que nous n'aurions pas répondu présent lorsqu'on aura fait appel à l'Europe.","Monsieur le Président , nous avons en effet tous milité pour la fermeture de Guantánamo et nous nous sommes tous félicités de la décision du président Obama de fermer cette prison de la honte .
Aujourd ’ hui , la question d ’ accueillir les détenus de Guantánamo ne devrait pas se poser à nous . En tant qu ’ Européens , fidèles à nos valeurs de défense des droits de la personne humaine , nous devons prendre nos responsabilités car il est de notre devoir d ’ accueillir ces ex-détenus .
On a pu lire – et là je m ’ adresse au Conseil – , on a pu lire dans la presse que des États membres n ’ étaient pas très chauds pour cet accueil . Alors là , je voudrais vraiment lancer un appel au Conseil et en particulier aux États membres réticents pour qu ’ ils acceptent de recevoir ces détenus sur leurs territoires .
Et je vous dirai , chers collègues , que le pire serait que le bel élan suscité par la fermeture de Guantánamo s ’ enlise parce que nous n ’ aurions pas répondu présents lorsqu ’ on aura fait appel à l ’ Europe .
",monsieur le président nous avons en effet tous milité pour la fermeture de guantanamo et nous nous sommes tous félicités de la décision du président obama de fermer cette prison de la honte aujourd hui la question d accueillir les détenus de guantanamo ne devrait pas se poser à nous en tant qu européens fidèles à nos valeurs de défense des droits de la personne lui même nous devons prendre nos responsabilités car il est de notre devoir d accueillir ces ex détenus et on a pu lire et là je m adresse au conseil on a pu lire dans la presse que des états membres n étaient pas très chauds pour cet accueil alors là je voudrais vraiment lancer un appel au conseil et vraiment en particulier aux états membres réticents pour qu ils acceptent de recevoir sur leur territoire ces détenus et je vous dirai chers collègues que le pire serait que le bel élan suscité par la fermeture de guantanamo ne s enlise parce que nous n aurions pas répondu présent lorsqu on aura fait appel à l europe ,monsieur le président nous avons en effet tous milité pour la fermeture de guantánamo et nous nous sommes tous félicités de la décision du président obama de fermer cette prison de la honte aujourd hui la question d accueillir les détenus de guantánamo ne devrait pas se poser à nous en tant qu européens fidèles à nos valeurs de défense des droits de la personne humaine nous devons prendre nos responsabilités car il est de notre devoir d accueillir ces ex détenus on a pu lire et là je m adresse au conseil on a pu lire dans la presse que des états membres n étaient pas très chauds pour cet accueil alors là je voudrais vraiment lancer un appel au conseil et en particulier aux états membres réticents pour qu ils acceptent de recevoir ces détenus sur leurs territoires et je vous dirai chers collègues que le pire serait que le bel élan suscité par la fermeture de guantánamo s enlise parce que nous n aurions pas répondu présents lorsqu on aura fait appel à l europe 
fr,en.20110310.19.4-272-000,offline,,76.0221875,3.642514504999781,0.04791383443155698,"Merci, Monsieur le Président. À mon tour d'exprimer ma très vive émotion après le lâche assassinat le 2 mars dernier du ministre pakistanais en charge des minorités de confession chrétienne, Monsieur Bhatti. Cet assassinat de nature terroriste fait suite à de nombreuses autres assassinats de Pakistanais courageux, tolérants, amoureux des droits de l'homme, défenseurs des droits de l'homme et des droits de la femme. Je dois le dire. Alors, encore une fois, nous appelons instamment le gouvernement pakistanais à faire toute la lumière sur ce lâche assassinat et à assurer efficacement, vraiment efficacement, la protection des personnes menacées par les extrémistes religieux fanatiques. Et je pense, bien sûr, en tout premier lieu, mais pas uniquement, à Madame Sherwani. Et je voulais également, encore une fois, avec vigueur, demander à toutes les institutions compétentes de l'Union européenne d'inclure dans les négociations en vue de préparer les futurs accords de coopération, notamment l'accord de coopération entre l'UE et le Pakistan, une clause de respect de la liberté religieuse et de respect des droits de l'homme. Je vous remercie.","Monsieur le Président , à mon tour d ’ exprimer ma très vive émotion après le lâche assassinat , le 2 mars dernier , du ministre pakistanais en charge des minorités de confession chrétienne , M. Bahti .
Cet assassinat de nature terroriste fait suite à de nombreux autres assassinats de Pakistanais courageux , tolérants , amoureux des droits de l ’ homme , défenseurs des droits de l ’ homme et des droits de la femme , je dois le dire .
Encore une fois , nous appelons instamment le gouvernement pakistanais à faire toute la lumière sur ce lâche assassinat et à assurer vraiment efficacement la protection des personnes menacées par les extrémistes religieux fanatiques . Et je pense , bien sûr , en tout premier lieu mais pas uniquement , à Mme Sherry Rehman .
Je voulais également , encore une fois avec vigueur , demander à toutes les institutions compétentes de l ’ Union européenne d ’ inclure dans les négociations en vue de préparer les futurs accords de coopération , notamment l ’ accord de coopération entre l ’ Union et le Pakistan , une clause de respect de la liberté religieuse et de respect des droits de l ’ homme .
",merci monsieur le président à mon tour d exprimer ma très vive émotion après le lâche assassinat le 2 mars dernier du ministre pakistanais en charge des minorités de confession chrétienne monsieur bhatti cet assassinat de nature terroriste fait suite à de nombreuses autres assassinats de pakistanais courageux tolérants amoureux des droits de l homme défenseurs des droits de l homme et des droits de la femme je dois le dire alors encore une fois nous appelons instamment le gouvernement pakistanais à faire toute la lumière sur ce lâche assassinat et à assurer efficacement vraiment efficacement la protection des personnes menacées par les extrémistes religieux fanatiques et je pense bien sûr en tout premier lieu mais pas uniquement à madame sherwani et je voulais également encore une fois avec vigueur demander à toutes les institutions compétentes de l union européenne d inclure dans les négociations en vue de préparer les futurs accords de coopération notamment l accord de coopération entre l ue et le pakistan une clause de respect de la liberté religieuse et de respect des droits de l homme je vous remercie ,monsieur le président à mon tour d exprimer ma très vive émotion après le lâche assassinat le 2 mars dernier du ministre pakistanais en charge des minorités de confession chrétienne m bahti cet assassinat de nature terroriste fait suite à de nombreux autres assassinats de pakistanais courageux tolérants amoureux des droits de l homme défenseurs des droits de l homme et des droits de la femme je dois le dire encore une fois nous appelons instamment le gouvernement pakistanais à faire toute la lumière sur ce lâche assassinat et à assurer vraiment efficacement la protection des personnes menacées par les extrémistes religieux fanatiques et je pense bien sûr en tout premier lieu mais pas uniquement à mme sherry rehman je voulais également encore une fois avec vigueur demander à toutes les institutions compétentes de l union européenne d inclure dans les négociations en vue de préparer les futurs accords de coopération notamment l accord de coopération entre l union et le pakistan une clause de respect de la liberté religieuse et de respect des droits de l homme 
fr,en.20110310.19.4-272-000,streaming,,76.0221875,39.68759799700092,0.5220528282878064,"Merci, Monsieur le Président, à mon tour d'exprimer ma très vive émotion après le lâche assassinat le 2 mars dernier du ministre pakistanais en charge des minorités de confession chrétienne, Monsieur Bhatti. Cet assassinat de nature terroriste fait suite à de nombreuses autres assassinats de Pakistanais courageux, tolérants, amoureux des droits de l'homme, défenseurs des droits de l'homme et des droits de la femme. Je dois le dire. Alors, encore une fois, nous appelons instamment le gouvernement pakistanais à faire toute la lumière sur ce lâche assassinat et à assurer efficacement, vraiment efficacement, la protection des personnes menacées par les extrémistes religieux fanatiques. Et je pense, bien sûr, en tout premier lieu, mais pas uniquement, à Madame Sherwani. Et je voulais également, encore une fois, avec vigueur, demander à toutes les institutions compétentes de l'Union européenne d'inclure dans les négociations en vue de préparer les futurs accords de coopération, notamment l'accord de coopération entre l'UE et le Pakistan, une clause de respect de la liberté religieuse et de respect des droits de l'homme. Je vous remercie.","Monsieur le Président , à mon tour d ’ exprimer ma très vive émotion après le lâche assassinat , le 2 mars dernier , du ministre pakistanais en charge des minorités de confession chrétienne , M. Bahti .
Cet assassinat de nature terroriste fait suite à de nombreux autres assassinats de Pakistanais courageux , tolérants , amoureux des droits de l ’ homme , défenseurs des droits de l ’ homme et des droits de la femme , je dois le dire .
Encore une fois , nous appelons instamment le gouvernement pakistanais à faire toute la lumière sur ce lâche assassinat et à assurer vraiment efficacement la protection des personnes menacées par les extrémistes religieux fanatiques . Et je pense , bien sûr , en tout premier lieu mais pas uniquement , à Mme Sherry Rehman .
Je voulais également , encore une fois avec vigueur , demander à toutes les institutions compétentes de l ’ Union européenne d ’ inclure dans les négociations en vue de préparer les futurs accords de coopération , notamment l ’ accord de coopération entre l ’ Union et le Pakistan , une clause de respect de la liberté religieuse et de respect des droits de l ’ homme .
",merci monsieur le président à mon tour d exprimer ma très vive émotion après le lâche assassinat le 2 mars dernier du ministre pakistanais en charge des minorités de confession chrétienne monsieur bhatti cet assassinat de nature terroriste fait suite à de nombreuses autres assassinats de pakistanais courageux tolérants amoureux des droits de l homme défenseurs des droits de l homme et des droits de la femme je dois le dire alors encore une fois nous appelons instamment le gouvernement pakistanais à faire toute la lumière sur ce lâche assassinat et à assurer efficacement vraiment efficacement la protection des personnes menacées par les extrémistes religieux fanatiques et je pense bien sûr en tout premier lieu mais pas uniquement à madame sherwani et je voulais également encore une fois avec vigueur demander à toutes les institutions compétentes de l union européenne d inclure dans les négociations en vue de préparer les futurs accords de coopération notamment l accord de coopération entre l ue et le pakistan une clause de respect de la liberté religieuse et de respect des droits de l homme je vous remercie ,monsieur le président à mon tour d exprimer ma très vive émotion après le lâche assassinat le 2 mars dernier du ministre pakistanais en charge des minorités de confession chrétienne m bahti cet assassinat de nature terroriste fait suite à de nombreux autres assassinats de pakistanais courageux tolérants amoureux des droits de l homme défenseurs des droits de l homme et des droits de la femme je dois le dire encore une fois nous appelons instamment le gouvernement pakistanais à faire toute la lumière sur ce lâche assassinat et à assurer vraiment efficacement la protection des personnes menacées par les extrémistes religieux fanatiques et je pense bien sûr en tout premier lieu mais pas uniquement à mme sherry rehman je voulais également encore une fois avec vigueur demander à toutes les institutions compétentes de l union européenne d inclure dans les négociations en vue de préparer les futurs accords de coopération notamment l accord de coopération entre l union et le pakistan une clause de respect de la liberté religieuse et de respect des droits de l homme 
fr,en.20110119.24.3-500-000,offline,,63.99425,4.053323128999182,0.0633388644917189,"Monsieur le Président, mes chers collègues, Madame la Haute Représentante, nous sommes tous d'accord pour dire que la situation dans la région du Sahel s'est considérablement dégradée. Et laisser s'installer une zone de non-droit au port de l'Europe est un danger que nous devons combattre fermement et sans attendre. Les groupes extrémistes se multiplient et menacent la vie des populations civiles. À mon tour, je déplore les pertes en vies humaines et les prises d'otages et m'inquiète pour les ressortissants européens sur place. Jusqu'à présent, le Maroc était un rempart contre les trafics en tout genre en provenance du Sahel. Or, désormais, les trafiquants de drogues, d'armes ou d'êtres humains contournent le Maroc en passant par la Mauritanie vers les îles Canaries en direction de l'Union européenne. Il est de la responsabilité, me semble-t-il, de l'Union européenne d'agir pour aider ces États à mettre un terme à ces menaces. La sécurité de l'Europe se joue sur notre territoire, mais aussi dans son voisinage, dirais-je. Il est temps pour nous d'agir et je demande à la Commission et au Conseil de mettre en œuvre un plan d'action pour aider au retour à la sécurité au Sahel.","Monsieur le Président , chers collègues , Madame la Haute représentante , nous sommes tous d ’ accord pour dire que la situation dans la région du Sahel s ’ est considérablement dégradée . Laisser s ’ installer une zone de non-droit aux portes de l ’ Europe est un danger que nous devons combattre fermement et sans attendre . Les groupes extrémistes se multiplient et menacent la vie des populations civiles .
À mon tour , je déplore les pertes en vies humaines et les prises d ’ otages et m ’ inquiète pour les ressortissants européens sur place . Jusqu ’ à présent , le Maroc était un rempart contre les trafics en tous genres en provenance du Sahel . Désormais , les trafiquants de drogue , d ’ armes ou d ’ êtres humains contournent le Maroc en passant par la Mauritanie , vers les îles Canaries en direction de l ’ Union européenne . Il est de la responsabilité , me semble-t-il , de l ’ Union européenne d ’ agir pour aider ces États à mettre un terme à ces menaces .
La sécurité de l ’ Europe se joue sur notre territoire mais aussi dans son voisinage direct . Il est temps pour nous d ’ agir , et je demande à la Commission et au Conseil de mettre en œuvre un plan d ’ action pour aider au retour à la sécurité au Sahel .
",monsieur le président mes chers collègues madame la haute représentante nous sommes tous d accord pour dire que la situation dans la région du sahel s est considérablement dégradée et laisser s installer une zone de non droit au port de l europe est un danger que nous devons combattre fermement et sans attendre les groupes extrémistes se multiplient et menacent la vie des populations civiles à mon tour je déplore les pertes en vies humaines et les prises d otages et m inquiète pour les ressortissants européens sur place jusqu à présent le maroc était un rempart contre les trafics en tout genre en provenance du sahel or désormais les trafiquants de drogues d armes ou d êtres humains contournent le maroc en passant par la mauritanie vers les îles canaries en direction de l union européenne il est de la responsabilité me semble t il de l union européenne d agir pour aider ces états à mettre un terme à ces menaces la sécurité de l europe se joue sur notre territoire mais aussi dans son voisinage dirais je il est temps pour nous d agir et je demande à la commission et au conseil de mettre en œuvre un plan d action pour aider au retour à la sécurité au sahel ,monsieur le président chers collègues madame la haute représentante nous sommes tous d accord pour dire que la situation dans la région du sahel s est considérablement dégradée laisser s installer une zone de non droit aux portes de l europe est un danger que nous devons combattre fermement et sans attendre les groupes extrémistes se multiplient et menacent la vie des populations civiles à mon tour je déplore les pertes en vies humaines et les prises d otages et m inquiète pour les ressortissants européens sur place jusqu à présent le maroc était un rempart contre les trafics en tous genres en provenance du sahel désormais les trafiquants de drogue d armes ou d êtres humains contournent le maroc en passant par la mauritanie vers les îles canaries en direction de l union européenne il est de la responsabilité me semble t il de l union européenne d agir pour aider ces états à mettre un terme à ces menaces la sécurité de l europe se joue sur notre territoire mais aussi dans son voisinage direct il est temps pour nous d agir et je demande à la commission et au conseil de mettre en œuvre un plan d action pour aider au retour à la sécurité au sahel 
fr,en.20110119.24.3-500-000,streaming,,63.99425,32.1976173740004,0.503132974821963,"Monsieur le Président, Mesdames et Messieurs les Colleagues, Madame la Haute Représentante, nous sommes tous d'accord pour dire que la situation dans la région de la Sahel s'est considérablement dégradée et laissée s'installer une zone de non-droit au port de l'Europe est un danger que nous devons combattre fermement et sans attendre. Les groupes extrémistes se multiplient et menacent la vie des populations civiles. À mon tour, je déplore les pertes en vies humaines et les prises d'otages et m'inquiète pour les ressortissants européens sur place. Jusqu'à présent, le Maroc était un rempart contre les trafics en tout genre en provenance du Sahel. Or, désormais, les trafiquants de drogue, d'armes ou d'êtres humains contournent le Maroc en passant par la Mauritanie vers les îles Canaries en direction de l'Union européenne. Il est de la responsabilité, me semble-t-il, de l'Union européenne d'agir pour aider ces États à mettre un terme à ces menaces. La sécurité de l'Europe se joue sur notre territoire, mais aussi dans son voisinage, dirais-je. Il est temps pour nous d'agir et je demande à la Commission et au Conseil de mettre en œuvre un plan d'action pour aider au retour à la sécurité au Sahel.","Monsieur le Président , chers collègues , Madame la Haute représentante , nous sommes tous d ’ accord pour dire que la situation dans la région du Sahel s ’ est considérablement dégradée . Laisser s ’ installer une zone de non-droit aux portes de l ’ Europe est un danger que nous devons combattre fermement et sans attendre . Les groupes extrémistes se multiplient et menacent la vie des populations civiles .
À mon tour , je déplore les pertes en vies humaines et les prises d ’ otages et m ’ inquiète pour les ressortissants européens sur place . Jusqu ’ à présent , le Maroc était un rempart contre les trafics en tous genres en provenance du Sahel . Désormais , les trafiquants de drogue , d ’ armes ou d ’ êtres humains contournent le Maroc en passant par la Mauritanie , vers les îles Canaries en direction de l ’ Union européenne . Il est de la responsabilité , me semble-t-il , de l ’ Union européenne d ’ agir pour aider ces États à mettre un terme à ces menaces .
La sécurité de l ’ Europe se joue sur notre territoire mais aussi dans son voisinage direct . Il est temps pour nous d ’ agir , et je demande à la Commission et au Conseil de mettre en œuvre un plan d ’ action pour aider au retour à la sécurité au Sahel .
",monsieur le président mesdames et messieurs les colleagues madame la haute représentante nous sommes tous d accord pour dire que la situation dans la région de la sahel s est considérablement dégradée et laissée s installer une zone de non droit au port de l europe est un danger que nous devons combattre fermement et sans attendre les groupes extrémistes se multiplient et menacent la vie des populations civiles à mon tour je déplore les pertes en vies humaines et les prises d otages et m inquiète pour les ressortissants européens sur place jusqu à présent le maroc était un rempart contre les trafics en tout genre en provenance du sahel or désormais les trafiquants de drogue d armes ou d êtres humains contournent le maroc en passant par la mauritanie vers les îles canaries en direction de l union européenne il est de la responsabilité me semble t il de l union européenne d agir pour aider ces états à mettre un terme à ces menaces la sécurité de l europe se joue sur notre territoire mais aussi dans son voisinage dirais je il est temps pour nous d agir et je demande à la commission et au conseil de mettre en œuvre un plan d action pour aider au retour à la sécurité au sahel ,monsieur le président chers collègues madame la haute représentante nous sommes tous d accord pour dire que la situation dans la région du sahel s est considérablement dégradée laisser s installer une zone de non droit aux portes de l europe est un danger que nous devons combattre fermement et sans attendre les groupes extrémistes se multiplient et menacent la vie des populations civiles à mon tour je déplore les pertes en vies humaines et les prises d otages et m inquiète pour les ressortissants européens sur place jusqu à présent le maroc était un rempart contre les trafics en tous genres en provenance du sahel désormais les trafiquants de drogue d armes ou d êtres humains contournent le maroc en passant par la mauritanie vers les îles canaries en direction de l union européenne il est de la responsabilité me semble t il de l union européenne d agir pour aider ces états à mettre un terme à ces menaces la sécurité de l europe se joue sur notre territoire mais aussi dans son voisinage direct il est temps pour nous d agir et je demande à la commission et au conseil de mettre en œuvre un plan d action pour aider au retour à la sécurité au sahel 
fr,en.20120611.19.1-081-000,offline,,66.0375625,3.484584238000025,0.05276669983087314,"Monsieur le Président, face aux profondes mutations auxquelles notre monde est sujet aujourd'hui, l'UE se doit de réformer son système de préférence généralisée. Comme tout compromis, celui-ci ne déroge pas à la règle. S'il est satisfaisant d'un point de vue strictement commercial, il est loin d'être parfait, car nous devons garder à l'esprit que ce règlement s'adresse aux pays en développement. En développant son nouveau paradigme de la différenciation, la Commission dit vouloir recentrer son action en faveur des pays les plus pauvres. Cela ne semble tout à fait soutenable à première vue. Pour ce faire, la Commission a néanmoins développé une vision strictement comptable basée sur le seul critère du PIB par habitant. On voit bien la limite de cette approche, quitte des nombreux pays en développement à revenu moyen, dont les économies sont peu diversifiées et qui sont vulnérables aux aléas climatiques. Le compromis trouvé avec le Conseil ne répond pas à cette question, et c'est pour cela que j'appelle les collègues à voter en faveur des trois amendements qui seront déposés sur ce texte.","Madame la Présidente , chers collègues , face aux profondes mutations auxquelles notre monde est sujet aujourd' hui , l' Union européenne se doit de réformer son système de préférences généralisées .
Comme tout compromis , celui-ci ne déroge pas à la règle . S' il est satisfaisant d' un point de vue strictement commercial , il est loin d' être parfait , car nous devons garder à l' esprit que ce règlement s' adresse aux pays en développement .
En développant son nouveau paradigme de la différenciation , la Commission dit vouloir recentrer son action en faveur des pays les plus pauvres . Cela nous semble tout à fait soutenable à première vue .
Pour ce faire , la Commission a néanmoins développé une vision strictement comptable basée sur le seul critère du PIB par habitant . On voit bien la limite de cette approche . Quid des nombreux pays en développement à revenus moyens dont les économies sont peu diversifiées et qui sont vulnérables aux aléas climatiques ?
Le compromis trouvé avec le Conseil ne répond pas à cette question et c' est pour cela que j' appelle les collègues à voter en faveur des trois amendements qui seront déposés sur ce texte .
",monsieur le président face aux profondes mutations auxquelles notre monde est sujet aujourd hui l ue se doit de réformer son système de préférence généralisée comme tout compromis celui ci ne déroge pas à la règle s il est satisfaisant d un point de vue strictement commercial il est loin d être parfait car nous devons garder à l esprit que ce règlement s adresse aux pays en développement en développant son nouveau paradigme de la différenciation la commission dit vouloir recentrer son action en faveur des pays les plus pauvres cela ne semble tout à fait soutenable à première vue pour ce faire la commission a néanmoins développé une vision strictement comptable basée sur le seul critère du pib par habitant on voit bien la limite de cette approche quitte des nombreux pays en développement à revenu moyen dont les économies sont peu diversifiées et qui sont vulnérables aux aléas climatiques le compromis trouvé avec le conseil ne répond pas à cette question et c est pour cela que j appelle les collègues à voter en faveur des trois amendements qui seront déposés sur ce texte ,madame la présidente chers collègues face aux profondes mutations auxquelles notre monde est sujet aujourd hui l union européenne se doit de réformer son système de préférences généralisées comme tout compromis celui ci ne déroge pas à la règle s il est satisfaisant d un point de vue strictement commercial il est loin d être parfait car nous devons garder à l esprit que ce règlement s adresse aux pays en développement en développant son nouveau paradigme de la différenciation la commission dit vouloir recentrer son action en faveur des pays les plus pauvres cela nous semble tout à fait soutenable à première vue pour ce faire la commission a néanmoins développé une vision strictement comptable basée sur le seul critère du pib par habitant on voit bien la limite de cette approche quid des nombreux pays en développement à revenus moyens dont les économies sont peu diversifiées et qui sont vulnérables aux aléas climatiques le compromis trouvé avec le conseil ne répond pas à cette question et c est pour cela que j appelle les collègues à voter en faveur des trois amendements qui seront déposés sur ce texte 
fr,en.20120611.19.1-081-000,streaming,,66.0375625,32.31214670099871,0.4892995058834691,"Monsieur le Président, chers collègues, face aux profondes mutations auxquelles notre monde est sujet aujourd'hui, l'UE se doit de réformer son système de préférence généralisée, comme tout compromis, celui-ci ne déroge pas à la règle. S'il est satisfaisant d'un point de vue strictement commercial, il est loin d'être parfait, car nous devons garder à l'esprit que ce règlement s'adresse aux pays en développement, en développant son nouveau paradigme de la différenciation, la Commission dit vouloir recentrer son action en faveur des pays les plus pauvres. Cela ne semble tout à fait soutenable à première vue. Pour ce faire, la Commission a néanmoins développé une vision strictement comptable basée sur le seul critère du PIB par habitant. On voit bien la limite de cette approche. Quitte des nombreux pays en développement à revenu moyen, dont les économies sont peu diversifiées et qui sont vulnérables aux aléas climatiques, le compromis trouvé avec le Conseil ne répond pas à cette question, et c'est pour cela que j'appelle les collègues à voter en faveur des trois amendements qui seront déposés sur ce texte.","Madame la Présidente , chers collègues , face aux profondes mutations auxquelles notre monde est sujet aujourd' hui , l' Union européenne se doit de réformer son système de préférences généralisées .
Comme tout compromis , celui-ci ne déroge pas à la règle . S' il est satisfaisant d' un point de vue strictement commercial , il est loin d' être parfait , car nous devons garder à l' esprit que ce règlement s' adresse aux pays en développement .
En développant son nouveau paradigme de la différenciation , la Commission dit vouloir recentrer son action en faveur des pays les plus pauvres . Cela nous semble tout à fait soutenable à première vue .
Pour ce faire , la Commission a néanmoins développé une vision strictement comptable basée sur le seul critère du PIB par habitant . On voit bien la limite de cette approche . Quid des nombreux pays en développement à revenus moyens dont les économies sont peu diversifiées et qui sont vulnérables aux aléas climatiques ?
Le compromis trouvé avec le Conseil ne répond pas à cette question et c' est pour cela que j' appelle les collègues à voter en faveur des trois amendements qui seront déposés sur ce texte .
",monsieur le président chers collègues face aux profondes mutations auxquelles notre monde est sujet aujourd hui l ue se doit de réformer son système de préférence généralisée comme tout compromis celui ci ne déroge pas à la règle s il est satisfaisant d un point de vue strictement commercial il est loin d être parfait car nous devons garder à l esprit que ce règlement s adresse aux pays en développement en développant son nouveau paradigme de la différenciation la commission dit vouloir recentrer son action en faveur des pays les plus pauvres cela ne semble tout à fait soutenable à première vue pour ce faire la commission a néanmoins développé une vision strictement comptable basée sur le seul critère du pib par habitant on voit bien la limite de cette approche quitte des nombreux pays en développement à revenu moyen dont les économies sont peu diversifiées et qui sont vulnérables aux aléas climatiques le compromis trouvé avec le conseil ne répond pas à cette question et c est pour cela que j appelle les collègues à voter en faveur des trois amendements qui seront déposés sur ce texte ,madame la présidente chers collègues face aux profondes mutations auxquelles notre monde est sujet aujourd hui l union européenne se doit de réformer son système de préférences généralisées comme tout compromis celui ci ne déroge pas à la règle s il est satisfaisant d un point de vue strictement commercial il est loin d être parfait car nous devons garder à l esprit que ce règlement s adresse aux pays en développement en développant son nouveau paradigme de la différenciation la commission dit vouloir recentrer son action en faveur des pays les plus pauvres cela nous semble tout à fait soutenable à première vue pour ce faire la commission a néanmoins développé une vision strictement comptable basée sur le seul critère du pib par habitant on voit bien la limite de cette approche quid des nombreux pays en développement à revenus moyens dont les économies sont peu diversifiées et qui sont vulnérables aux aléas climatiques le compromis trouvé avec le conseil ne répond pas à cette question et c est pour cela que j appelle les collègues à voter en faveur des trois amendements qui seront déposés sur ce texte 
fr,en.20111117.4.4-086-000,offline,,69.00975,3.5004668930014304,0.05072423669121292,"Oui, merci, Monsieur le Président. Je voudrais dire qu'en grande partie, grâce à ces régions ultrapériphériques, l'Union européenne est la première puissance maritime mondiale. C'est là un atout majeur pour l'Europe. Aussi, l'élaboration et la mise en œuvre d'une grande politique de la mer, des océans et des fonds marins sont essentiels pour demain. Mais je crains que, avec 20 ou 50 millions d'euros, cela ne soit pas nécessaire, suffisant pour réaliser ce grand défi. La lutte contre la pêche illégale fait partie de cette grande politique, et il est urgent, au niveau européen, de trouver une solution adéquate à ce problème, notamment dans le cadre d'une coopération internationale. Je signale par ailleurs que les zones maritimes de la Guadeloupe, de la Guyane, de la Martinique, de Mayotte et de la Réunion sont régulièrement violées et pillées. Comme le rapport n'en fait pas état, je profite de cette occasion pour attirer l'attention de mes collègues et de la Commission sur ce problème particulier.","Monsieur le Président , je voudrais dire qu' en grande partie , grâce à ses régions ultrapériphériques , l' Union européenne est la première puissance maritime mondiale . C' est là un atout majeur pour l' Europe , aussi l' élaboration et la mise en œuvre d' une grande politique de la mer , des océans et des fonds marins sont essentielles pour demain . Mais je crains que , avec 20 ou 50 millions d' euros , cela ne soit pas suffisant pour réaliser ce grand défi . La lutte contre la pêche illégale fait partie de cette grande politique et il est urgent , au niveau européen , de trouver une solution adéquate à ce problème , notamment dans le cadre d' une coopération internationale .
Je signale , par ailleurs , que les zones maritimes de la Guadeloupe , de la Guyane , de la Martinique , de Mayotte et de la Réunion sont régulièrement violées et pillées . Comme le rapport n' en fait pas état , je profite de cette occasion pour attirer l' attention de mes collègues et de la Commission sur ce problème particulier .
",oui merci monsieur le président je voudrais dire qu en grande partie grâce à ces régions ultrapériphériques l union européenne est la première puissance maritime mondiale c est là un atout majeur pour l europe aussi l élaboration et la mise en œuvre d une grande politique de la mer des océans et des fonds marins sont essentiels pour demain mais je crains que avec 20 ou 50 millions d euros cela ne soit pas nécessaire suffisant pour réaliser ce grand défi la lutte contre la pêche illégale fait partie de cette grande politique et il est urgent au niveau européen de trouver une solution adéquate à ce problème notamment dans le cadre d une coopération internationale je signale par ailleurs que les zones maritimes de la guadeloupe de la guyane de la martinique de mayotte et de la réunion sont régulièrement violées et pillées comme le rapport n en fait pas état je profite de cette occasion pour attirer l attention de mes collègues et de la commission sur ce problème particulier ,monsieur le président je voudrais dire qu en grande partie grâce à ses régions ultrapériphériques l union européenne est la première puissance maritime mondiale c est là un atout majeur pour l europe aussi l élaboration et la mise en œuvre d une grande politique de la mer des océans et des fonds marins sont essentielles pour demain mais je crains que avec 20 ou 50 millions d euros cela ne soit pas suffisant pour réaliser ce grand défi la lutte contre la pêche illégale fait partie de cette grande politique et il est urgent au niveau européen de trouver une solution adéquate à ce problème notamment dans le cadre d une coopération internationale je signale par ailleurs que les zones maritimes de la guadeloupe de la guyane de la martinique de mayotte et de la réunion sont régulièrement violées et pillées comme le rapport n en fait pas état je profite de cette occasion pour attirer l attention de mes collègues et de la commission sur ce problème particulier 
fr,en.20111117.4.4-086-000,streaming,,69.00975,35.10864268399928,0.5087490200152772,"Oui, merci, Monsieur le Président. Je voudrais dire que, en grande partie, grâce à ces régions ultrapériphériques, l'Union européenne est la première puissance maritime mondiale. C'est là un atout majeur pour l'Europe. Aussi, l'élaboration et la mise en œuvre d'une grande politique de la mer, des océans et des fonds marins sont essentielles pour demain. Mais je crains que, avec 20 ou 50 millions d'euros, cela ne soit pas nécessaire, suffisant pour réaliser ce grand défi. La lutte contre la pêche illégale fait partie de cette grande politique, et il est urgent, au niveau européen, de trouver une solution adéquate à ce problème, notamment dans le cadre d'une coopération internationale. Je signale par ailleurs que les zones maritimes de la Guadeloupe, de la Guyane, de la Martinique, de Mayotte et de la Réunion sont régulièrement touchées par les activités illégales de la pêche. Comme le rapport n'en fait pas état, je profite de cette occasion pour souligner que les zones maritimes de la Guadeloupe, de la Guyane, de la Martinique, de Mayotte et de la Réunion sont régulièrement touchées par les activités illégales de la pêche. Comme le rapport n'en fait pas état, je profite de cette occasion pour attirer l'attention de mes collègues et de la Commission sur ce problème particulier.","Monsieur le Président , je voudrais dire qu' en grande partie , grâce à ses régions ultrapériphériques , l' Union européenne est la première puissance maritime mondiale . C' est là un atout majeur pour l' Europe , aussi l' élaboration et la mise en œuvre d' une grande politique de la mer , des océans et des fonds marins sont essentielles pour demain . Mais je crains que , avec 20 ou 50 millions d' euros , cela ne soit pas suffisant pour réaliser ce grand défi . La lutte contre la pêche illégale fait partie de cette grande politique et il est urgent , au niveau européen , de trouver une solution adéquate à ce problème , notamment dans le cadre d' une coopération internationale .
Je signale , par ailleurs , que les zones maritimes de la Guadeloupe , de la Guyane , de la Martinique , de Mayotte et de la Réunion sont régulièrement violées et pillées . Comme le rapport n' en fait pas état , je profite de cette occasion pour attirer l' attention de mes collègues et de la Commission sur ce problème particulier .
",oui merci monsieur le président je voudrais dire que en grande partie grâce à ces régions ultrapériphériques l union européenne est la première puissance maritime mondiale c est là un atout majeur pour l europe aussi l élaboration et la mise en œuvre d une grande politique de la mer des océans et des fonds marins sont essentielles pour demain mais je crains que avec 20 ou 50 millions d euros cela ne soit pas nécessaire suffisant pour réaliser ce grand défi la lutte contre la pêche illégale fait partie de cette grande politique et il est urgent au niveau européen de trouver une solution adéquate à ce problème notamment dans le cadre d une coopération internationale je signale par ailleurs que les zones maritimes de la guadeloupe de la guyane de la martinique de mayotte et de la réunion sont régulièrement touchées par les activités illégales de la pêche comme le rapport n en fait pas état je profite de cette occasion pour souligner que les zones maritimes de la guadeloupe de la guyane de la martinique de mayotte et de la réunion sont régulièrement touchées par les activités illégales de la pêche comme le rapport n en fait pas état je profite de cette occasion pour attirer l attention de mes collègues et de la commission sur ce problème particulier ,monsieur le président je voudrais dire qu en grande partie grâce à ses régions ultrapériphériques l union européenne est la première puissance maritime mondiale c est là un atout majeur pour l europe aussi l élaboration et la mise en œuvre d une grande politique de la mer des océans et des fonds marins sont essentielles pour demain mais je crains que avec 20 ou 50 millions d euros cela ne soit pas suffisant pour réaliser ce grand défi la lutte contre la pêche illégale fait partie de cette grande politique et il est urgent au niveau européen de trouver une solution adéquate à ce problème notamment dans le cadre d une coopération internationale je signale par ailleurs que les zones maritimes de la guadeloupe de la guyane de la martinique de mayotte et de la réunion sont régulièrement violées et pillées comme le rapport n en fait pas état je profite de cette occasion pour attirer l attention de mes collègues et de la commission sur ce problème particulier 
fr,en.20091214.14.1-045,offline,,67.0128125,3.530126510999253,0.05267838163036737,"Monsieur le Président, je voudrais revenir sur un événement récent, la votation suisse sur les minarets. Certes, ce vote s'est produit dans un État non membre de l'Union européenne, mais il est évident qu'il touche à une question qui ne nous est pas étrangère. Je souhaite revenir sur cet événement car j'y vois aussi le prétexte de parler de laïcité et on ne parle jamais trop de laïcité dans cette enceinte. Il est nécessaire et urgent que le principe de laïcité domine l'organisation de notre société. Et je voudrais dire ici des choses simples. Tout d'abord, que le principe contraire de la laïcité ce n'est pas la religiosité ou encore moins la spiritualité. Le principe contraire à la laïcité, c'est le communautarisme religieux qui édicte des règles et des lois supérieures aux lois civiles, le communautarisme qui enferme des individus dans des groupes infra-sociaux. Notre Union, par son histoire, est multiculturelle et multihénique. Elle le sera de plus en plus, et seule la laïcité peut permettre à des individus","Monsieur le Président , je voudrais revenir sur un événement récent , la votation suisse sur les minarets . Certes , ce vote s ’ est produit dans un État non membre de l ’ Union européenne , mais il est évident qu ’ il touche à une question qui ne nous est pas étrangère .
Je souhaite revenir sur cet événement car j ’ y vois aussi le prétexte de parler de laïcité , et on ne parle jamais trop de laïcité dans cette enceinte . Il est nécessaire et urgent que le principe de laïcité domine l ’ organisation de notre société , et je voudrais dire ici des choses simples .
Tout d ’ abord , le principe contraire de la laïcité , ce n ’ est pas la religiosité ou encore moins la spiritualité . Le principe contraire à la laïcité , c ’ est le communautarisme religieux qui édicte des règles et des lois supérieures aux lois civiles , le communautarisme qui enferme des individus dans des groupes infra-sociétaux .
Notre Union , par son histoire , est multiculturelle et multiethnique . Elle l ’ est et le sera de plus en plus , et seule la laïcité peut permettre à des individus émancipés de leur communauté de vivre et de s ’ épanouir .
",monsieur le président je voudrais revenir sur un événement récent la votation suisse sur les minarets certes ce vote s est produit dans un état non membre de l union européenne mais il est évident qu il touche à une question qui ne nous est pas étrangère je souhaite revenir sur cet événement car j y vois aussi le prétexte de parler de laïcité et on ne parle jamais trop de laïcité dans cette enceinte il est nécessaire et urgent que le principe de laïcité domine l organisation de notre société et je voudrais dire ici des choses simples tout d abord que le principe contraire de la laïcité ce n est pas la religiosité ou encore moins la spiritualité le principe contraire à la laïcité c est le communautarisme religieux qui édicte des règles et des lois supérieures aux lois civiles le communautarisme qui enferme des individus dans des groupes infra sociaux notre union par son histoire est multiculturelle et multihénique elle le sera de plus en plus et seule la laïcité peut permettre à des individus,monsieur le président je voudrais revenir sur un événement récent la votation suisse sur les minarets certes ce vote s est produit dans un état non membre de l union européenne mais il est évident qu il touche à une question qui ne nous est pas étrangère je souhaite revenir sur cet événement car j y vois aussi le prétexte de parler de laïcité et on ne parle jamais trop de laïcité dans cette enceinte il est nécessaire et urgent que le principe de laïcité domine l organisation de notre société et je voudrais dire ici des choses simples tout d abord le principe contraire de la laïcité ce n est pas la religiosité ou encore moins la spiritualité le principe contraire à la laïcité c est le communautarisme religieux qui édicte des règles et des lois supérieures aux lois civiles le communautarisme qui enferme des individus dans des groupes infra sociétaux notre union par son histoire est multiculturelle et multiethnique elle l est et le sera de plus en plus et seule la laïcité peut permettre à des individus émancipés de leur communauté de vivre et de s épanouir 
fr,en.20091214.14.1-045,streaming,,67.0128125,34.28517039599865,0.511621123139678,"Monsieur le Président, je voudrais revenir sur un événement récent : la votation suisse sur les minarets. Certes, ce vote s'est produit dans un État non membre de l'Union européenne, mais il était évident que cette décision avait un impact sur les relations entre l'Union européenne et la France. Je souhaite revenir sur cet événement car j'ai entendu des déclarations de la part de la France sur la question de laïcité, et on ne parle jamais trop de laïcité dans cette enceinte. Il est nécessaire et urgent que le principe de laïcité domine l'organisation de notre société, et je voudrais rappeler que la France est le pays où laïcité est la plus forte. Je voudrais dire ici des choses simples. Tout d'abord, que le principe contraire de laïcité n'est pas la religiosité, ou encore moins la spiritualité. Le principe contraire à la laïcité, c'est le communautarisme religieux qui édicte des règles et des lois supérieures aux lois civiles. Le communautarisme qui enferme des individus dans des groupes infra-sociaux. Notre Union européenne est le pays où laïcité est la plus forte. Notre Union européenne est multiculturelle et multinationale. Elle le sera de plus en plus. Seule la laïcité peut permettre à des individus","Monsieur le Président , je voudrais revenir sur un événement récent , la votation suisse sur les minarets . Certes , ce vote s ’ est produit dans un État non membre de l ’ Union européenne , mais il est évident qu ’ il touche à une question qui ne nous est pas étrangère .
Je souhaite revenir sur cet événement car j ’ y vois aussi le prétexte de parler de laïcité , et on ne parle jamais trop de laïcité dans cette enceinte . Il est nécessaire et urgent que le principe de laïcité domine l ’ organisation de notre société , et je voudrais dire ici des choses simples .
Tout d ’ abord , le principe contraire de la laïcité , ce n ’ est pas la religiosité ou encore moins la spiritualité . Le principe contraire à la laïcité , c ’ est le communautarisme religieux qui édicte des règles et des lois supérieures aux lois civiles , le communautarisme qui enferme des individus dans des groupes infra-sociétaux .
Notre Union , par son histoire , est multiculturelle et multiethnique . Elle l ’ est et le sera de plus en plus , et seule la laïcité peut permettre à des individus émancipés de leur communauté de vivre et de s ’ épanouir .
",monsieur le président je voudrais revenir sur un événement récent la votation suisse sur les minarets certes ce vote s est produit dans un état non membre de l union européenne mais il était évident que cette décision avait un impact sur les relations entre l union européenne et la france je souhaite revenir sur cet événement car j ai entendu des déclarations de la part de la france sur la question de laïcité et on ne parle jamais trop de laïcité dans cette enceinte il est nécessaire et urgent que le principe de laïcité domine l organisation de notre société et je voudrais rappeler que la france est le pays où laïcité est la plus forte je voudrais dire ici des choses simples tout d abord que le principe contraire de laïcité n est pas la religiosité ou encore moins la spiritualité le principe contraire à la laïcité c est le communautarisme religieux qui édicte des règles et des lois supérieures aux lois civiles le communautarisme qui enferme des individus dans des groupes infra sociaux notre union européenne est le pays où laïcité est la plus forte notre union européenne est multiculturelle et multinationale elle le sera de plus en plus seule la laïcité peut permettre à des individus,monsieur le président je voudrais revenir sur un événement récent la votation suisse sur les minarets certes ce vote s est produit dans un état non membre de l union européenne mais il est évident qu il touche à une question qui ne nous est pas étrangère je souhaite revenir sur cet événement car j y vois aussi le prétexte de parler de laïcité et on ne parle jamais trop de laïcité dans cette enceinte il est nécessaire et urgent que le principe de laïcité domine l organisation de notre société et je voudrais dire ici des choses simples tout d abord le principe contraire de la laïcité ce n est pas la religiosité ou encore moins la spiritualité le principe contraire à la laïcité c est le communautarisme religieux qui édicte des règles et des lois supérieures aux lois civiles le communautarisme qui enferme des individus dans des groupes infra sociétaux notre union par son histoire est multiculturelle et multiethnique elle l est et le sera de plus en plus et seule la laïcité peut permettre à des individus émancipés de leur communauté de vivre et de s épanouir 
fr,en.20120419.24.4-622-000,offline,,78.0190625,4.0392914789990755,0.05177313530265857,"Monsieur le Président, Monsieur le Commissaire, mes chers collègues, je me félicite que ce budget rectificatif concernant le financement ITER, qui a été voté à une large majorité en commission des budgets le 29 mars dernier, en finançant ce surcoût, nous évitons de jeter aux orties un projet stratégique de recherche fondamentale, dans lequel l'Union européenne joue un rôle de premier plan, et nous honorons nos promesses internationales. Rappelons qu'aucun des sept partenaires de la Communauté Euratom n'a remis en cause sa contribution globale au projet. Le Japon, malgré le drame de Fukushima, a décidé de respecter scrupuleusement ses engagements budgétaires dans ITER. Sans cet accord, des centaines de chercheurs auraient dû suspendre leurs travaux et le projet ITER aurait connu des retards préjudiciables. Aujourd'hui, un millier de personnes travaillent pour ITER à Cadarache. Des 2015 jusqu'en 2017-2018, la phase de construction des bâtiments et d'assemblage de la machine pourrait mobiliser jusqu'à 4 000-5 000 personnes sur ce site. Pour conclure, Monsieur le Président, ITER est une fierté pour l'Europe et le symbole de notre excellence.","Monsieur le Président , Monsieur le Commissaire , mes chers collègues , je me félicite de ce que ce budget rectificatif concernant le financement d' ITER ait été adopté à une large majorité en commission des budgets le 29 mars dernier . En finançant ce surcoût , nous évitons de jeter aux orties un projet stratégique de recherche fondamentale dans lequel l' Union européenne joue un rôle de premier plan et nous honorons nos promesses internationales .
Rappelons qu' aucun des sept partenaires de la communauté EURATOM n' a remis en cause sa contribution globale au projet . Le Japon , malgré le drame de Fukushima , a décidé de respecter scrupuleusement ses engagements budgétaires dans ITER . Sans cet accord , des centaines de chercheurs auraient dû suspendre leurs travaux et le projet ITER aurait connu des retards préjudiciables . Aujourd' hui , un millier de personnes travaillent pour ITER à Cadarache . Dès 2015 et jusqu' en 2017-2018 , la phase de construction des bâtiments et d' assemblage de la machine pourrait mobiliser jusqu' à 4 ou 5 000 personnes sur ce site .
Pour conclure , Monsieur le Président , ITER est une fierté pour l' Europe et le symbole de notre excellence .
",monsieur le président monsieur le commissaire mes chers collègues je me félicite que ce budget rectificatif concernant le financement iter qui a été voté à une large majorité en commission des budgets le 29 mars dernier en finançant ce surcoût nous évitons de jeter aux orties un projet stratégique de recherche fondamentale dans lequel l union européenne joue un rôle de premier plan et nous honorons nos promesses internationales rappelons qu aucun des sept partenaires de la communauté euratom n a remis en cause sa contribution globale au projet le japon malgré le drame de fukushima a décidé de respecter scrupuleusement ses engagements budgétaires dans iter sans cet accord des centaines de chercheurs auraient dû suspendre leurs travaux et le projet iter aurait connu des retards préjudiciables aujourd hui un millier de personnes travaillent pour iter à cadarache des 2015 jusqu en 2017 2018 la phase de construction des bâtiments et d assemblage de la machine pourrait mobiliser jusqu à 4 000 5 000 personnes sur ce site pour conclure monsieur le président iter est une fierté pour l europe et le symbole de notre excellence ,monsieur le président monsieur le commissaire mes chers collègues je me félicite de ce que ce budget rectificatif concernant le financement d iter ait été adopté à une large majorité en commission des budgets le 29 mars dernier en finançant ce surcoût nous évitons de jeter aux orties un projet stratégique de recherche fondamentale dans lequel l union européenne joue un rôle de premier plan et nous honorons nos promesses internationales rappelons qu aucun des sept partenaires de la communauté euratom n a remis en cause sa contribution globale au projet le japon malgré le drame de fukushima a décidé de respecter scrupuleusement ses engagements budgétaires dans iter sans cet accord des centaines de chercheurs auraient dû suspendre leurs travaux et le projet iter aurait connu des retards préjudiciables aujourd hui un millier de personnes travaillent pour iter à cadarache dès 2015 et jusqu en 2017 2018 la phase de construction des bâtiments et d assemblage de la machine pourrait mobiliser jusqu à 4 ou 5 000 personnes sur ce site pour conclure monsieur le président iter est une fierté pour l europe et le symbole de notre excellence 
fr,en.20120419.24.4-622-000,streaming,,78.0190625,42.087342591999914,0.5394494786706763,"Monsieur le Président, Monsieur le Commissaire, mes chers collègues, je me félicite que ce budget rectificatif concernant le financement d'iteer, qui a été voté à une large majorité en commission des budgets le 29 mars dernier, en financeant ce surcoût, nous évitons de jeter aux orties un projet stratégique de recherche fondamentale, dans lequel l'Union européenne joue un rôle de premier plan, et nous honorons nos promesses internationales. Rappelons qu'aucun des sept partenaires de la Communauté Euratom n'a remis en cause sa contribution globale au projet. Le Japon, malgré le drame de Fukushima, a décidé de respecter scrupuleusement ses engagements budgétaires dans iteer. Sans cet accord, des centaines de chercheurs auraient dû suspendre leurs travaux, et le projet iteer aurait connu des retards préjudiciables. Aujourd'hui, un millier de personnes travaillent pour iteer à Cadarache. Des 2015 et 2017-2018, la phase de construction des bâtiments et d'assemblage de la machine pourrait mobiliser jusqu'à 4 000-5 000 personnes sur ce site. Pour conclure, Monsieur le Président, iteer est une fierté pour l'Europe et le symbole de notre excellence.","Monsieur le Président , Monsieur le Commissaire , mes chers collègues , je me félicite de ce que ce budget rectificatif concernant le financement d' ITER ait été adopté à une large majorité en commission des budgets le 29 mars dernier . En finançant ce surcoût , nous évitons de jeter aux orties un projet stratégique de recherche fondamentale dans lequel l' Union européenne joue un rôle de premier plan et nous honorons nos promesses internationales .
Rappelons qu' aucun des sept partenaires de la communauté EURATOM n' a remis en cause sa contribution globale au projet . Le Japon , malgré le drame de Fukushima , a décidé de respecter scrupuleusement ses engagements budgétaires dans ITER . Sans cet accord , des centaines de chercheurs auraient dû suspendre leurs travaux et le projet ITER aurait connu des retards préjudiciables . Aujourd' hui , un millier de personnes travaillent pour ITER à Cadarache . Dès 2015 et jusqu' en 2017-2018 , la phase de construction des bâtiments et d' assemblage de la machine pourrait mobiliser jusqu' à 4 ou 5 000 personnes sur ce site .
Pour conclure , Monsieur le Président , ITER est une fierté pour l' Europe et le symbole de notre excellence .
",monsieur le président monsieur le commissaire mes chers collègues je me félicite que ce budget rectificatif concernant le financement d iteer qui a été voté à une large majorité en commission des budgets le 29 mars dernier en financeant ce surcoût nous évitons de jeter aux orties un projet stratégique de recherche fondamentale dans lequel l union européenne joue un rôle de premier plan et nous honorons nos promesses internationales rappelons qu aucun des sept partenaires de la communauté euratom n a remis en cause sa contribution globale au projet le japon malgré le drame de fukushima a décidé de respecter scrupuleusement ses engagements budgétaires dans iteer sans cet accord des centaines de chercheurs auraient dû suspendre leurs travaux et le projet iteer aurait connu des retards préjudiciables aujourd hui un millier de personnes travaillent pour iteer à cadarache des 2015 et 2017 2018 la phase de construction des bâtiments et d assemblage de la machine pourrait mobiliser jusqu à 4 000 5 000 personnes sur ce site pour conclure monsieur le président iteer est une fierté pour l europe et le symbole de notre excellence ,monsieur le président monsieur le commissaire mes chers collègues je me félicite de ce que ce budget rectificatif concernant le financement d iter ait été adopté à une large majorité en commission des budgets le 29 mars dernier en finançant ce surcoût nous évitons de jeter aux orties un projet stratégique de recherche fondamentale dans lequel l union européenne joue un rôle de premier plan et nous honorons nos promesses internationales rappelons qu aucun des sept partenaires de la communauté euratom n a remis en cause sa contribution globale au projet le japon malgré le drame de fukushima a décidé de respecter scrupuleusement ses engagements budgétaires dans iter sans cet accord des centaines de chercheurs auraient dû suspendre leurs travaux et le projet iter aurait connu des retards préjudiciables aujourd hui un millier de personnes travaillent pour iter à cadarache dès 2015 et jusqu en 2017 2018 la phase de construction des bâtiments et d assemblage de la machine pourrait mobiliser jusqu à 4 ou 5 000 personnes sur ce site pour conclure monsieur le président iter est une fierté pour l europe et le symbole de notre excellence 
fr,en.20120703.21.2-492-000,offline,,71.006625,3.8822839980002755,0.054674954597550236,"Merci, Monsieur le Président. Bon, à cette heure, beaucoup de choses ont été dites. Alors, Monsieur le Commissaire, moi, pour ma part, je voudrais vous remercier très chaleureusement. Grâce à votre obstination, à vos ruses de procédure, vous nous permettez de prouver l'importance du Parlement européen comme collégiateur. Merci, Monsieur le Commissaire, d'avoir poussé des centaines de milliers de citoyens à descendre dans la rue et 2,8 millions à signer des pétitions. Ils ont découvert que la démocratie se joue ici, que nos et les élus européens sont les représentants du peuple, leurs représentants. Merci encore pour les millions d'internautes qui ont suivi les débats et les votes en commission et qui nous suivent encore aujourd'hui. Je les salue. C'est un air d'air frais dans nos institutions trop souvent perçues comme technocratiques. Merci, Monsieur le Commissaire, mais en démocratie, il est aussi un autre principe. C'est le principe fondamental, celui de la responsabilité. Demain, nous prendrons notre responsabilité et j'aimerais demain vous remercier aussi d'assumer votre responsabilité, votre échec, l'échec de votre méthode de travail.","Monsieur le Président , à cette heure , beaucoup de choses ont été dites .
Monsieur le Commissaire , pour ma part , je voudrais vous remercier très chaleureusement . Grâce à votre obstination , à vos ruses de procédure , vous nous permettez de prouver l' importance du Parlement européen comme colégislateur .
Merci , Monsieur le Commissaire , d' avoir poussé des centaines de milliers de citoyens à descendre dans la rue et 2,8 millions de personnes à signer des pétitions . Ils ont découvert que la démocratie se joue ici , que les élus européens sont les représentants du peuple , leurs représentants .
Merci encore pour les millions d' internautes qui ont suivi les débats et les votes en commission et qui nous suivent encore aujourd' hui . Je les salue ! C' est un souffle d' air frais dans nos institutions trop souvent perçues comme technocratiques .
Je vous remercie , Monsieur le Commissaire , mais en démocratie , il est aussi un autre principe . C' est le principe fondamental , celui de la responsabilité . Demain , nous prendrons notre responsabilité et j' aimerais , demain , pouvoir vous remercier aussi d' assumer votre responsabilité , votre échec , l' échec de votre méthode de travail .
",merci monsieur le président bon à cette heure beaucoup de choses ont été dites alors monsieur le commissaire moi pour ma part je voudrais vous remercier très chaleureusement grâce à votre obstination à vos ruses de procédure vous nous permettez de prouver l importance du parlement européen comme collégiateur merci monsieur le commissaire d avoir poussé des centaines de milliers de citoyens à descendre dans la rue et 2 8 millions à signer des pétitions ils ont découvert que la démocratie se joue ici que nos et les élus européens sont les représentants du peuple leurs représentants merci encore pour les millions d internautes qui ont suivi les débats et les votes en commission et qui nous suivent encore aujourd hui je les salue c est un air d air frais dans nos institutions trop souvent perçues comme technocratiques merci monsieur le commissaire mais en démocratie il est aussi un autre principe c est le principe fondamental celui de la responsabilité demain nous prendrons notre responsabilité et j aimerais demain vous remercier aussi d assumer votre responsabilité votre échec l échec de votre méthode de travail ,monsieur le président à cette heure beaucoup de choses ont été dites monsieur le commissaire pour ma part je voudrais vous remercier très chaleureusement grâce à votre obstination à vos ruses de procédure vous nous permettez de prouver l importance du parlement européen comme colégislateur merci monsieur le commissaire d avoir poussé des centaines de milliers de citoyens à descendre dans la rue et 2 8 millions de personnes à signer des pétitions ils ont découvert que la démocratie se joue ici que les élus européens sont les représentants du peuple leurs représentants merci encore pour les millions d internautes qui ont suivi les débats et les votes en commission et qui nous suivent encore aujourd hui je les salue c est un souffle d air frais dans nos institutions trop souvent perçues comme technocratiques je vous remercie monsieur le commissaire mais en démocratie il est aussi un autre principe c est le principe fondamental celui de la responsabilité demain nous prendrons notre responsabilité et j aimerais demain pouvoir vous remercier aussi d assumer votre responsabilité votre échec l échec de votre méthode de travail 
fr,en.20120703.21.2-492-000,streaming,,71.006625,36.81911492799918,0.5185306994664115,"Merci, Monsieur le Président. Bon, à cette heure, beaucoup de choses ont été dites. Alors, Monsieur le Commissaire, moi, pour ma part, je voudrais vous remercier très chaleureusement, grâce à votre obstination, à vos ruses de procédure, vous nous permettez de prouver l'importance du Parlement européen comme co-législateur. Merci, Monsieur le Commissaire, de l'avoir poussé des centaines de milliers de citoyens à descendre dans la rue et 2 millions 800 000 à signer des pétitions. Ils ont découvert que la démocratie se joue ici, que nos et les élus européens ont le représentant du peuple, leur représentant. Merci encore pour les millions d'internautes qui ont suivi les débats et les votes en commission et qui nous suivent encore aujourd'hui. Je les salue. C'est un air d'air frais dans nos institutions, trop souvent perçues comme technocratiques. Merci, Monsieur le Commissaire, mais en démocratie, il est aussi un autre principe. C'est le principe fondamental, celui de la responsabilité. Demain, nous prendrons notre responsabilité et j'aimerais demain vous remercier aussi d'assumer votre responsabilité, votre échec, l'échec de votre méthode de travail.","Monsieur le Président , à cette heure , beaucoup de choses ont été dites .
Monsieur le Commissaire , pour ma part , je voudrais vous remercier très chaleureusement . Grâce à votre obstination , à vos ruses de procédure , vous nous permettez de prouver l' importance du Parlement européen comme colégislateur .
Merci , Monsieur le Commissaire , d' avoir poussé des centaines de milliers de citoyens à descendre dans la rue et 2,8 millions de personnes à signer des pétitions . Ils ont découvert que la démocratie se joue ici , que les élus européens sont les représentants du peuple , leurs représentants .
Merci encore pour les millions d' internautes qui ont suivi les débats et les votes en commission et qui nous suivent encore aujourd' hui . Je les salue ! C' est un souffle d' air frais dans nos institutions trop souvent perçues comme technocratiques .
Je vous remercie , Monsieur le Commissaire , mais en démocratie , il est aussi un autre principe . C' est le principe fondamental , celui de la responsabilité . Demain , nous prendrons notre responsabilité et j' aimerais , demain , pouvoir vous remercier aussi d' assumer votre responsabilité , votre échec , l' échec de votre méthode de travail .
",merci monsieur le président bon à cette heure beaucoup de choses ont été dites alors monsieur le commissaire moi pour ma part je voudrais vous remercier très chaleureusement grâce à votre obstination à vos ruses de procédure vous nous permettez de prouver l importance du parlement européen comme co législateur merci monsieur le commissaire de l avoir poussé des centaines de milliers de citoyens à descendre dans la rue et 2 millions 800 000 à signer des pétitions ils ont découvert que la démocratie se joue ici que nos et les élus européens ont le représentant du peuple leur représentant merci encore pour les millions d internautes qui ont suivi les débats et les votes en commission et qui nous suivent encore aujourd hui je les salue c est un air d air frais dans nos institutions trop souvent perçues comme technocratiques merci monsieur le commissaire mais en démocratie il est aussi un autre principe c est le principe fondamental celui de la responsabilité demain nous prendrons notre responsabilité et j aimerais demain vous remercier aussi d assumer votre responsabilité votre échec l échec de votre méthode de travail ,monsieur le président à cette heure beaucoup de choses ont été dites monsieur le commissaire pour ma part je voudrais vous remercier très chaleureusement grâce à votre obstination à vos ruses de procédure vous nous permettez de prouver l importance du parlement européen comme colégislateur merci monsieur le commissaire d avoir poussé des centaines de milliers de citoyens à descendre dans la rue et 2 8 millions de personnes à signer des pétitions ils ont découvert que la démocratie se joue ici que les élus européens sont les représentants du peuple leurs représentants merci encore pour les millions d internautes qui ont suivi les débats et les votes en commission et qui nous suivent encore aujourd hui je les salue c est un souffle d air frais dans nos institutions trop souvent perçues comme technocratiques je vous remercie monsieur le commissaire mais en démocratie il est aussi un autre principe c est le principe fondamental celui de la responsabilité demain nous prendrons notre responsabilité et j aimerais demain pouvoir vous remercier aussi d assumer votre responsabilité votre échec l échec de votre méthode de travail 
fr,en.20091214.14.1-057,offline,,67.9880625,2.8624451630003023,0.0421021729071968,"Baudis, Monsieur le Président. Baudis. Merci. Le programme Cesar, qui vise à moderniser la gestion du trafic aérien en Europe, est un projet majeur. Comment la Commission va-t-elle préparer la prochaine phase de redéploiement de Cesar, et notamment le financement de ce programme, essentiel pour l'environnement comme pour notre rayonnement scientifique et technique ? La Commission va-t-elle suivre les recommandations du rapport remis en 2007, selon lequel une personnalité qualifiée de haut niveau devrait assurer le suivi politique de ce programme ? En effet, il va exiger de surmonter de nombreux obstacles juridiques, psychologiques, techniques, en unifiant les espaces aériens nationaux et en faisant travailler ensemble les contrôleurs des différents pays. Si l'Europe n'était pas capable d'unifier son ciel, comment serait-elle capable de construire un ensemble politique fort ?","Monsieur le Président , le programme CESAR , qui vise à moderniser la gestion du trafic aérien en Europe , est un projet majeur .
Comment la Commission va-t-elle préparer la prochaine phase de redéploiement de CESAR , et notamment le financement de ce programme essentiel pour l ’ environnement comme pour notre rayonnement scientifique et technique ? La Commission va-t-elle suivre les recommandations du rapport remis en 2007 , selon lequel une personnalité qualifiée de haut niveau devrait assurer le suivi politique de ce programme ? En effet , il va exiger de surmonter de nombreux obstacles – juridiques , psychologiques , techniques – en unifiant les espaces aériens nationaux et en faisant travailler ensemble les contrôleurs des différents pays .
Si l ’ Europe n ’ était pas capable d ’ unifier son ciel , comment serait-elle capable de construire un ensemble politique fort ?
",baudis monsieur le président baudis merci le programme cesar qui vise à moderniser la gestion du trafic aérien en europe est un projet majeur comment la commission va t elle préparer la prochaine phase de redéploiement de cesar et notamment le financement de ce programme essentiel pour l environnement comme pour notre rayonnement scientifique et technique la commission va t elle suivre les recommandations du rapport remis en 2007 selon lequel une personnalité qualifiée de haut niveau devrait assurer le suivi politique de ce programme en effet il va exiger de surmonter de nombreux obstacles juridiques psychologiques techniques en unifiant les espaces aériens nationaux et en faisant travailler ensemble les contrôleurs des différents pays si l europe n était pas capable d unifier son ciel comment serait elle capable de construire un ensemble politique fort ,monsieur le président le programme cesar qui vise à moderniser la gestion du trafic aérien en europe est un projet majeur comment la commission va t elle préparer la prochaine phase de redéploiement de cesar et notamment le financement de ce programme essentiel pour l environnement comme pour notre rayonnement scientifique et technique la commission va t elle suivre les recommandations du rapport remis en 2007 selon lequel une personnalité qualifiée de haut niveau devrait assurer le suivi politique de ce programme en effet il va exiger de surmonter de nombreux obstacles juridiques psychologiques techniques en unifiant les espaces aériens nationaux et en faisant travailler ensemble les contrôleurs des différents pays si l europe n était pas capable d unifier son ciel comment serait elle capable de construire un ensemble politique fort 
fr,en.20091214.14.1-057,streaming,,67.9880625,32.149755399999776,0.4728735342325688,"Bodis, Monsieur le Président. Bodis. Merci. Le programme César, qui vise à moderniser la gestion du trafic aérien en Europe, est un projet majeur. Comment la Commission va-t-elle préparer la prochaine phase de redéploiement de César, et notamment le financement de ce programme essentiel pour l'environnement comme pour notre rayonnement scientifique et technique ? La Commission va-t-elle suivre les recommandations du rapport remis en 2007, selon lequel une personnalité qualifiée de haut niveau devrait assurer le suivi politique de ce programme ? En effet, il va exiger de surmonter de nombreux obstacles juridiques, psychologiques, techniques, en unifiant les espaces aériens nationaux et en faisant travailler ensemble les contrôleurs des différents pays. Si l'Europe n'était pas capable d'unifier son ciel, comment serait-elle capable de construire un ensemble politique fort ?","Monsieur le Président , le programme CESAR , qui vise à moderniser la gestion du trafic aérien en Europe , est un projet majeur .
Comment la Commission va-t-elle préparer la prochaine phase de redéploiement de CESAR , et notamment le financement de ce programme essentiel pour l ’ environnement comme pour notre rayonnement scientifique et technique ? La Commission va-t-elle suivre les recommandations du rapport remis en 2007 , selon lequel une personnalité qualifiée de haut niveau devrait assurer le suivi politique de ce programme ? En effet , il va exiger de surmonter de nombreux obstacles – juridiques , psychologiques , techniques – en unifiant les espaces aériens nationaux et en faisant travailler ensemble les contrôleurs des différents pays .
Si l ’ Europe n ’ était pas capable d ’ unifier son ciel , comment serait-elle capable de construire un ensemble politique fort ?
",bodis monsieur le président bodis merci le programme césar qui vise à moderniser la gestion du trafic aérien en europe est un projet majeur comment la commission va t elle préparer la prochaine phase de redéploiement de césar et notamment le financement de ce programme essentiel pour l environnement comme pour notre rayonnement scientifique et technique la commission va t elle suivre les recommandations du rapport remis en 2007 selon lequel une personnalité qualifiée de haut niveau devrait assurer le suivi politique de ce programme en effet il va exiger de surmonter de nombreux obstacles juridiques psychologiques techniques en unifiant les espaces aériens nationaux et en faisant travailler ensemble les contrôleurs des différents pays si l europe n était pas capable d unifier son ciel comment serait elle capable de construire un ensemble politique fort ,monsieur le président le programme cesar qui vise à moderniser la gestion du trafic aérien en europe est un projet majeur comment la commission va t elle préparer la prochaine phase de redéploiement de cesar et notamment le financement de ce programme essentiel pour l environnement comme pour notre rayonnement scientifique et technique la commission va t elle suivre les recommandations du rapport remis en 2007 selon lequel une personnalité qualifiée de haut niveau devrait assurer le suivi politique de ce programme en effet il va exiger de surmonter de nombreux obstacles juridiques psychologiques techniques en unifiant les espaces aériens nationaux et en faisant travailler ensemble les contrôleurs des différents pays si l europe n était pas capable d unifier son ciel comment serait elle capable de construire un ensemble politique fort 
fr,en.20091021.2.3-069,offline,,78.0190625,4.663958374001595,0.05977972849906515,"Merci, Monsieur le Président. J'aimerais intervenir dans la même lignée que mon intervention d'hier sur la préparation du sommet de Copenhague et suite, d'ailleurs, à la réunion Ecofin d'hier, qui n'a pas été couronnée de succès. Je vous interpellais sur la responsabilité que nous avions en tant que pays industrialisés de faire en sorte que les pays en développement puissent nous suivre dans nos efforts de lutte contre le changement climatique. À Copenhague, nous ne pouvons faire comme si nous avions tous les mêmes capacités, sinon ça voudrait dire qu'on part tous du même point pour arriver finalement à rien. Donc, pour convaincre nos partenaires en développement de nous rejoindre, il faudra évidemment aborder la question de l'aide qui doit leur être accordée et ne pas attendre l'issue du sommet de Copenhague. Lors du prochain Conseil européen, les 27 devront absolument se mettre d'accord sur la manière dont l'Union européenne conçoit l'aide aux pays en développement dans le contexte important du changement climatique. Hier, donc, je le disais, le Conseil Ecofin des ministres des Finances n'ont pas réussi à trouver une position commune sur cette problématique. Pourtant, nous savons que cette question est absolument centrale. La Commission européenne avait déjà fait des propositions. Je souhaite absolument que nous prenions les devants pour entraîner nos partenaires vers une solidarité mondiale nécessaire pour arriver à surmonter ce problème de changement climatique.","Monsieur le Président , j ’ aimerais intervenir dans la lignée de mon intervention d ’ hier sur la préparation du sommet de Copenhague , et suite , d ’ ailleurs , à la réunion Ecofin d ’ hier , qui n ’ a pas été couronnée de succès .
Je vous interpellais sur la responsabilité que nous avions en tant que pays industrialisés de faire en sorte que les pays en développement puissent nous suivre dans nos efforts de lutte contre le changement climatique .
À Copenhague , nous ne pouvons faire comme si nous avions tous les mêmes capacités , sinon cela voudrait dire que l ’ on part tous du même point pour arriver finalement à rien . Donc , pour convaincre nos partenaires en développement de nous rejoindre , il faudra évidemment aborder la question de l ’ aide qui doit leur être accordée et ne pas attendre l ’ issue du sommet de Copenhague .
Lors du prochain Conseil européen , les 27 devront absolument se mettre d ’ accord sur la manière dont l ’ Union européenne conçoit l ’ aide aux pays en développement , dans le contexte important du changement climatique .
Hier donc , je le disais , le Conseil Ecofin des ministres des finances n ’ a pas réussi à trouver une position commune sur cette problématique . Pourtant , nous savons que cette question est absolument centrale . La Commission européenne avait déjà fait des propositions , je souhaite absolument que nous prenions les devants pour entraîner nos partenaires vers une solidarité mondiale nécessaire pour arriver à surmonter ce problème de changement climatique .
",merci monsieur le président j aimerais intervenir dans la même lignée que mon intervention d hier sur la préparation du sommet de copenhague et suite d ailleurs à la réunion ecofin d hier qui n a pas été couronnée de succès je vous interpellais sur la responsabilité que nous avions en tant que pays industrialisés de faire en sorte que les pays en développement puissent nous suivre dans nos efforts de lutte contre le changement climatique à copenhague nous ne pouvons faire comme si nous avions tous les mêmes capacités sinon ça voudrait dire qu on part tous du même point pour arriver finalement à rien donc pour convaincre nos partenaires en développement de nous rejoindre il faudra évidemment aborder la question de l aide qui doit leur être accordée et ne pas attendre l issue du sommet de copenhague lors du prochain conseil européen les 27 devront absolument se mettre d accord sur la manière dont l union européenne conçoit l aide aux pays en développement dans le contexte important du changement climatique hier donc je le disais le conseil ecofin des ministres des finances n ont pas réussi à trouver une position commune sur cette problématique pourtant nous savons que cette question est absolument centrale la commission européenne avait déjà fait des propositions je souhaite absolument que nous prenions les devants pour entraîner nos partenaires vers une solidarité mondiale nécessaire pour arriver à surmonter ce problème de changement climatique ,monsieur le président j aimerais intervenir dans la lignée de mon intervention d hier sur la préparation du sommet de copenhague et suite d ailleurs à la réunion ecofin d hier qui n a pas été couronnée de succès je vous interpellais sur la responsabilité que nous avions en tant que pays industrialisés de faire en sorte que les pays en développement puissent nous suivre dans nos efforts de lutte contre le changement climatique à copenhague nous ne pouvons faire comme si nous avions tous les mêmes capacités sinon cela voudrait dire que l on part tous du même point pour arriver finalement à rien donc pour convaincre nos partenaires en développement de nous rejoindre il faudra évidemment aborder la question de l aide qui doit leur être accordée et ne pas attendre l issue du sommet de copenhague lors du prochain conseil européen les 27 devront absolument se mettre d accord sur la manière dont l union européenne conçoit l aide aux pays en développement dans le contexte important du changement climatique hier donc je le disais le conseil ecofin des ministres des finances n a pas réussi à trouver une position commune sur cette problématique pourtant nous savons que cette question est absolument centrale la commission européenne avait déjà fait des propositions je souhaite absolument que nous prenions les devants pour entraîner nos partenaires vers une solidarité mondiale nécessaire pour arriver à surmonter ce problème de changement climatique 
fr,en.20091021.2.3-069,streaming,,78.0190625,43.428514290999374,0.5566397864752524,"Merci, Monsieur le Président. J'aimerais intervenir dans la même lignée que mon intervention d'hier sur la préparation du sommet de Copenhague et suite, d'ailleurs, à la réunion Ecofin d'hier, qui n'a pas été couronnée de succès. Je vous interpelle sur la responsabilité que nous avions en tant que pays industrialisés de faire en sorte que les pays en développement puissent nous suivre dans nos efforts de lutte contre le changement climatique. À Copenhague, nous ne pouvons faire comme si nous avions tous les mêmes capacités, sinon ça voudrait dire qu'on part tous du même point pour arriver finalement à rien. Donc, pour convaincre nos partenaires en développement de nous rejoindre, il faudra évidemment aborder la question de l'aide, qui doit leur être accordée, et ne pas attendre l'issue du sommet de Copenhague. Lors du prochain Conseil européen, les 27 devront absolument se mettre d'accord sur la manière dont l'Union européenne conçoit l'aide aux pays en développement dans le contexte important du changement climatique. Hier, donc, je le disais, le Conseil Ecofin des ministres des Finances n'ont pas réussi à trouver une position commune sur cette problématique. Pourtant, nous savons que cette question est absolument centrale. La Commission européenne avait déjà fait des propositions. Je souhaite absolument que nous prenions les devants pour entraîner nos partenaires vers une solidarité mondiale nécessaire pour arriver à surmonter ce problème de changement climatique.","Monsieur le Président , j ’ aimerais intervenir dans la lignée de mon intervention d ’ hier sur la préparation du sommet de Copenhague , et suite , d ’ ailleurs , à la réunion Ecofin d ’ hier , qui n ’ a pas été couronnée de succès .
Je vous interpellais sur la responsabilité que nous avions en tant que pays industrialisés de faire en sorte que les pays en développement puissent nous suivre dans nos efforts de lutte contre le changement climatique .
À Copenhague , nous ne pouvons faire comme si nous avions tous les mêmes capacités , sinon cela voudrait dire que l ’ on part tous du même point pour arriver finalement à rien . Donc , pour convaincre nos partenaires en développement de nous rejoindre , il faudra évidemment aborder la question de l ’ aide qui doit leur être accordée et ne pas attendre l ’ issue du sommet de Copenhague .
Lors du prochain Conseil européen , les 27 devront absolument se mettre d ’ accord sur la manière dont l ’ Union européenne conçoit l ’ aide aux pays en développement , dans le contexte important du changement climatique .
Hier donc , je le disais , le Conseil Ecofin des ministres des finances n ’ a pas réussi à trouver une position commune sur cette problématique . Pourtant , nous savons que cette question est absolument centrale . La Commission européenne avait déjà fait des propositions , je souhaite absolument que nous prenions les devants pour entraîner nos partenaires vers une solidarité mondiale nécessaire pour arriver à surmonter ce problème de changement climatique .
",merci monsieur le président j aimerais intervenir dans la même lignée que mon intervention d hier sur la préparation du sommet de copenhague et suite d ailleurs à la réunion ecofin d hier qui n a pas été couronnée de succès je vous interpelle sur la responsabilité que nous avions en tant que pays industrialisés de faire en sorte que les pays en développement puissent nous suivre dans nos efforts de lutte contre le changement climatique à copenhague nous ne pouvons faire comme si nous avions tous les mêmes capacités sinon ça voudrait dire qu on part tous du même point pour arriver finalement à rien donc pour convaincre nos partenaires en développement de nous rejoindre il faudra évidemment aborder la question de l aide qui doit leur être accordée et ne pas attendre l issue du sommet de copenhague lors du prochain conseil européen les 27 devront absolument se mettre d accord sur la manière dont l union européenne conçoit l aide aux pays en développement dans le contexte important du changement climatique hier donc je le disais le conseil ecofin des ministres des finances n ont pas réussi à trouver une position commune sur cette problématique pourtant nous savons que cette question est absolument centrale la commission européenne avait déjà fait des propositions je souhaite absolument que nous prenions les devants pour entraîner nos partenaires vers une solidarité mondiale nécessaire pour arriver à surmonter ce problème de changement climatique ,monsieur le président j aimerais intervenir dans la lignée de mon intervention d hier sur la préparation du sommet de copenhague et suite d ailleurs à la réunion ecofin d hier qui n a pas été couronnée de succès je vous interpellais sur la responsabilité que nous avions en tant que pays industrialisés de faire en sorte que les pays en développement puissent nous suivre dans nos efforts de lutte contre le changement climatique à copenhague nous ne pouvons faire comme si nous avions tous les mêmes capacités sinon cela voudrait dire que l on part tous du même point pour arriver finalement à rien donc pour convaincre nos partenaires en développement de nous rejoindre il faudra évidemment aborder la question de l aide qui doit leur être accordée et ne pas attendre l issue du sommet de copenhague lors du prochain conseil européen les 27 devront absolument se mettre d accord sur la manière dont l union européenne conçoit l aide aux pays en développement dans le contexte important du changement climatique hier donc je le disais le conseil ecofin des ministres des finances n a pas réussi à trouver une position commune sur cette problématique pourtant nous savons que cette question est absolument centrale la commission européenne avait déjà fait des propositions je souhaite absolument que nous prenions les devants pour entraîner nos partenaires vers une solidarité mondiale nécessaire pour arriver à surmonter ce problème de changement climatique 
fr,en.20120215.28.3-618-000,offline,,86.00675,4.840012075001141,0.05627479325751922,"Madame la Commissaire, les normes de protection des données personnelles des pays tiers diffèrent encore considérablement des normes européennes. Il est cependant de notre devoir de s'assurer que nos standards minimaux européens de protection, dont nous prévalons, soient respectés et garantis aux citoyens européens. Il est fondamental que les données à caractère personnel soient traitées loyalement et collectées à des fins déterminées et légitimes. Les citoyens européens doivent pouvoir se voir garantir un droit d'accès et de rectification aux données personnelles les concernant, ainsi que déposer un recours juridictionnel en cas de violation de leurs droits. Il faut agir pour permettre aux normes européennes et internationales de coexister et régler un conflit juridique potentiellement préjudiciable aux citoyens européens. La législation européenne seule ne suffit pas ; elle doit s'articuler et coexister intelligemment avec des normes internationales, car nous ne pouvons nous défaire de nos devoirs et engagements envers les citoyens européens. Cette situation fait écho à d'autres débats au sein de cette enceinte et nous rappelle la pertinence de projets tels que la mise en place d'un programme européen de surveillance du financement du terrorisme. Un tel système nous permettrait de disposer d'un outil qui a démontré son efficacité aux États-Unis, tout en respectant pleinement le droit interne et donc la protection des données personnelles des citoyens européens. Les institutions européennes doivent continuer leur engagement en ce sens et assumer pleinement leurs standards de protection. Je vous remercie.","Monsieur le Président , Madame la Commissaire , les normes de protection des données personnelles des pays tiers diffèrent encore considérablement des normes européennes . Il est cependant de notre devoir de nous assurer que nos standards minimaux européens de protection , dont nous nous prévalons , soient respectés et garantis au citoyen européen . Il est fondamental que les données à caractère personnel soient traitées loyalement et collectées à des fins déterminées et légitimes . Les citoyens européens doivent se voir garantir un droit d' accès et de rectification aux données personnelles les concernant et pouvoir introduire un recours juridictionnel en cas de violation de leurs droits .
Il faut agir pour permettre aux normes européennes et internationales de coexister et régler un conflit juridique potentiellement préjudiciable au citoyen européen . La législation européenne seule ne suffit pas . Elle doit s' articuler et coexister intelligemment avec des normes internationales , car nous ne pouvons nous défaire de nos devoirs et engagements envers les citoyens européens .
Cette situation fait écho à d' autres débats au sein de cette enceinte . Elle nous rappelle la pertinence de projets tels que la mise en place d' un programme européen de surveillance du financement du terrorisme . Un tel système nous permettrait de disposer d' un outil , qui a démontré son efficacité aux États-Unis tout en respectant pleinement le droit interne , et donc la protection des données personnelles des citoyens européens .
Les institutions européennes doivent continuer leur engagement en ce sens et assumer pleinement leurs normes de protection .
",madame la commissaire les normes de protection des données personnelles des pays tiers diffèrent encore considérablement des normes européennes il est cependant de notre devoir de s assurer que nos standards minimaux européens de protection dont nous prévalons soient respectés et garantis aux citoyens européens il est fondamental que les données à caractère personnel soient traitées loyalement et collectées à des fins déterminées et légitimes les citoyens européens doivent pouvoir se voir garantir un droit d accès et de rectification aux données personnelles les concernant ainsi que déposer un recours juridictionnel en cas de violation de leurs droits il faut agir pour permettre aux normes européennes et internationales de coexister et régler un conflit juridique potentiellement préjudiciable aux citoyens européens la législation européenne seule ne suffit pas elle doit s articuler et coexister intelligemment avec des normes internationales car nous ne pouvons nous défaire de nos devoirs et engagements envers les citoyens européens cette situation fait écho à d autres débats au sein de cette enceinte et nous rappelle la pertinence de projets tels que la mise en place d un programme européen de surveillance du financement du terrorisme un tel système nous permettrait de disposer d un outil qui a démontré son efficacité aux états unis tout en respectant pleinement le droit interne et donc la protection des données personnelles des citoyens européens les institutions européennes doivent continuer leur engagement en ce sens et assumer pleinement leurs standards de protection je vous remercie ,monsieur le président madame la commissaire les normes de protection des données personnelles des pays tiers diffèrent encore considérablement des normes européennes il est cependant de notre devoir de nous assurer que nos standards minimaux européens de protection dont nous nous prévalons soient respectés et garantis au citoyen européen il est fondamental que les données à caractère personnel soient traitées loyalement et collectées à des fins déterminées et légitimes les citoyens européens doivent se voir garantir un droit d accès et de rectification aux données personnelles les concernant et pouvoir introduire un recours juridictionnel en cas de violation de leurs droits il faut agir pour permettre aux normes européennes et internationales de coexister et régler un conflit juridique potentiellement préjudiciable au citoyen européen la législation européenne seule ne suffit pas elle doit s articuler et coexister intelligemment avec des normes internationales car nous ne pouvons nous défaire de nos devoirs et engagements envers les citoyens européens cette situation fait écho à d autres débats au sein de cette enceinte elle nous rappelle la pertinence de projets tels que la mise en place d un programme européen de surveillance du financement du terrorisme un tel système nous permettrait de disposer d un outil qui a démontré son efficacité aux états unis tout en respectant pleinement le droit interne et donc la protection des données personnelles des citoyens européens les institutions européennes doivent continuer leur engagement en ce sens et assumer pleinement leurs normes de protection 
fr,en.20120215.28.3-618-000,streaming,,86.00675,50.75924133099943,0.5901774143424723,"Madame la Commissaire, les normes de protection des données personnelles des pays tiers diffèrent encore considérablement des normes européennes. Il est cependant de notre devoir de s'assurer que nos standards minimaux européens de protection des données personnelles, dont nous prévalons, soient respectés et garantis aux citoyens européens. Il est fondamental que les données à caractère personnel soient traitées loyalement et collectées à des fins déterminées et légitimes. Les citoyens européens doivent pouvoir se voir garantir un droit d'accès, de rectification aux données personnelles les concernant, ainsi que déposer un recours judiciaire en cas de violation de leurs droits. Il faut agir pour permettre aux normes européennes et internationales de coexister et régler un conflit juridique potentiellement préjudiciable aux citoyens européens. La législation européenne seule ne suffit pas ; elle doit s'articuler et coexister intelligemment avec des normes internationales, car nous ne pouvons nous défaire de nos devoirs et engagements envers les citoyens européens. Cette situation fait écho à d'autres débats au sein de cette enceinte et nous rappelle la pertinence de projets tels que la mise en place d'un programme européen de surveillance du financement du terrorisme. Un tel système nous permettrait de disposer d'un outil qui a démontré son efficacité aux États-Unis, tout en respectant pleinement le droit interne et donc la protection des données personnelles des citoyens européens. Les institutions européennes doivent continuer leur engagement en ce sens et assumer pleinement leurs standards de protection. Je vous remercie.","Monsieur le Président , Madame la Commissaire , les normes de protection des données personnelles des pays tiers diffèrent encore considérablement des normes européennes . Il est cependant de notre devoir de nous assurer que nos standards minimaux européens de protection , dont nous nous prévalons , soient respectés et garantis au citoyen européen . Il est fondamental que les données à caractère personnel soient traitées loyalement et collectées à des fins déterminées et légitimes . Les citoyens européens doivent se voir garantir un droit d' accès et de rectification aux données personnelles les concernant et pouvoir introduire un recours juridictionnel en cas de violation de leurs droits .
Il faut agir pour permettre aux normes européennes et internationales de coexister et régler un conflit juridique potentiellement préjudiciable au citoyen européen . La législation européenne seule ne suffit pas . Elle doit s' articuler et coexister intelligemment avec des normes internationales , car nous ne pouvons nous défaire de nos devoirs et engagements envers les citoyens européens .
Cette situation fait écho à d' autres débats au sein de cette enceinte . Elle nous rappelle la pertinence de projets tels que la mise en place d' un programme européen de surveillance du financement du terrorisme . Un tel système nous permettrait de disposer d' un outil , qui a démontré son efficacité aux États-Unis tout en respectant pleinement le droit interne , et donc la protection des données personnelles des citoyens européens .
Les institutions européennes doivent continuer leur engagement en ce sens et assumer pleinement leurs normes de protection .
",madame la commissaire les normes de protection des données personnelles des pays tiers diffèrent encore considérablement des normes européennes il est cependant de notre devoir de s assurer que nos standards minimaux européens de protection des données personnelles dont nous prévalons soient respectés et garantis aux citoyens européens il est fondamental que les données à caractère personnel soient traitées loyalement et collectées à des fins déterminées et légitimes les citoyens européens doivent pouvoir se voir garantir un droit d accès de rectification aux données personnelles les concernant ainsi que déposer un recours judiciaire en cas de violation de leurs droits il faut agir pour permettre aux normes européennes et internationales de coexister et régler un conflit juridique potentiellement préjudiciable aux citoyens européens la législation européenne seule ne suffit pas elle doit s articuler et coexister intelligemment avec des normes internationales car nous ne pouvons nous défaire de nos devoirs et engagements envers les citoyens européens cette situation fait écho à d autres débats au sein de cette enceinte et nous rappelle la pertinence de projets tels que la mise en place d un programme européen de surveillance du financement du terrorisme un tel système nous permettrait de disposer d un outil qui a démontré son efficacité aux états unis tout en respectant pleinement le droit interne et donc la protection des données personnelles des citoyens européens les institutions européennes doivent continuer leur engagement en ce sens et assumer pleinement leurs standards de protection je vous remercie ,monsieur le président madame la commissaire les normes de protection des données personnelles des pays tiers diffèrent encore considérablement des normes européennes il est cependant de notre devoir de nous assurer que nos standards minimaux européens de protection dont nous nous prévalons soient respectés et garantis au citoyen européen il est fondamental que les données à caractère personnel soient traitées loyalement et collectées à des fins déterminées et légitimes les citoyens européens doivent se voir garantir un droit d accès et de rectification aux données personnelles les concernant et pouvoir introduire un recours juridictionnel en cas de violation de leurs droits il faut agir pour permettre aux normes européennes et internationales de coexister et régler un conflit juridique potentiellement préjudiciable au citoyen européen la législation européenne seule ne suffit pas elle doit s articuler et coexister intelligemment avec des normes internationales car nous ne pouvons nous défaire de nos devoirs et engagements envers les citoyens européens cette situation fait écho à d autres débats au sein de cette enceinte elle nous rappelle la pertinence de projets tels que la mise en place d un programme européen de surveillance du financement du terrorisme un tel système nous permettrait de disposer d un outil qui a démontré son efficacité aux états unis tout en respectant pleinement le droit interne et donc la protection des données personnelles des citoyens européens les institutions européennes doivent continuer leur engagement en ce sens et assumer pleinement leurs normes de protection 
fr,en.20090115.3.4-058,offline,,61.0220625,3.472028902000602,0.056897927729017715,"Monsieur le Président, je me réjouis que ce soit un Britannique, notre collègue Farage, qui ait déposé ce texte, comme quoi les soldats romains il y a 2000 ans ont bien fait d'aller en Grande-Bretagne et d'amener des amphores d'huile d'olive et de vin. Mais alors il faudra en tirer deux conséquences. C'est pas très raisonnable symboliquement de mettre l'Agence de l'alimentation à Helsinki, et ce n'est pas raisonnable que la Commission européenne ne revienne pas en arrière sur les points suivants. D'abord, rétablir des aides pour les amendiers. Ensuite, arrêter les agressions qui sont faites contre les oliviers, et notamment dans l'Andalousie et dans toute l'Europe. Arrêter les agressions qui sont faites contre les pêcheurs du thon rouge en Méditerranée et les agressions qui sont faites contre le vignoble européen avec l'arrachage. Moi, je suggère à notre commissaire, notre président, Monsieur Barroso, d'organiser un grand banquet au Portugal avec des fromages de brebis et du vin de.","Monsieur le Président , je me réjouis que ce soit un Britannique , notre collègue Parish , qui ait déposé ce texte , comme quoi les soldats romains , il y a deux mille ans , ont bien fait d ’ aller en Grande-Bretagne et d ’ amener des amphores d ’ huile d ’ olive et de vin . Mais alors , il faudra en tirer deux conséquences . Ce n ’ est pas très raisonnable symboliquement de mettre l ’ Agence de l ’ alimentation à Helsinki et ce n ’ est pas raisonnable que la Commission européenne ne revienne pas en arrière sur les points suivants : d ’ abord , rétablir des aides pour les amandiers , ensuite arrêter les agressions qui sont faites contre les oliviers , et notamment en Andalousie et dans toute l ’ Europe ; arrêter les agressions qui sont faites contre les pêcheurs de thon rouge en Méditerranée et les agressions qui sont faites contre le vignoble européen avec l ’ arrachage . Moi , je suggère à notre commissaire et à notre Président , M. Barroso , d ’ organiser un grand banquet au Portugal avec des fromages de brebis et du vin de Samos …
",monsieur le président je me réjouis que ce soit un britannique notre collègue farage qui ait déposé ce texte comme quoi les soldats romains il y a 2000 ans ont bien fait d aller en grande bretagne et d amener des amphores d huile d olive et de vin mais alors il faudra en tirer deux conséquences c est pas très raisonnable symboliquement de mettre l agence de l alimentation à helsinki et ce n est pas raisonnable que la commission européenne ne revienne pas en arrière sur les points suivants d abord rétablir des aides pour les amendiers ensuite arrêter les agressions qui sont faites contre les oliviers et notamment dans l andalousie et dans toute l europe arrêter les agressions qui sont faites contre les pêcheurs du thon rouge en méditerranée et les agressions qui sont faites contre le vignoble européen avec l arrachage moi je suggère à notre commissaire notre président monsieur barroso d organiser un grand banquet au portugal avec des fromages de brebis et du vin de ,monsieur le président je me réjouis que ce soit un britannique notre collègue parish qui ait déposé ce texte comme quoi les soldats romains il y a deux mille ans ont bien fait d aller en grande bretagne et d amener des amphores d huile d olive et de vin mais alors il faudra en tirer deux conséquences ce n est pas très raisonnable symboliquement de mettre l agence de l alimentation à helsinki et ce n est pas raisonnable que la commission européenne ne revienne pas en arrière sur les points suivants d abord rétablir des aides pour les amandiers ensuite arrêter les agressions qui sont faites contre les oliviers et notamment en andalousie et dans toute l europe arrêter les agressions qui sont faites contre les pêcheurs de thon rouge en méditerranée et les agressions qui sont faites contre le vignoble européen avec l arrachage moi je suggère à notre commissaire et à notre président m barroso d organiser un grand banquet au portugal avec des fromages de brebis et du vin de samos 
fr,en.20090115.3.4-058,streaming,,61.0220625,28.938213925999662,0.4742254315969681,"Monsieur le Président, je me réjouis que ce soit un Britannique, notre collègue Parish, qui ait déposé ce texte, comme quoi les soldats romains, il y a 2 000 ans, ont bien fait d'aller en Grande-Bretagne et d'amener des amphores d'huile d'olive et de vin. Mais alors, il faudra en tirer deux conséquences. C'est pas très raisonnable symboliquement de mettre l'agence de l'alimentation à Helsinki, et ce n'est pas raisonnable que la Commission européenne ne revienne pas en arrière sur les points suivants. D'abord, rétablir des aides pour les amendiers. Ensuite, arrêter les agressions qui sont faites contre les oliviers, et notamment dans l'Andalousie et dans toute l'Europe. Arrêter les agressions qui sont faites contre les pêcheurs du thon rouge en Méditerranée et les agressions qui sont faites contre le vignoble européen avec l'arrachage. Moi, je suggère à notre commissaire, à notre président, M. Barroso, d'organiser un grand banquet au Portugal avec des fromages de brebis et du vin de.","Monsieur le Président , je me réjouis que ce soit un Britannique , notre collègue Parish , qui ait déposé ce texte , comme quoi les soldats romains , il y a deux mille ans , ont bien fait d ’ aller en Grande-Bretagne et d ’ amener des amphores d ’ huile d ’ olive et de vin . Mais alors , il faudra en tirer deux conséquences . Ce n ’ est pas très raisonnable symboliquement de mettre l ’ Agence de l ’ alimentation à Helsinki et ce n ’ est pas raisonnable que la Commission européenne ne revienne pas en arrière sur les points suivants : d ’ abord , rétablir des aides pour les amandiers , ensuite arrêter les agressions qui sont faites contre les oliviers , et notamment en Andalousie et dans toute l ’ Europe ; arrêter les agressions qui sont faites contre les pêcheurs de thon rouge en Méditerranée et les agressions qui sont faites contre le vignoble européen avec l ’ arrachage . Moi , je suggère à notre commissaire et à notre Président , M. Barroso , d ’ organiser un grand banquet au Portugal avec des fromages de brebis et du vin de Samos …
",monsieur le président je me réjouis que ce soit un britannique notre collègue parish qui ait déposé ce texte comme quoi les soldats romains il y a 2 000 ans ont bien fait d aller en grande bretagne et d amener des amphores d huile d olive et de vin mais alors il faudra en tirer deux conséquences c est pas très raisonnable symboliquement de mettre l agence de l alimentation à helsinki et ce n est pas raisonnable que la commission européenne ne revienne pas en arrière sur les points suivants d abord rétablir des aides pour les amendiers ensuite arrêter les agressions qui sont faites contre les oliviers et notamment dans l andalousie et dans toute l europe arrêter les agressions qui sont faites contre les pêcheurs du thon rouge en méditerranée et les agressions qui sont faites contre le vignoble européen avec l arrachage moi je suggère à notre commissaire à notre président m barroso d organiser un grand banquet au portugal avec des fromages de brebis et du vin de ,monsieur le président je me réjouis que ce soit un britannique notre collègue parish qui ait déposé ce texte comme quoi les soldats romains il y a deux mille ans ont bien fait d aller en grande bretagne et d amener des amphores d huile d olive et de vin mais alors il faudra en tirer deux conséquences ce n est pas très raisonnable symboliquement de mettre l agence de l alimentation à helsinki et ce n est pas raisonnable que la commission européenne ne revienne pas en arrière sur les points suivants d abord rétablir des aides pour les amandiers ensuite arrêter les agressions qui sont faites contre les oliviers et notamment en andalousie et dans toute l europe arrêter les agressions qui sont faites contre les pêcheurs de thon rouge en méditerranée et les agressions qui sont faites contre le vignoble européen avec l arrachage moi je suggère à notre commissaire et à notre président m barroso d organiser un grand banquet au portugal avec des fromages de brebis et du vin de samos 
fr,en.20101020.3.3-080,offline,,65.015875,3.716873219998888,0.057168702566855994,"Merci, Monsieur le Président. Je voudrais axer mon propos sur la préparation des prochains sommets du G20. Tout a été dit par les orateurs précédents sur la gouvernance économique européenne, sur la nécessité de renforcer la gouvernance économique européenne, de renforcer le pacte de stabilité de croissance et de mieux associer le Parlement européen et bien sûr aussi les parlements nationaux au processus. Je voudrais citer rapidement deux défis qui se posent à nos nations et qui se posent aux membres du G20 et qui doivent être traités dans le cadre, à mon avis, des prochaines réunions du G20 : le défi de la guerre des monnaies et celui de la volatilité des prix des matières premières. Je pense que sur ces deux sujets, qui sont de véritables menaces pour la croissance mondiale et qui occasionnent des déséquilibres très importants sur notre planète, il faut que l'Union européenne arrive à s'organiser, à arrêter des positions communes, à se donner les moyens de parler d'une seule voix lors des prochains sommets du G20, Séoul, mais aussi ceux qui suivront, et de manière plus globale sur la scène mondiale. Je vous remercie.","Monsieur le Président , je voudrais axer mon propos sur la préparation des prochains sommets du G20 . Tout a été dit par les orateurs précédents sur la gouvernance économique européenne , sur la nécessité de renforcer la gouvernance économique européenne , de renforcer le pacte de stabilité et de croissance , et de mieux associer le Parlement européen et bien sûr aussi les parlements nationaux au processus .
Je voudrais citer rapidement deux défis qui se posent à nos nations et qui se posent aux membres du G20 et qui doivent être traités dans le cadre , à mon avis , des prochaines réunions du G20 .
Le défi de la guerre des monnaies et celui de la volatilité des prix des matières premières . Je pense que sur ces deux sujets , qui sont de véritables menaces pour la croissance mondiale et qui occasionnent des déséquilibres très importants sur notre planète , il faut que l ’ Union européenne arrive à s ’ organiser , à arrêter des positions communes , à se donner les moyens de parler d ’ une seule voix lors des prochains sommets du G20 , celui de Séoul mais aussi ceux qui suivront , et de manière plus globale sur la scène mondiale .
",merci monsieur le président je voudrais axer mon propos sur la préparation des prochains sommets du g20 tout a été dit par les orateurs précédents sur la gouvernance économique européenne sur la nécessité de renforcer la gouvernance économique européenne de renforcer le pacte de stabilité de croissance et de mieux associer le parlement européen et bien sûr aussi les parlements nationaux au processus je voudrais citer rapidement deux défis qui se posent à nos nations et qui se posent aux membres du g20 et qui doivent être traités dans le cadre à mon avis des prochaines réunions du g20 le défi de la guerre des monnaies et celui de la volatilité des prix des matières premières je pense que sur ces deux sujets qui sont de véritables menaces pour la croissance mondiale et qui occasionnent des déséquilibres très importants sur notre planète il faut que l union européenne arrive à s organiser à arrêter des positions communes à se donner les moyens de parler d une seule voix lors des prochains sommets du g20 séoul mais aussi ceux qui suivront et de manière plus globale sur la scène mondiale je vous remercie ,monsieur le président je voudrais axer mon propos sur la préparation des prochains sommets du g20 tout a été dit par les orateurs précédents sur la gouvernance économique européenne sur la nécessité de renforcer la gouvernance économique européenne de renforcer le pacte de stabilité et de croissance et de mieux associer le parlement européen et bien sûr aussi les parlements nationaux au processus je voudrais citer rapidement deux défis qui se posent à nos nations et qui se posent aux membres du g20 et qui doivent être traités dans le cadre à mon avis des prochaines réunions du g20 le défi de la guerre des monnaies et celui de la volatilité des prix des matières premières je pense que sur ces deux sujets qui sont de véritables menaces pour la croissance mondiale et qui occasionnent des déséquilibres très importants sur notre planète il faut que l union européenne arrive à s organiser à arrêter des positions communes à se donner les moyens de parler d une seule voix lors des prochains sommets du g20 celui de séoul mais aussi ceux qui suivront et de manière plus globale sur la scène mondiale 
fr,en.20101020.3.3-080,streaming,,65.015875,32.0503375060016,0.49296171905710107,"Merci, Monsieur le Président. Je voudrais axer mon propos sur la préparation des prochains sommets du G20. Tout a été dit par les orateurs précédents sur la gouvernance économique européenne, sur la nécessité de renforcer la gouvernance économique européenne, de renforcer le pacte de stabilité, de croissance et de mieux associer le Parlement européen et, bien sûr, aussi les parlements nationaux au processus. Je voudrais citer rapidement deux défis qui se posent à nos nations et qui se posent aux membres du G20 et qui doivent être traités dans le cadre, à mon avis, des prochaines réunions du G20 : le défi de la guerre des monnaies et celui de la volatilité des prix des matières premières. Je pense que sur ces deux sujets qui sont de véritables menaces pour la croissance mondiale et qui occasionnent des déséquilibres très importants sur notre planète, il faut que l'Union européenne arrive à s'organiser, à arrêter des positions communes, à se donner les moyens de parler d'une seule voix lors des prochains sommets du G20, Séoul, mais aussi ceux qui suivront, et de manière plus globale sur la scène mondiale. Je vous remercie.","Monsieur le Président , je voudrais axer mon propos sur la préparation des prochains sommets du G20 . Tout a été dit par les orateurs précédents sur la gouvernance économique européenne , sur la nécessité de renforcer la gouvernance économique européenne , de renforcer le pacte de stabilité et de croissance , et de mieux associer le Parlement européen et bien sûr aussi les parlements nationaux au processus .
Je voudrais citer rapidement deux défis qui se posent à nos nations et qui se posent aux membres du G20 et qui doivent être traités dans le cadre , à mon avis , des prochaines réunions du G20 .
Le défi de la guerre des monnaies et celui de la volatilité des prix des matières premières . Je pense que sur ces deux sujets , qui sont de véritables menaces pour la croissance mondiale et qui occasionnent des déséquilibres très importants sur notre planète , il faut que l ’ Union européenne arrive à s ’ organiser , à arrêter des positions communes , à se donner les moyens de parler d ’ une seule voix lors des prochains sommets du G20 , celui de Séoul mais aussi ceux qui suivront , et de manière plus globale sur la scène mondiale .
",merci monsieur le président je voudrais axer mon propos sur la préparation des prochains sommets du g20 tout a été dit par les orateurs précédents sur la gouvernance économique européenne sur la nécessité de renforcer la gouvernance économique européenne de renforcer le pacte de stabilité de croissance et de mieux associer le parlement européen et bien sûr aussi les parlements nationaux au processus je voudrais citer rapidement deux défis qui se posent à nos nations et qui se posent aux membres du g20 et qui doivent être traités dans le cadre à mon avis des prochaines réunions du g20 le défi de la guerre des monnaies et celui de la volatilité des prix des matières premières je pense que sur ces deux sujets qui sont de véritables menaces pour la croissance mondiale et qui occasionnent des déséquilibres très importants sur notre planète il faut que l union européenne arrive à s organiser à arrêter des positions communes à se donner les moyens de parler d une seule voix lors des prochains sommets du g20 séoul mais aussi ceux qui suivront et de manière plus globale sur la scène mondiale je vous remercie ,monsieur le président je voudrais axer mon propos sur la préparation des prochains sommets du g20 tout a été dit par les orateurs précédents sur la gouvernance économique européenne sur la nécessité de renforcer la gouvernance économique européenne de renforcer le pacte de stabilité et de croissance et de mieux associer le parlement européen et bien sûr aussi les parlements nationaux au processus je voudrais citer rapidement deux défis qui se posent à nos nations et qui se posent aux membres du g20 et qui doivent être traités dans le cadre à mon avis des prochaines réunions du g20 le défi de la guerre des monnaies et celui de la volatilité des prix des matières premières je pense que sur ces deux sujets qui sont de véritables menaces pour la croissance mondiale et qui occasionnent des déséquilibres très importants sur notre planète il faut que l union européenne arrive à s organiser à arrêter des positions communes à se donner les moyens de parler d une seule voix lors des prochains sommets du g20 celui de séoul mais aussi ceux qui suivront et de manière plus globale sur la scène mondiale 
fr,en.20120912.28.3-545-000,offline,,76.997375,3.974482147999879,0.05161841099128222,"Merci, Monsieur le Président, chers collègues. Je tiens à remercier nos deux rapporteurs pour le travail qu'ils ont effectué sur ce dossier. Il le fallait car nous partions de très loin avec la proposition de base de la Commission. Aucune mention spécifique des régions ultrapériphériques directement concernées par la concurrence des pays d'Amérique latine, pas de déclenchement automatique du mécanisme de stabilisation, pas de possibilité offerte à notre assemblée de demander l'ouverture d'une enquête de sauvegarde, pas de prise en compte de normes sociales et environnementales pouvant constituer un avantage concurrentiel déloyal. Voilà pourquoi il est extrêmement important que le vote de demain valide les avancées obtenues sur ces points en commission du commerce international. Malgré tout, ce n'est pas suffisant car nous savons que les seuils de déclenchement de ces deux règlements sont tellement élevés qu'ils rendent ces mécanismes pratiquement inapplicables. Par ailleurs, la Commission doit prévoir une enveloppe financière supplémentaire afin de soutenir la compétitivité de la production de bananes communautaire, gardant à l'esprit que de nombreux emplois sont en jeu dans ces régions européennes qui comptent déjà des taux de chômage records. Merci.","Monsieur le Président , chers collègues , je tiens à remercier nos deux rapporteurs pour le travail qu' ils ont effectué sur ce dossier .
C' était nécessaire car nous partions de très loin avec la proposition de base de la Commission : aucune mention spécifique des régions ultrapériphériques , directement concernées par la concurrence des pays d' Amérique latine ; pas de déclenchement automatique du mécanisme de stabilisation ; pas de possibilité offerte à notre Assemblée de demander l' ouverture d' une enquête de sauvegarde ; pas de prise en compte de normes sociales et environnementales comme pouvant constituer un avantage concurrentiel déloyal .
Voilà pourquoi il est extrêmement important que le vote de demain valide les avancées obtenues sur ces points au sein de la commission du commerce international .
Malgré tout , ce n' est pas suffisant , car nous savons que les seuils de déclenchement de ces deux règlements sont tellement élevés qu' ils rendent ces mécanismes pratiquement inapplicables .
Par ailleurs , la Commission doit prévoir une enveloppe financière supplémentaire afin de soutenir la compétitivité de la production communautaire de bananes . Gardons à l' esprit que de nombreux emplois sont en jeu dans ces régions européennes qui comptent déjà des taux de chômage record .
",merci monsieur le président chers collègues je tiens à remercier nos deux rapporteurs pour le travail qu ils ont effectué sur ce dossier il le fallait car nous partions de très loin avec la proposition de base de la commission aucune mention spécifique des régions ultrapériphériques directement concernées par la concurrence des pays d amérique latine pas de déclenchement automatique du mécanisme de stabilisation pas de possibilité offerte à notre assemblée de demander l ouverture d une enquête de sauvegarde pas de prise en compte de normes sociales et environnementales pouvant constituer un avantage concurrentiel déloyal voilà pourquoi il est extrêmement important que le vote de demain valide les avancées obtenues sur ces points en commission du commerce international malgré tout ce n est pas suffisant car nous savons que les seuils de déclenchement de ces deux règlements sont tellement élevés qu ils rendent ces mécanismes pratiquement inapplicables par ailleurs la commission doit prévoir une enveloppe financière supplémentaire afin de soutenir la compétitivité de la production de bananes communautaire gardant à l esprit que de nombreux emplois sont en jeu dans ces régions européennes qui comptent déjà des taux de chômage records merci ,monsieur le président chers collègues je tiens à remercier nos deux rapporteurs pour le travail qu ils ont effectué sur ce dossier c était nécessaire car nous partions de très loin avec la proposition de base de la commission aucune mention spécifique des régions ultrapériphériques directement concernées par la concurrence des pays d amérique latine pas de déclenchement automatique du mécanisme de stabilisation pas de possibilité offerte à notre assemblée de demander l ouverture d une enquête de sauvegarde pas de prise en compte de normes sociales et environnementales comme pouvant constituer un avantage concurrentiel déloyal voilà pourquoi il est extrêmement important que le vote de demain valide les avancées obtenues sur ces points au sein de la commission du commerce international malgré tout ce n est pas suffisant car nous savons que les seuils de déclenchement de ces deux règlements sont tellement élevés qu ils rendent ces mécanismes pratiquement inapplicables par ailleurs la commission doit prévoir une enveloppe financière supplémentaire afin de soutenir la compétitivité de la production communautaire de bananes gardons à l esprit que de nombreux emplois sont en jeu dans ces régions européennes qui comptent déjà des taux de chômage record 
fr,en.20120912.28.3-545-000,streaming,,76.997375,41.28773581800124,0.5362226415900703,"Merci, Monsieur le Président, chers collègues. Je tiens à remercier nos deux rapporteurs pour le travail qu'ils ont effectué sur ce dossier. Il le fallait quand nous partions de très loin avec la proposition de base de la Commission. Aucune mention spécifique des régions ultrapériphériques, directement concernées par la concurrence des pays d'Amérique latine, pas de déclenchement automatique du mécanisme de stabilisation, pas de possibilité offerte à notre assemblée de demander l'ouverture d'une enquête de sauvegarde, pas de prise en compte de normes sociales et environnementales, pouvant constituer un avantage concurrentiel déloyal. Voilà pourquoi il est extrêmement important que le vote de demain valide les avancées obtenues sur ces points, en commission du commerce international. Malgré tout, ce n'est pas suffisant, car nous savons que les seuils de déclenchement de ces deux règlements sont tellement élevés qu'ils rendent ces mécanismes pratiquement inapplicables. Par ailleurs, la Commission doit prévoir une enveloppe financière supplémentaire afin de soutenir la compétitivité de la production de bananes communautaire. Gardons à l'esprit que de nombreux emplois sont en jeu dans ces régions européennes qui comptent déjà des taux de chômage records. Merci.","Monsieur le Président , chers collègues , je tiens à remercier nos deux rapporteurs pour le travail qu' ils ont effectué sur ce dossier .
C' était nécessaire car nous partions de très loin avec la proposition de base de la Commission : aucune mention spécifique des régions ultrapériphériques , directement concernées par la concurrence des pays d' Amérique latine ; pas de déclenchement automatique du mécanisme de stabilisation ; pas de possibilité offerte à notre Assemblée de demander l' ouverture d' une enquête de sauvegarde ; pas de prise en compte de normes sociales et environnementales comme pouvant constituer un avantage concurrentiel déloyal .
Voilà pourquoi il est extrêmement important que le vote de demain valide les avancées obtenues sur ces points au sein de la commission du commerce international .
Malgré tout , ce n' est pas suffisant , car nous savons que les seuils de déclenchement de ces deux règlements sont tellement élevés qu' ils rendent ces mécanismes pratiquement inapplicables .
Par ailleurs , la Commission doit prévoir une enveloppe financière supplémentaire afin de soutenir la compétitivité de la production communautaire de bananes . Gardons à l' esprit que de nombreux emplois sont en jeu dans ces régions européennes qui comptent déjà des taux de chômage record .
",merci monsieur le président chers collègues je tiens à remercier nos deux rapporteurs pour le travail qu ils ont effectué sur ce dossier il le fallait quand nous partions de très loin avec la proposition de base de la commission aucune mention spécifique des régions ultrapériphériques directement concernées par la concurrence des pays d amérique latine pas de déclenchement automatique du mécanisme de stabilisation pas de possibilité offerte à notre assemblée de demander l ouverture d une enquête de sauvegarde pas de prise en compte de normes sociales et environnementales pouvant constituer un avantage concurrentiel déloyal voilà pourquoi il est extrêmement important que le vote de demain valide les avancées obtenues sur ces points en commission du commerce international malgré tout ce n est pas suffisant car nous savons que les seuils de déclenchement de ces deux règlements sont tellement élevés qu ils rendent ces mécanismes pratiquement inapplicables par ailleurs la commission doit prévoir une enveloppe financière supplémentaire afin de soutenir la compétitivité de la production de bananes communautaire gardons à l esprit que de nombreux emplois sont en jeu dans ces régions européennes qui comptent déjà des taux de chômage records merci ,monsieur le président chers collègues je tiens à remercier nos deux rapporteurs pour le travail qu ils ont effectué sur ce dossier c était nécessaire car nous partions de très loin avec la proposition de base de la commission aucune mention spécifique des régions ultrapériphériques directement concernées par la concurrence des pays d amérique latine pas de déclenchement automatique du mécanisme de stabilisation pas de possibilité offerte à notre assemblée de demander l ouverture d une enquête de sauvegarde pas de prise en compte de normes sociales et environnementales comme pouvant constituer un avantage concurrentiel déloyal voilà pourquoi il est extrêmement important que le vote de demain valide les avancées obtenues sur ces points au sein de la commission du commerce international malgré tout ce n est pas suffisant car nous savons que les seuils de déclenchement de ces deux règlements sont tellement élevés qu ils rendent ces mécanismes pratiquement inapplicables par ailleurs la commission doit prévoir une enveloppe financière supplémentaire afin de soutenir la compétitivité de la production communautaire de bananes gardons à l esprit que de nombreux emplois sont en jeu dans ces régions européennes qui comptent déjà des taux de chômage record 
fr,en.20100708.4.4-086,offline,,73.9788125,3.460682568998891,0.04677937441884311,"Oui, Monsieur le Président, de nombreux collègues s'inquiètent quant aux conséquences sur l'agriculture européenne que pourrait avoir la réouverture de négociations d'un accord d'association avec le Mercosur. Mon groupe et moi-même partageons ces inquiétudes. Il est à craindre, en effet, et en tant que député d'une région ultrapériphérique, j'ai l'expérience des accords sur la banane. Il est donc à craindre qu'un accord avec le Mercosur ne porte un coup difficile à de nombreuses filières agricoles européennes. C'est la raison pour laquelle une étude d'impact est absolument nécessaire. Il est à craindre aussi que cet accord ne tourne davantage, un peu trop, l'agriculture du Mercosur vers une agriculture productiviste au détriment de petites exploitations qui existent dans ces pays. Un équilibre doit donc être trouvé pour que cet accord ne transforme pas les continents latino-américains et européens en superpuissances ancrées essentiellement sur le dogme du mercantilisme. Merci, Monsieur le Président.","Monsieur le Président , de nombreux collègues s ’ inquiètent quant aux conséquences sur l ’ agriculture européenne que pourrait avoir la réouverture de négociations d ’ un accord d ’ association avec le Mercosur .
Mon groupe et moi-même partageons ces inquiétudes . Il est à craindre , en effet – et , en tant que député d ’ une région ultrapériphérique , j ’ ai l ’ expérience des accords sur la banane – qu ’ un accord avec le Mercosur ne porte un coup difficile à de nombreuses filières agricoles européennes . C ’ est la raison pour laquelle une étude d ’ impact est absolument nécessaire . Il est à craindre , aussi , que cet accord ne tourne davantage , un peu trop , l ’ agriculture du Mercosur vers une agriculture productiviste , au détriment des petites exploitations qui existent dans ces pays . Un équilibre doit donc être trouvé pour que cet accord ne transforme pas les continents latino-américain et européen en superpuissances ancrées essentiellement sur le dogme du mercantilisme .
",oui monsieur le président de nombreux collègues s inquiètent quant aux conséquences sur l agriculture européenne que pourrait avoir la réouverture de négociations d un accord d association avec le mercosur mon groupe et moi même partageons ces inquiétudes il est à craindre en effet et en tant que député d une région ultrapériphérique j ai l expérience des accords sur la banane il est donc à craindre qu un accord avec le mercosur ne porte un coup difficile à de nombreuses filières agricoles européennes c est la raison pour laquelle une étude d impact est absolument nécessaire il est à craindre aussi que cet accord ne tourne davantage un peu trop l agriculture du mercosur vers une agriculture productiviste au détriment de petites exploitations qui existent dans ces pays un équilibre doit donc être trouvé pour que cet accord ne transforme pas les continents latino américains et européens en superpuissances ancrées essentiellement sur le dogme du mercantilisme merci monsieur le président ,monsieur le président de nombreux collègues s inquiètent quant aux conséquences sur l agriculture européenne que pourrait avoir la réouverture de négociations d un accord d association avec le mercosur mon groupe et moi même partageons ces inquiétudes il est à craindre en effet et en tant que député d une région ultrapériphérique j ai l expérience des accords sur la banane qu un accord avec le mercosur ne porte un coup difficile à de nombreuses filières agricoles européennes c est la raison pour laquelle une étude d impact est absolument nécessaire il est à craindre aussi que cet accord ne tourne davantage un peu trop l agriculture du mercosur vers une agriculture productiviste au détriment des petites exploitations qui existent dans ces pays un équilibre doit donc être trouvé pour que cet accord ne transforme pas les continents latino américain et européen en superpuissances ancrées essentiellement sur le dogme du mercantilisme 
fr,en.20100708.4.4-086,streaming,,73.9788125,39.26681815700067,0.5307846507674162,"Oui, Monsieur le Président, de nombreux collègues s'inquiètent quant aux conséquences sur l'agriculture européenne que pourrait avoir l'arrêt ouverture de négociations d'un accord d'association avec le Mercosur. Mon groupe et moi-même partageons ces inquiétudes. Il est à craindre, en effet, et en tant que député d'une région ultrapériphérique, j'ai l'expérience des accords sur la banane. Il est donc à craindre qu'un accord avec le Mercosur ne porte un coup difficile à de nombreuses filières agricoles européennes. C'est la raison pour laquelle une étude d'impact est absolument nécessaire. Il est à craindre aussi que cet accord ne tourne davantage un peu trop l'agriculture du Mercosur vers une agriculture productiviste au détriment de petites exploitations qui existent dans ces pays. Un équilibre doit donc être trouvé pour que cet accord ne transforme pas les continents latino-américains et européens en superpuissances ancrées essentiellement sur le dogme du mercantilisme. Merci, Monsieur le Président.","Monsieur le Président , de nombreux collègues s ’ inquiètent quant aux conséquences sur l ’ agriculture européenne que pourrait avoir la réouverture de négociations d ’ un accord d ’ association avec le Mercosur .
Mon groupe et moi-même partageons ces inquiétudes . Il est à craindre , en effet – et , en tant que député d ’ une région ultrapériphérique , j ’ ai l ’ expérience des accords sur la banane – qu ’ un accord avec le Mercosur ne porte un coup difficile à de nombreuses filières agricoles européennes . C ’ est la raison pour laquelle une étude d ’ impact est absolument nécessaire . Il est à craindre , aussi , que cet accord ne tourne davantage , un peu trop , l ’ agriculture du Mercosur vers une agriculture productiviste , au détriment des petites exploitations qui existent dans ces pays . Un équilibre doit donc être trouvé pour que cet accord ne transforme pas les continents latino-américain et européen en superpuissances ancrées essentiellement sur le dogme du mercantilisme .
",oui monsieur le président de nombreux collègues s inquiètent quant aux conséquences sur l agriculture européenne que pourrait avoir l arrêt ouverture de négociations d un accord d association avec le mercosur mon groupe et moi même partageons ces inquiétudes il est à craindre en effet et en tant que député d une région ultrapériphérique j ai l expérience des accords sur la banane il est donc à craindre qu un accord avec le mercosur ne porte un coup difficile à de nombreuses filières agricoles européennes c est la raison pour laquelle une étude d impact est absolument nécessaire il est à craindre aussi que cet accord ne tourne davantage un peu trop l agriculture du mercosur vers une agriculture productiviste au détriment de petites exploitations qui existent dans ces pays un équilibre doit donc être trouvé pour que cet accord ne transforme pas les continents latino américains et européens en superpuissances ancrées essentiellement sur le dogme du mercantilisme merci monsieur le président ,monsieur le président de nombreux collègues s inquiètent quant aux conséquences sur l agriculture européenne que pourrait avoir la réouverture de négociations d un accord d association avec le mercosur mon groupe et moi même partageons ces inquiétudes il est à craindre en effet et en tant que député d une région ultrapériphérique j ai l expérience des accords sur la banane qu un accord avec le mercosur ne porte un coup difficile à de nombreuses filières agricoles européennes c est la raison pour laquelle une étude d impact est absolument nécessaire il est à craindre aussi que cet accord ne tourne davantage un peu trop l agriculture du mercosur vers une agriculture productiviste au détriment des petites exploitations qui existent dans ces pays un équilibre doit donc être trouvé pour que cet accord ne transforme pas les continents latino américain et européen en superpuissances ancrées essentiellement sur le dogme du mercantilisme 
fr,en.20110202.15.3-167-000,offline,,77.972625,4.40591545299867,0.05650592695832249,"Elle a été dite, mais je m'associe aux marques de sympathie et de soutien qui ont déjà été formulées à l'égard des peuples tunisien et égyptien. Ils représentent un symbole d'espoir pour tous les défenseurs des libertés. Une pensée aussi pour les victimes. Je voudrais maintenant dire que l'Union européenne, qui, on l'a dit, s'est fait remarquer par son absence de réaction, doit bien être aux côtés des peuples tunisiens et égyptiens pour les aider à mener à bien l'ouverture de leur pays aux réformes et à installer la démocratie. L'Union européenne a décidé d'accompagner les dirigeants tunisiens pour engager une transition pacifique, préparer l'organisation des élections à venir, pour gagner la liberté et permettre au peuple tunisien de trouver la prospérité du développement et de la paix sociale, une économie qui permettra à la jeunesse de trouver de l'emploi. Je dirai pour terminer que l'Union pour la Méditerranée a un défi important à relever parce que la révolution du Jasmyn a déclenché une vague dans tous les États du Maghreb, du Proche-Orient et du Moyen-Orient. Elle doit mettre en place une stratégie forte envers ces pays. Mais attention, face à ce mouvement démocratique légitime, l'Europe doit trouver un équilibre entre non-ingérence dans les affaires intérieures, soutien aux aspirations légitimes des peuples et stabilité.","Madame la Présidente , beaucoup de choses ont déjà été dites , mais je m ’ associe aux marques de sympathie et de soutien qui ont déjà été formulées à l ’ égard des peuples tunisien et égyptien . Ils représentent un symbole d ’ espoir pour tous les défenseurs des libertés . J ’ ai également une pensée pour les victimes .
Je voudrais maintenant dire que l ’ Union européenne qui , on l ’ a dit , s ’ est fait remarquer par son absence de réaction , doit bien être aux côtés des peuples tunisien et égyptien pour les aider à mener à bien l ’ ouverture de leur pays aux réformes et à instaurer la démocratie .
L ’ Union européenne a décidé d ’ accompagner les dirigeants tunisiens pour engager une transition pacifique , préparer l ’ organisation des élections à venir pour gagner la liberté et aider le peuple tunisien à trouver la prospérité du développement et de la paix sociale , une économie qui permettra à la jeunesse de trouver de l ’ emploi .
Je dirai , pour terminer , que l ’ Union pour la Méditerranée a un défi important à relever parce que la révolution du jasmin a déclenché une vague dans tous les États du Maghreb , du Proche-Orient et du Moyen-Orient . Elle doit mettre en place une stratégie forte envers ces pays . Mais attention : face à ce mouvement démocratique légitime , l ’ Europe doit trouver un équilibre entre non-ingérence dans les affaires intérieures , soutien aux aspirations légitimes des peuples et stabilité .
",elle a été dite mais je m associe aux marques de sympathie et de soutien qui ont déjà été formulées à l égard des peuples tunisien et égyptien ils représentent un symbole d espoir pour tous les défenseurs des libertés une pensée aussi pour les victimes je voudrais maintenant dire que l union européenne qui on l a dit s est fait remarquer par son absence de réaction doit bien être aux côtés des peuples tunisiens et égyptiens pour les aider à mener à bien l ouverture de leur pays aux réformes et à installer la démocratie l union européenne a décidé d accompagner les dirigeants tunisiens pour engager une transition pacifique préparer l organisation des élections à venir pour gagner la liberté et permettre au peuple tunisien de trouver la prospérité du développement et de la paix sociale une économie qui permettra à la jeunesse de trouver de l emploi je dirai pour terminer que l union pour la méditerranée a un défi important à relever parce que la révolution du jasmyn a déclenché une vague dans tous les états du maghreb du proche orient et du moyen orient elle doit mettre en place une stratégie forte envers ces pays mais attention face à ce mouvement démocratique légitime l europe doit trouver un équilibre entre non ingérence dans les affaires intérieures soutien aux aspirations légitimes des peuples et stabilité ,madame la présidente beaucoup de choses ont déjà été dites mais je m associe aux marques de sympathie et de soutien qui ont déjà été formulées à l égard des peuples tunisien et égyptien ils représentent un symbole d espoir pour tous les défenseurs des libertés j ai également une pensée pour les victimes je voudrais maintenant dire que l union européenne qui on l a dit s est fait remarquer par son absence de réaction doit bien être aux côtés des peuples tunisien et égyptien pour les aider à mener à bien l ouverture de leur pays aux réformes et à instaurer la démocratie l union européenne a décidé d accompagner les dirigeants tunisiens pour engager une transition pacifique préparer l organisation des élections à venir pour gagner la liberté et aider le peuple tunisien à trouver la prospérité du développement et de la paix sociale une économie qui permettra à la jeunesse de trouver de l emploi je dirai pour terminer que l union pour la méditerranée a un défi important à relever parce que la révolution du jasmin a déclenché une vague dans tous les états du maghreb du proche orient et du moyen orient elle doit mettre en place une stratégie forte envers ces pays mais attention face à ce mouvement démocratique légitime l europe doit trouver un équilibre entre non ingérence dans les affaires intérieures soutien aux aspirations légitimes des peuples et stabilité 
fr,en.20110202.15.3-167-000,streaming,,77.972625,42.22386862500025,0.5415217023282242,"C'est édite, mais je m'associe au marque de sympathie et de soutien qui ont déjà été formulés à l'égard des peuples tunisien et égyptien. Ils représentent un symbole d'espoir pour tous les défenseurs de liberté, une pensée aussi pour les victimes. Je voudrais maintenant dire que l'Union européenne, qui, on l'a dit, s'est fait remarquer par son absence de réaction, doit bien être aux côtés des peuples tunisiens et égyptiens pour les aider à mener à bien l'ouverture de leurs pays aux réformes et à installer la démocratie. L'Union européenne a décidé d'accompagner les dirigeants tunisiens pour engager une transition pacifique, préparer l'organisation des élections à venir, pour gagner la liberté et permettre au peuple tunisien de trouver la prospérité du développement et de la paix sociale, une économie qui permettra à la jeunesse de trouver de l'emploi. Je dirai pour terminer que l'Union pour la Méditerranée a un défi important à relever parce que la révolution du jasmin a déclenché une vague dans tous les États du Maghreb, du Proche-Orient et du Moyen-Orient. Elle doit mettre en place une stratégie forte envers ces pays. Mais attention, face à ce mouvement démocratique légitime, l'Europe doit trouver un équilibre entre non ingérence dans les affaires intérieures, soutien aux aspirations légitimes des peuples et stabilisation des relations avec les États tiers.","Madame la Présidente , beaucoup de choses ont déjà été dites , mais je m ’ associe aux marques de sympathie et de soutien qui ont déjà été formulées à l ’ égard des peuples tunisien et égyptien . Ils représentent un symbole d ’ espoir pour tous les défenseurs des libertés . J ’ ai également une pensée pour les victimes .
Je voudrais maintenant dire que l ’ Union européenne qui , on l ’ a dit , s ’ est fait remarquer par son absence de réaction , doit bien être aux côtés des peuples tunisien et égyptien pour les aider à mener à bien l ’ ouverture de leur pays aux réformes et à instaurer la démocratie .
L ’ Union européenne a décidé d ’ accompagner les dirigeants tunisiens pour engager une transition pacifique , préparer l ’ organisation des élections à venir pour gagner la liberté et aider le peuple tunisien à trouver la prospérité du développement et de la paix sociale , une économie qui permettra à la jeunesse de trouver de l ’ emploi .
Je dirai , pour terminer , que l ’ Union pour la Méditerranée a un défi important à relever parce que la révolution du jasmin a déclenché une vague dans tous les États du Maghreb , du Proche-Orient et du Moyen-Orient . Elle doit mettre en place une stratégie forte envers ces pays . Mais attention : face à ce mouvement démocratique légitime , l ’ Europe doit trouver un équilibre entre non-ingérence dans les affaires intérieures , soutien aux aspirations légitimes des peuples et stabilité .
",c est édite mais je m associe au marque de sympathie et de soutien qui ont déjà été formulés à l égard des peuples tunisien et égyptien ils représentent un symbole d espoir pour tous les défenseurs de liberté une pensée aussi pour les victimes je voudrais maintenant dire que l union européenne qui on l a dit s est fait remarquer par son absence de réaction doit bien être aux côtés des peuples tunisiens et égyptiens pour les aider à mener à bien l ouverture de leurs pays aux réformes et à installer la démocratie l union européenne a décidé d accompagner les dirigeants tunisiens pour engager une transition pacifique préparer l organisation des élections à venir pour gagner la liberté et permettre au peuple tunisien de trouver la prospérité du développement et de la paix sociale une économie qui permettra à la jeunesse de trouver de l emploi je dirai pour terminer que l union pour la méditerranée a un défi important à relever parce que la révolution du jasmin a déclenché une vague dans tous les états du maghreb du proche orient et du moyen orient elle doit mettre en place une stratégie forte envers ces pays mais attention face à ce mouvement démocratique légitime l europe doit trouver un équilibre entre non ingérence dans les affaires intérieures soutien aux aspirations légitimes des peuples et stabilisation des relations avec les états tiers ,madame la présidente beaucoup de choses ont déjà été dites mais je m associe aux marques de sympathie et de soutien qui ont déjà été formulées à l égard des peuples tunisien et égyptien ils représentent un symbole d espoir pour tous les défenseurs des libertés j ai également une pensée pour les victimes je voudrais maintenant dire que l union européenne qui on l a dit s est fait remarquer par son absence de réaction doit bien être aux côtés des peuples tunisien et égyptien pour les aider à mener à bien l ouverture de leur pays aux réformes et à instaurer la démocratie l union européenne a décidé d accompagner les dirigeants tunisiens pour engager une transition pacifique préparer l organisation des élections à venir pour gagner la liberté et aider le peuple tunisien à trouver la prospérité du développement et de la paix sociale une économie qui permettra à la jeunesse de trouver de l emploi je dirai pour terminer que l union pour la méditerranée a un défi important à relever parce que la révolution du jasmin a déclenché une vague dans tous les états du maghreb du proche orient et du moyen orient elle doit mettre en place une stratégie forte envers ces pays mais attention face à ce mouvement démocratique légitime l europe doit trouver un équilibre entre non ingérence dans les affaires intérieures soutien aux aspirations légitimes des peuples et stabilité 
fr,en.20120201.13.3-113-000,offline,,65.991125,3.7756605909999053,0.05721467229115893,"Madame Ashton, bonjour. Madagascar est l'un des pays les plus pauvres au monde, vit une crise politique dont l'issue passera par l'application de la feuille de route allant jusqu'aux élections présidentielles et législatives. La croissance de ce pays est négative. En temps normal, notre contribution à voisin les 50 % du budget de ce pays. L'Union européenne a suspendu à juste titre son appui budgétaire aux pins des neuvième et dixième Fonds, mais pas aux OMD. Pendant ce temps-là, la population souffre et les entreprises implantées en Madagascar sont parfois mises à contribution malgré elles. Tout en appuyant votre prise de position, nous souhaitons que vous pesiez de tout votre poids avec la SADC pour que l'imbroglio juridico-judiciaire concernant le retour de l'ancien président soit réglé au plus tôt, comme étant l'un des éléments les plus sensibles de l'application de cette feuille de route. Je souhaiterais votre avis sur le sujet et vous indique aussi que le groupe d'amitié Union européenne-Malagascar que nous venons de créer au Parlement européen est disponible pour œuvrer avec vous et la Commission dans l'intérêt du peuple malgache et dans la défense des valeurs de notre Union.","Madame la Haute représentante , Madagascar est l' un des pays les plus pauvres au monde et vit une crise politique dont l' issue passera par l' application de la feuille de route conduisant aux élections présidentielles et législatives . La croissance de ce pays est négative . En temps normal , notre contribution avoisine les 50 % du budget de ce pays . L' Union européenne a suspendu , à juste titre , son appui budgétaire aux programmes indicatifs nationaux ( PIN ) des 9e et 10e FED mais pas aux OMD . Pendant ce temps-là , la population souffre et les entreprises implantées à Madagascar sont parfois mises à contribution malgré elles .
Tout en appuyant votre prise de position , nous souhaitons que vous pesiez de tout votre poids , avec la SADC , pour que l' imbroglio juridico-judiciaire concernant le retour de l' ancien président soit réglé au plus tôt , ce sujet étant l' un des éléments les plus sensibles de l' application de cette feuille de route .
Je souhaiterais votre avis sur le sujet et vous indique aussi que le groupe d' amitié Union européenne-Madagascar , que nous venons de créer au Parlement européen , est disponible pour œuvrer avec vous et la Commission dans l' intérêt du peuple malgache et pour la défense des valeurs de notre Union .
",madame ashton bonjour madagascar est l un des pays les plus pauvres au monde vit une crise politique dont l issue passera par l application de la feuille de route allant jusqu aux élections présidentielles et législatives la croissance de ce pays est négative en temps normal notre contribution à voisin les 50 du budget de ce pays l union européenne a suspendu à juste titre son appui budgétaire aux pins des neuvième et dixième fonds mais pas aux omd pendant ce temps là la population souffre et les entreprises implantées en madagascar sont parfois mises à contribution malgré elles tout en appuyant votre prise de position nous souhaitons que vous pesiez de tout votre poids avec la sadc pour que l imbroglio juridico judiciaire concernant le retour de l ancien président soit réglé au plus tôt comme étant l un des éléments les plus sensibles de l application de cette feuille de route je souhaiterais votre avis sur le sujet et vous indique aussi que le groupe d amitié union européenne malagascar que nous venons de créer au parlement européen est disponible pour œuvrer avec vous et la commission dans l intérêt du peuple malgache et dans la défense des valeurs de notre union ,madame la haute représentante madagascar est l un des pays les plus pauvres au monde et vit une crise politique dont l issue passera par l application de la feuille de route conduisant aux élections présidentielles et législatives la croissance de ce pays est négative en temps normal notre contribution avoisine les 50 du budget de ce pays l union européenne a suspendu à juste titre son appui budgétaire aux programmes indicatifs nationaux des 9e et 10e fed mais pas aux omd pendant ce temps là la population souffre et les entreprises implantées à madagascar sont parfois mises à contribution malgré elles tout en appuyant votre prise de position nous souhaitons que vous pesiez de tout votre poids avec la sadc pour que l imbroglio juridico judiciaire concernant le retour de l ancien président soit réglé au plus tôt ce sujet étant l un des éléments les plus sensibles de l application de cette feuille de route je souhaiterais votre avis sur le sujet et vous indique aussi que le groupe d amitié union européenne madagascar que nous venons de créer au parlement européen est disponible pour œuvrer avec vous et la commission dans l intérêt du peuple malgache et pour la défense des valeurs de notre union 
fr,en.20120201.13.3-113-000,streaming,,65.991125,32.88615490700067,0.4983420862578214,"Madame Ashton, bonjour. Madagascar est l'un des pays les plus pauvres au monde. Vit une crise politique dont l'issue passera par l'application de la feuille de route allant jusqu'aux élections présidentielles et législatives. La croissance de ce pays est négative. En temps normal, notre contribution à voisin les 50 % du budget de ce pays. L'Union européenne a suspendu, à juste titre, son appui budgétaire aux îles des 9e et 10e Fend, mais pas aux OMD. Pendant ce temps-là, la population souffre et les entreprises implantées en Madagascar sont parfois mises à contribution malgré elles. Tout en appuyant votre prise de position, nous souhaitons que vous pesiez de tout votre poids avec la Cade pour que l'imbroglio juridico-judiciaire concernant le retour de l'ancien président soit réglé au plus tôt, comme étant l'un des éléments les plus sensibles de l'application de cette feuille de route. Je souhaiterais votre avis sur le sujet et vous indique aussi que le groupe d'amitié Union européenne-Madagascar que nous venons de créer au Parlement européen est disponible pour œuvrer avec vous et la Commission dans l'intérêt du peuple malgache et dans la défense des valeurs de notre Union.","Madame la Haute représentante , Madagascar est l' un des pays les plus pauvres au monde et vit une crise politique dont l' issue passera par l' application de la feuille de route conduisant aux élections présidentielles et législatives . La croissance de ce pays est négative . En temps normal , notre contribution avoisine les 50 % du budget de ce pays . L' Union européenne a suspendu , à juste titre , son appui budgétaire aux programmes indicatifs nationaux ( PIN ) des 9e et 10e FED mais pas aux OMD . Pendant ce temps-là , la population souffre et les entreprises implantées à Madagascar sont parfois mises à contribution malgré elles .
Tout en appuyant votre prise de position , nous souhaitons que vous pesiez de tout votre poids , avec la SADC , pour que l' imbroglio juridico-judiciaire concernant le retour de l' ancien président soit réglé au plus tôt , ce sujet étant l' un des éléments les plus sensibles de l' application de cette feuille de route .
Je souhaiterais votre avis sur le sujet et vous indique aussi que le groupe d' amitié Union européenne-Madagascar , que nous venons de créer au Parlement européen , est disponible pour œuvrer avec vous et la Commission dans l' intérêt du peuple malgache et pour la défense des valeurs de notre Union .
",madame ashton bonjour madagascar est l un des pays les plus pauvres au monde vit une crise politique dont l issue passera par l application de la feuille de route allant jusqu aux élections présidentielles et législatives la croissance de ce pays est négative en temps normal notre contribution à voisin les 50 du budget de ce pays l union européenne a suspendu à juste titre son appui budgétaire aux îles des 9e et 10e fend mais pas aux omd pendant ce temps là la population souffre et les entreprises implantées en madagascar sont parfois mises à contribution malgré elles tout en appuyant votre prise de position nous souhaitons que vous pesiez de tout votre poids avec la cade pour que l imbroglio juridico judiciaire concernant le retour de l ancien président soit réglé au plus tôt comme étant l un des éléments les plus sensibles de l application de cette feuille de route je souhaiterais votre avis sur le sujet et vous indique aussi que le groupe d amitié union européenne madagascar que nous venons de créer au parlement européen est disponible pour œuvrer avec vous et la commission dans l intérêt du peuple malgache et dans la défense des valeurs de notre union ,madame la haute représentante madagascar est l un des pays les plus pauvres au monde et vit une crise politique dont l issue passera par l application de la feuille de route conduisant aux élections présidentielles et législatives la croissance de ce pays est négative en temps normal notre contribution avoisine les 50 du budget de ce pays l union européenne a suspendu à juste titre son appui budgétaire aux programmes indicatifs nationaux des 9e et 10e fed mais pas aux omd pendant ce temps là la population souffre et les entreprises implantées à madagascar sont parfois mises à contribution malgré elles tout en appuyant votre prise de position nous souhaitons que vous pesiez de tout votre poids avec la sadc pour que l imbroglio juridico judiciaire concernant le retour de l ancien président soit réglé au plus tôt ce sujet étant l un des éléments les plus sensibles de l application de cette feuille de route je souhaiterais votre avis sur le sujet et vous indique aussi que le groupe d amitié union européenne madagascar que nous venons de créer au parlement européen est disponible pour œuvrer avec vous et la commission dans l intérêt du peuple malgache et pour la défense des valeurs de notre union 
fr,en.20110511.4.3-074-000,offline,,88.0036875,3.9110387769997033,0.04444176020464714,"Monsieur le Président, l'Union européenne vient enfin de prendre des sanctions à l'encontre de la Syrie, mais malheureusement elle semble le faire d'une main tremblante, en évitant soigneusement de mettre en cause la tête du régime syrien. Ce manque de détermination et de clarté est évidemment interprété par les manifestants comme une forme d'abandon et par le pouvoir comme une indulgence qui lui permet d'intensifier la répression, une répression si cruelle qu'on ne parvient pas à imaginer un instant qu'au même moment la Syrie puisse être élue pour siéger au Conseil des droits de l'homme de l'Organisation des Nations Unies, alors qu'aujourd'hui même les autorités syriennes refusent aux observateurs de l'ONU l'accès à la ville de Dera, théâtre de terribles violences exercées contre des civils sans défense. La Syrie au Conseil des droits de l'homme ce serait une insulte aux victimes et à leurs familles, un encouragement pour ce régime à utiliser la force brutale contre son peuple au mépris, justement, des valeurs dont le Conseil des droits de l'homme doit être le gardien. Alors, Madame la Haute Représentante, quelles options diplomatiques envisagez-vous pour éviter un tel désastre ?","Monsieur le Président , l ’ Union européenne vient enfin de prendre des sanctions à l ’ encontre de la Syrie . Mais , malheureusement , elle semble le faire d ’ une main tremblante en évitant soigneusement de mettre en cause la tête du régime syrien .
Ce manque de détermination et de clarté est évidemment interprété par les manifestants comme une forme d ’ abandon et , par le pouvoir , comme une indulgence qui lui permet d ’ intensifier la répression . Une répression si cruelle qu ’ on ne parvient pas à imaginer un instant qu ’ au même moment la Syrie puisse être élue pour siéger au Conseil des droits de l ’ homme de l ’ Organisation des Nations unies , alors qu ’ aujourd ’ hui même les autorités syriennes refusent aux observateurs de l ’ ONU l ’ accès à la ville de Deraa , théâtre de terribles violences exercées contre des civils sans défense .
La Syrie au Conseil des droits de l ’ homme , ce serait une insulte aux victimes et à leurs familles , un encouragement pour ce régime à utiliser la force brutale contre son peuple , au mépris , justement , des valeurs dont le Conseil des droits de l ’ homme doit être le gardien .
Alors , Madame la Haute représentante , quelles options diplomatiques envisagez-vous pour éviter un tel désastre ?
",monsieur le président l union européenne vient enfin de prendre des sanctions à l encontre de la syrie mais malheureusement elle semble le faire d une main tremblante en évitant soigneusement de mettre en cause la tête du régime syrien ce manque de détermination et de clarté est évidemment interprété par les manifestants comme une forme d abandon et par le pouvoir comme une indulgence qui lui permet d intensifier la répression une répression si cruelle qu on ne parvient pas à imaginer un instant qu au même moment la syrie puisse être élue pour siéger au conseil des droits de l homme de l organisation des nations unies alors qu aujourd hui même les autorités syriennes refusent aux observateurs de l onu l accès à la ville de dera théâtre de terribles violences exercées contre des civils sans défense la syrie au conseil des droits de l homme ce serait une insulte aux victimes et à leurs familles un encouragement pour ce régime à utiliser la force brutale contre son peuple au mépris justement des valeurs dont le conseil des droits de l homme doit être le gardien alors madame la haute représentante quelles options diplomatiques envisagez vous pour éviter un tel désastre ,monsieur le président l union européenne vient enfin de prendre des sanctions à l encontre de la syrie mais malheureusement elle semble le faire d une main tremblante en évitant soigneusement de mettre en cause la tête du régime syrien ce manque de détermination et de clarté est évidemment interprété par les manifestants comme une forme d abandon et par le pouvoir comme une indulgence qui lui permet d intensifier la répression une répression si cruelle qu on ne parvient pas à imaginer un instant qu au même moment la syrie puisse être élue pour siéger au conseil des droits de l homme de l organisation des nations unies alors qu aujourd hui même les autorités syriennes refusent aux observateurs de l onu l accès à la ville de deraa théâtre de terribles violences exercées contre des civils sans défense la syrie au conseil des droits de l homme ce serait une insulte aux victimes et à leurs familles un encouragement pour ce régime à utiliser la force brutale contre son peuple au mépris justement des valeurs dont le conseil des droits de l homme doit être le gardien alors madame la haute représentante quelles options diplomatiques envisagez vous pour éviter un tel désastre 
fr,en.20110511.4.3-074-000,streaming,,88.0036875,50.21742773799997,0.5706286766449414,"Monsieur le Président, l'Union européenne vient enfin de prendre des sanctions à l'encontre de la Syrie, mais malheureusement, elle semble le faire d'une main tremblante, en évitant soigneusement de mettre en cause la tête du régime syrien. Ce manque de détermination et de clarté est évidemment interprété par les manifestants comme une forme d'abandon et par le pouvoir comme une indulgence qui lui permet d'intensifier la répression. Une répression si cruelle qu'on ne parvient pas à imaginer un instant qu'au même moment, la Syrie puisse être élue pour siéger au Conseil des droits de l'homme de l'Organisation des Nations Unies, alors qu'aujourd'hui même, les autorités syriennes refusent aux observateurs de l'ONU l'accès à la ville de Dera, théâtre de terribles violences exercées contre des civils sans défense. La Syrie au Conseil des droits de l'homme, ce serait une insulte au visage de leurs victimes et à leurs familles, un encouragement pour ce régime à utiliser la force brutale contre son peuple au mépris, justement, des valeurs dont le Conseil des droits de l'homme doit être le gardien. Alors, Madame la Haute Représentante, quelles options diplomatiques envisagez-vous pour éviter un tel désastre ?","Monsieur le Président , l ’ Union européenne vient enfin de prendre des sanctions à l ’ encontre de la Syrie . Mais , malheureusement , elle semble le faire d ’ une main tremblante en évitant soigneusement de mettre en cause la tête du régime syrien .
Ce manque de détermination et de clarté est évidemment interprété par les manifestants comme une forme d ’ abandon et , par le pouvoir , comme une indulgence qui lui permet d ’ intensifier la répression . Une répression si cruelle qu ’ on ne parvient pas à imaginer un instant qu ’ au même moment la Syrie puisse être élue pour siéger au Conseil des droits de l ’ homme de l ’ Organisation des Nations unies , alors qu ’ aujourd ’ hui même les autorités syriennes refusent aux observateurs de l ’ ONU l ’ accès à la ville de Deraa , théâtre de terribles violences exercées contre des civils sans défense .
La Syrie au Conseil des droits de l ’ homme , ce serait une insulte aux victimes et à leurs familles , un encouragement pour ce régime à utiliser la force brutale contre son peuple , au mépris , justement , des valeurs dont le Conseil des droits de l ’ homme doit être le gardien .
Alors , Madame la Haute représentante , quelles options diplomatiques envisagez-vous pour éviter un tel désastre ?
",monsieur le président l union européenne vient enfin de prendre des sanctions à l encontre de la syrie mais malheureusement elle semble le faire d une main tremblante en évitant soigneusement de mettre en cause la tête du régime syrien ce manque de détermination et de clarté est évidemment interprété par les manifestants comme une forme d abandon et par le pouvoir comme une indulgence qui lui permet d intensifier la répression une répression si cruelle qu on ne parvient pas à imaginer un instant qu au même moment la syrie puisse être élue pour siéger au conseil des droits de l homme de l organisation des nations unies alors qu aujourd hui même les autorités syriennes refusent aux observateurs de l onu l accès à la ville de dera théâtre de terribles violences exercées contre des civils sans défense la syrie au conseil des droits de l homme ce serait une insulte au visage de leurs victimes et à leurs familles un encouragement pour ce régime à utiliser la force brutale contre son peuple au mépris justement des valeurs dont le conseil des droits de l homme doit être le gardien alors madame la haute représentante quelles options diplomatiques envisagez vous pour éviter un tel désastre ,monsieur le président l union européenne vient enfin de prendre des sanctions à l encontre de la syrie mais malheureusement elle semble le faire d une main tremblante en évitant soigneusement de mettre en cause la tête du régime syrien ce manque de détermination et de clarté est évidemment interprété par les manifestants comme une forme d abandon et par le pouvoir comme une indulgence qui lui permet d intensifier la répression une répression si cruelle qu on ne parvient pas à imaginer un instant qu au même moment la syrie puisse être élue pour siéger au conseil des droits de l homme de l organisation des nations unies alors qu aujourd hui même les autorités syriennes refusent aux observateurs de l onu l accès à la ville de deraa théâtre de terribles violences exercées contre des civils sans défense la syrie au conseil des droits de l homme ce serait une insulte aux victimes et à leurs familles un encouragement pour ce régime à utiliser la force brutale contre son peuple au mépris justement des valeurs dont le conseil des droits de l homme doit être le gardien alors madame la haute représentante quelles options diplomatiques envisagez vous pour éviter un tel désastre 
fr,en.20100616.27.3-388,offline,,81.9665,3.3703115680000337,0.04111815885758247,"Monsieur le Président, Madame la Haute Représentante, cette attaque de navires civils par les commandos israéliens exige évidemment une enquête impartiale et crédible. Mais quel crédit pourrions-nous accorder à une commission qui serait à la fois juge et partie ? Cette attaque s'est produite dans les eaux internationales. Elle concerne donc la communauté internationale. Elle intéresse en particulier l'Europe, rivaine de la Méditerranée, l'Europe qui devrait se faire entendre davantage et s'impliquer plus fortement dans la recherche d'une solution politique basée sur deux États ayant chacun Jérusalem pour capitale. L'Europe fait des efforts financiers considérables pour contribuer au développement des territoires palestiniens, mais malheureusement, elle est trop absente du processus politique qui devrait conduire à la création de cet État palestinien. La bonne volonté financière et budgétaire que nous manifestons ne suffit pas. Nous devons aussi exprimer une volonté politique et prendre les moyens de nous faire entendre. Merci.","Monsieur le Président , Madame la Haute représentante , cette attaque de navires civils par les commandos israéliens exige évidemment une enquête impartiale et crédible . Mais quel crédit pourrions-nous accorder à une commission qui serait à la fois juge et partie . Cette attaque s' est produite dans les eaux internationales , elle concerne donc la communauté internationale , elle intéresse en particulier l' Europe , riveraine de la Méditerranée .
L' Europe qui devrait se faire entendre davantage et s' impliquer plus fortement dans la recherche d' une solution politique basée sur deux États ayant chacun Jérusalem pour capitale . L' Europe fait des efforts financiers considérables pour contribuer au développement des territoires palestiniens , mais , malheureusement , elle est trop absente du processus politique qui devrait conduire à la création de cet État palestinien .
La bonne volonté financière et budgétaire que nous manifestons ne suffit pas . Nous devons aussi exprimer une volonté politique et nous donner les moyens de nous faire entendre .
",monsieur le président madame la haute représentante cette attaque de navires civils par les commandos israéliens exige évidemment une enquête impartiale et crédible mais quel crédit pourrions nous accorder à une commission qui serait à la fois juge et partie cette attaque s est produite dans les eaux internationales elle concerne donc la communauté internationale elle intéresse en particulier l europe rivaine de la méditerranée l europe qui devrait se faire entendre davantage et s impliquer plus fortement dans la recherche d une solution politique basée sur deux états ayant chacun jérusalem pour capitale l europe fait des efforts financiers considérables pour contribuer au développement des territoires palestiniens mais malheureusement elle est trop absente du processus politique qui devrait conduire à la création de cet état palestinien la bonne volonté financière et budgétaire que nous manifestons ne suffit pas nous devons aussi exprimer une volonté politique et prendre les moyens de nous faire entendre merci ,monsieur le président madame la haute représentante cette attaque de navires civils par les commandos israéliens exige évidemment une enquête impartiale et crédible mais quel crédit pourrions nous accorder à une commission qui serait à la fois juge et partie cette attaque s est produite dans les eaux internationales elle concerne donc la communauté internationale elle intéresse en particulier l europe riveraine de la méditerranée l europe qui devrait se faire entendre davantage et s impliquer plus fortement dans la recherche d une solution politique basée sur deux états ayant chacun jérusalem pour capitale l europe fait des efforts financiers considérables pour contribuer au développement des territoires palestiniens mais malheureusement elle est trop absente du processus politique qui devrait conduire à la création de cet état palestinien la bonne volonté financière et budgétaire que nous manifestons ne suffit pas nous devons aussi exprimer une volonté politique et nous donner les moyens de nous faire entendre 
fr,en.20100616.27.3-388,streaming,,81.9665,44.55385845800083,0.543561802175289,"Monsieur le Président, Madame la Haute Représentante, cette attaque de navires civils par les commandos israéliens exige évidemment une enquête impartiale et crédible. Mais quelle crédibilité pour les autorités européennes pourraient-elles accorder à une commission qui serait à la fois juge et partie ? Cette attaque s'est produite dans les eaux internationales. Elle concerne donc la communauté internationale. Elle intéresse en particulier les États membres de l'Union européenne, l'Europe, rivraigne de la Méditerranée. L'Europe qui devrait se faire entendre davantage et s'impliquer plus fortement dans la recherche d'une solution politique basée sur deux États ayant chacun Jérusalem pour capitale. L'Europe fait des efforts financiers considérables pour contribuer à la mise en œuvre d'un plan d'aide à l'industrie et à l'agriculture dans les territoires palestiniens. Mais malheureusement, elle est trop absente du processus politique qui doit aboutir à la création d'un État palestinien. La bonne volonté financière et budgétaire que nous manifestons ne suffit pas. Nous devons aussi exprimer une volonté politique et prendre les moyens de nous faire entendre.","Monsieur le Président , Madame la Haute représentante , cette attaque de navires civils par les commandos israéliens exige évidemment une enquête impartiale et crédible . Mais quel crédit pourrions-nous accorder à une commission qui serait à la fois juge et partie . Cette attaque s' est produite dans les eaux internationales , elle concerne donc la communauté internationale , elle intéresse en particulier l' Europe , riveraine de la Méditerranée .
L' Europe qui devrait se faire entendre davantage et s' impliquer plus fortement dans la recherche d' une solution politique basée sur deux États ayant chacun Jérusalem pour capitale . L' Europe fait des efforts financiers considérables pour contribuer au développement des territoires palestiniens , mais , malheureusement , elle est trop absente du processus politique qui devrait conduire à la création de cet État palestinien .
La bonne volonté financière et budgétaire que nous manifestons ne suffit pas . Nous devons aussi exprimer une volonté politique et nous donner les moyens de nous faire entendre .
",monsieur le président madame la haute représentante cette attaque de navires civils par les commandos israéliens exige évidemment une enquête impartiale et crédible mais quelle crédibilité pour les autorités européennes pourraient elles accorder à une commission qui serait à la fois juge et partie cette attaque s est produite dans les eaux internationales elle concerne donc la communauté internationale elle intéresse en particulier les états membres de l union européenne l europe rivraigne de la méditerranée l europe qui devrait se faire entendre davantage et s impliquer plus fortement dans la recherche d une solution politique basée sur deux états ayant chacun jérusalem pour capitale l europe fait des efforts financiers considérables pour contribuer à la mise en œuvre d un plan d aide à l industrie et à l agriculture dans les territoires palestiniens mais malheureusement elle est trop absente du processus politique qui doit aboutir à la création d un état palestinien la bonne volonté financière et budgétaire que nous manifestons ne suffit pas nous devons aussi exprimer une volonté politique et prendre les moyens de nous faire entendre ,monsieur le président madame la haute représentante cette attaque de navires civils par les commandos israéliens exige évidemment une enquête impartiale et crédible mais quel crédit pourrions nous accorder à une commission qui serait à la fois juge et partie cette attaque s est produite dans les eaux internationales elle concerne donc la communauté internationale elle intéresse en particulier l europe riveraine de la méditerranée l europe qui devrait se faire entendre davantage et s impliquer plus fortement dans la recherche d une solution politique basée sur deux états ayant chacun jérusalem pour capitale l europe fait des efforts financiers considérables pour contribuer au développement des territoires palestiniens mais malheureusement elle est trop absente du processus politique qui devrait conduire à la création de cet état palestinien la bonne volonté financière et budgétaire que nous manifestons ne suffit pas nous devons aussi exprimer une volonté politique et nous donner les moyens de nous faire entendre 
fr,en.20090917.2.4-018,offline,,88.978875,5.2413307709994115,0.05890533872224628,"Monsieur, bonjour, Madame la Présidente, bonjour, Madame la Commissaire. Bon, je vais être court. Je pense qu'il y a deux éléments dans ce débat : la question conjoncturelle, comment sortir de cette crise, et toutes les mesures qui vont à la fois à l'aide des agriculteurs aux mesures d'intervention sont nécessaires et absolument nécessaires. Il faut les soutenir et même envisager qu'elles soient plus importantes. C'est ce que nous proposons avec un certain nombre de collègues ici au Parlement. Puis, deuxièmement, il y a une question posée de manière structurelle sur la gestion du marché du lait. Et c'est là qu'il y a une divergence avec vous, Madame la Commissaire. Vous proposez d'aller dans le sens de la contractualisation. Je vous le dis par avance, contractualiser entre industriels et agriculteurs, à terme, les industries étant concurrentielles entre elles, fera qu'on engagera une concurrence à l'échelle de l'Europe. Nous avons besoin, pour réguler un marché, d'une régulation publique. Il n'y a pas d'autres alternatives. C'est là que le débat devra s'engager après cette crise. Et je pense que sur ce débat-là, il faut respecter toutes les opinions et toutes les options. Et je crains que nous soyons allés trop vite au moment du bilan de santé pour régler une question comme les quotas, qui, jusqu'ici, je le dis à tous ceux qui sont intervenus, ont permis à la fois de maintenir une production laitière en Europe, d'assurer une industrie laitière extrêmement développée et, en même temps, d'assurer un prix pour les consommateurs qui était jusqu'ici tout à fait supportable. Merci, Madame la Commissaire.","Madame la Présidente , Madame la Commissaire , je vais être court .
Je pense qu ’ il y a deux éléments dans ce débat . La question conjoncturelle : comment sortir de cette crise ? Toutes les mesures qui vont de l ’ aide aux agriculteurs aux mesures d ’ intervention sont nécessaires et absolument nécessaires . Il faut les soutenir et même envisager qu ’ elles soient plus importantes . C ’ est ce que nous proposons avec un certain nombre de collègues , ici , au Parlement .
Puis , deuxièmement , il y a une question posée de manière structurelle sur la gestion du marché du lait , et c ’ est là qu ’ il y a une divergence avec vous , Madame la Commissaire . Vous proposez d ’ aller dans le sens de la contractualisation . Je vous le dis par avance : contractualiser entre industriels et agriculteurs fera qu ’ on engagera , à terme , les industries étant concurrentielles entre elles , une concurrence à l ’ échelle de l ’ Europe .
Nous avons besoin , pour réguler un marché , d ’ une régulation publique . Il n ’ y a pas d ’ autre solution . C ’ est là que le débat devra s ’ engager après cette crise . Je pense que sur ce débat-là , il faut respecter toutes les opinions et toutes les options , et je crains que nous soyons allés trop vite au moment du bilan de santé pour régler une question comme les quotas , qui jusqu ’ ici , je le dis à tous ceux qui sont intervenus , ont permis à la fois de maintenir une production laitière en Europe , d ’ assurer une industrie laitière extrêmement développée et , en même temps , de préserver un prix pour les consommateurs , qui était jusqu ’ ici tout à fait supportable .
",monsieur bonjour madame la présidente bonjour madame la commissaire bon je vais être court je pense qu il y a deux éléments dans ce débat la question conjoncturelle comment sortir de cette crise et toutes les mesures qui vont à la fois à l aide des agriculteurs aux mesures d intervention sont nécessaires et absolument nécessaires il faut les soutenir et même envisager qu elles soient plus importantes c est ce que nous proposons avec un certain nombre de collègues ici au parlement puis deuxièmement il y a une question posée de manière structurelle sur la gestion du marché du lait et c est là qu il y a une divergence avec vous madame la commissaire vous proposez d aller dans le sens de la contractualisation je vous le dis par avance contractualiser entre industriels et agriculteurs à terme les industries étant concurrentielles entre elles fera qu on engagera une concurrence à l échelle de l europe nous avons besoin pour réguler un marché d une régulation publique il n y a pas d autres alternatives c est là que le débat devra s engager après cette crise et je pense que sur ce débat là il faut respecter toutes les opinions et toutes les options et je crains que nous soyons allés trop vite au moment du bilan de santé pour régler une question comme les quotas qui jusqu ici je le dis à tous ceux qui sont intervenus ont permis à la fois de maintenir une production laitière en europe d assurer une industrie laitière extrêmement développée et en même temps d assurer un prix pour les consommateurs qui était jusqu ici tout à fait supportable merci madame la commissaire ,madame la présidente madame la commissaire je vais être court je pense qu il y a deux éléments dans ce débat la question conjoncturelle comment sortir de cette crise toutes les mesures qui vont de l aide aux agriculteurs aux mesures d intervention sont nécessaires et absolument nécessaires il faut les soutenir et même envisager qu elles soient plus importantes c est ce que nous proposons avec un certain nombre de collègues ici au parlement puis deuxièmement il y a une question posée de manière structurelle sur la gestion du marché du lait et c est là qu il y a une divergence avec vous madame la commissaire vous proposez d aller dans le sens de la contractualisation je vous le dis par avance contractualiser entre industriels et agriculteurs fera qu on engagera à terme les industries étant concurrentielles entre elles une concurrence à l échelle de l europe nous avons besoin pour réguler un marché d une régulation publique il n y a pas d autre solution c est là que le débat devra s engager après cette crise je pense que sur ce débat là il faut respecter toutes les opinions et toutes les options et je crains que nous soyons allés trop vite au moment du bilan de santé pour régler une question comme les quotas qui jusqu ici je le dis à tous ceux qui sont intervenus ont permis à la fois de maintenir une production laitière en europe d assurer une industrie laitière extrêmement développée et en même temps de préserver un prix pour les consommateurs qui était jusqu ici tout à fait supportable 
fr,en.20090917.2.4-018,streaming,,88.978875,55.919792272999985,0.6284614440562435,"Monsieur, bonjour, Madame la Présidente, bonjour, Madame la Commissaire. Bon, je vais être court. Je pense qu'il y a deux éléments dans ce débat : la question conjoncturelle, comment sortir de cette crise, et toutes les mesures qui vont à la fois à l'aide des agriculteurs aux mesures d'intervention sont nécessaires et absolument nécessaires. Il faut les soutenir et même envisager qu'elles soient plus importantes. C'est ce que nous proposons avec un certain nombre de collègues ici au Parlement. Puis, deuxièmement, il y a une question posée de manière structurelle sur la gestion du marché du lait, et c'est là qu'il y a une divergence avec vous, Madame la Commissaire. Vous proposez d'aller dans le sens de la contractualisation. Je vous le dis par avance : contractualiser entre industriels et agriculteurs à terme, les industries étant concurrentielles entre elles, fera qu'on engagera une concurrence à l'échelle de l'Europe. Nous avons besoin pour réguler un marché d'une régulation publique. Il n'y a pas d'autres alternatives. C'est là que le débat devra s'engager après cette crise. Et je pense que sur ce débat-là, il faut respecter toutes les opinions et toutes les options. Et je crains que nous soyons allés trop vite au moment du bilan de santé pour régler une question comme les quotas, qui jusqu'ici, je le dis à tous ceux qui sont intervenus, ont permis à la fois de maintenir une production laitière en Europe, d'assurer une industrie laitière extrêmement développée et en même temps d'assurer un prix pour les consommateurs qui était jusqu'ici tout à fait supportable. Merci, Madame la Commissaire.","Madame la Présidente , Madame la Commissaire , je vais être court .
Je pense qu ’ il y a deux éléments dans ce débat . La question conjoncturelle : comment sortir de cette crise ? Toutes les mesures qui vont de l ’ aide aux agriculteurs aux mesures d ’ intervention sont nécessaires et absolument nécessaires . Il faut les soutenir et même envisager qu ’ elles soient plus importantes . C ’ est ce que nous proposons avec un certain nombre de collègues , ici , au Parlement .
Puis , deuxièmement , il y a une question posée de manière structurelle sur la gestion du marché du lait , et c ’ est là qu ’ il y a une divergence avec vous , Madame la Commissaire . Vous proposez d ’ aller dans le sens de la contractualisation . Je vous le dis par avance : contractualiser entre industriels et agriculteurs fera qu ’ on engagera , à terme , les industries étant concurrentielles entre elles , une concurrence à l ’ échelle de l ’ Europe .
Nous avons besoin , pour réguler un marché , d ’ une régulation publique . Il n ’ y a pas d ’ autre solution . C ’ est là que le débat devra s ’ engager après cette crise . Je pense que sur ce débat-là , il faut respecter toutes les opinions et toutes les options , et je crains que nous soyons allés trop vite au moment du bilan de santé pour régler une question comme les quotas , qui jusqu ’ ici , je le dis à tous ceux qui sont intervenus , ont permis à la fois de maintenir une production laitière en Europe , d ’ assurer une industrie laitière extrêmement développée et , en même temps , de préserver un prix pour les consommateurs , qui était jusqu ’ ici tout à fait supportable .
",monsieur bonjour madame la présidente bonjour madame la commissaire bon je vais être court je pense qu il y a deux éléments dans ce débat la question conjoncturelle comment sortir de cette crise et toutes les mesures qui vont à la fois à l aide des agriculteurs aux mesures d intervention sont nécessaires et absolument nécessaires il faut les soutenir et même envisager qu elles soient plus importantes c est ce que nous proposons avec un certain nombre de collègues ici au parlement puis deuxièmement il y a une question posée de manière structurelle sur la gestion du marché du lait et c est là qu il y a une divergence avec vous madame la commissaire vous proposez d aller dans le sens de la contractualisation je vous le dis par avance contractualiser entre industriels et agriculteurs à terme les industries étant concurrentielles entre elles fera qu on engagera une concurrence à l échelle de l europe nous avons besoin pour réguler un marché d une régulation publique il n y a pas d autres alternatives c est là que le débat devra s engager après cette crise et je pense que sur ce débat là il faut respecter toutes les opinions et toutes les options et je crains que nous soyons allés trop vite au moment du bilan de santé pour régler une question comme les quotas qui jusqu ici je le dis à tous ceux qui sont intervenus ont permis à la fois de maintenir une production laitière en europe d assurer une industrie laitière extrêmement développée et en même temps d assurer un prix pour les consommateurs qui était jusqu ici tout à fait supportable merci madame la commissaire ,madame la présidente madame la commissaire je vais être court je pense qu il y a deux éléments dans ce débat la question conjoncturelle comment sortir de cette crise toutes les mesures qui vont de l aide aux agriculteurs aux mesures d intervention sont nécessaires et absolument nécessaires il faut les soutenir et même envisager qu elles soient plus importantes c est ce que nous proposons avec un certain nombre de collègues ici au parlement puis deuxièmement il y a une question posée de manière structurelle sur la gestion du marché du lait et c est là qu il y a une divergence avec vous madame la commissaire vous proposez d aller dans le sens de la contractualisation je vous le dis par avance contractualiser entre industriels et agriculteurs fera qu on engagera à terme les industries étant concurrentielles entre elles une concurrence à l échelle de l europe nous avons besoin pour réguler un marché d une régulation publique il n y a pas d autre solution c est là que le débat devra s engager après cette crise je pense que sur ce débat là il faut respecter toutes les opinions et toutes les options et je crains que nous soyons allés trop vite au moment du bilan de santé pour régler une question comme les quotas qui jusqu ici je le dis à tous ceux qui sont intervenus ont permis à la fois de maintenir une production laitière en europe d assurer une industrie laitière extrêmement développée et en même temps de préserver un prix pour les consommateurs qui était jusqu ici tout à fait supportable 
de,en.20110609.5.4-065-000,offline,,39.0095625,2.1824612519994844,0.05594682719139658,"Erstens habe ich deshalb so aufgeregt reagiert, weil ich mich immer noch ärgere darüber, dass wir es nicht geschafft haben, eine gemeinsame Resolution zur Sicherheit hier hinzubekommen, weil die Verabsolutierung einer Position wichtiger war als die Gemeinsamkeit. Zweitens habe ich damals in der Debatte und erkläre das jetzt auch nochmal, erklärt, dass auch ich dazugelernt habe und heute sehe, dass wir im Bereich von mehr Sicherheitsbestimmungen für europäische Kernkraftwerke mehr tun müssen, mehr Druck machen müssen, mehr Initiative zeigen müssen. Genau deshalb war ich für die gemeinsame Resolution und deshalb bin ich dafür, dass dem Kommissar den Rücken stärken und nicht permanent angreifen.","Erstens habe ich deshalb so aufgeregt reagiert , weil ich mich immer noch darüber ärgere , dass wir es nicht geschafft haben , eine Gemeinsame Entschließung zur Sicherheit hinzubekommen , weil die Verabsolutierung einer Position wichtiger war als die Gemeinsamkeit .
Zweitens habe ich damals in der Debatte erklärt – und ich erkläre das hier auch nochmals – , dass auch ich dazugelernt habe und heute sehe , dass wir im Bereich von höherer Sicherheitsbestimmungen für europäische Kernkraftwerke mehr tun müssen , mehr Druck machen müssen , mehr Initiative zeigen müssen .
Genau deshalb war ich für die Gemeinsame Entschließung , und deshalb bin ich dafür , dass wir dem Kommissar den Rücken stärken und ihn nicht permanent angreifen !
",erstens habe ich deshalb so aufgeregt reagiert weil ich mich immer noch ärgere darüber dass wir es nicht geschafft haben eine gemeinsame resolution zur sicherheit hier hinzubekommen weil die verabsolutierung einer position wichtiger war als die gemeinsamkeit zweitens habe ich damals in der debatte und erkläre das jetzt auch nochmal erklärt dass auch ich dazugelernt habe und heute sehe dass wir im bereich von mehr sicherheitsbestimmungen für europäische kernkraftwerke mehr tun müssen mehr druck machen müssen mehr initiative zeigen müssen genau deshalb war ich für die gemeinsame resolution und deshalb bin ich dafür dass dem kommissar den rücken stärken und nicht permanent angreifen ,erstens habe ich deshalb so aufgeregt reagiert weil ich mich immer noch darüber ärgere dass wir es nicht geschafft haben eine gemeinsame entschließung zur sicherheit hinzubekommen weil die verabsolutierung einer position wichtiger war als die gemeinsamkeit zweitens habe ich damals in der debatte erklärt und ich erkläre das hier auch nochmals dass auch ich dazugelernt habe und heute sehe dass wir im bereich von höherer sicherheitsbestimmungen für europäische kernkraftwerke mehr tun müssen mehr druck machen müssen mehr initiative zeigen müssen genau deshalb war ich für die gemeinsame entschließung und deshalb bin ich dafür dass wir dem kommissar den rücken stärken und ihn nicht permanent angreifen 
de,en.20110609.5.4-065-000,streaming,,39.0095625,15.521854107999388,0.3978986974796087,"Erstens habe ich deshalb so aufgeregt reagiert, weil ich mich immer noch ärgere darüber, dass wir es nicht geschafft haben, eine gemeinsame Resolution zur Sicherheit hier hinzubekommen, weil die Verabsolutierung einer Position wichtiger war als die Gemeinsamkeit. Zweitens habe ich damals in der Debatte und erkläre das jetzt auch nochmal erklärt, dass auch ich dazugelernt habe und heute sehe, dass wir im Bereich von mehr Sicherheitsbestimmungen für europäische Kernkraftwerke mehr tun müssen, mehr Druck machen müssen, mehr Initiative zeigen müssen. Genau deshalb war ich für die gemeinsame Resolution und deshalb bin ich dafür, dass dem Kommissar den Rücken stärken und nicht permanent angreifen.","Erstens habe ich deshalb so aufgeregt reagiert , weil ich mich immer noch darüber ärgere , dass wir es nicht geschafft haben , eine Gemeinsame Entschließung zur Sicherheit hinzubekommen , weil die Verabsolutierung einer Position wichtiger war als die Gemeinsamkeit .
Zweitens habe ich damals in der Debatte erklärt – und ich erkläre das hier auch nochmals – , dass auch ich dazugelernt habe und heute sehe , dass wir im Bereich von höherer Sicherheitsbestimmungen für europäische Kernkraftwerke mehr tun müssen , mehr Druck machen müssen , mehr Initiative zeigen müssen .
Genau deshalb war ich für die Gemeinsame Entschließung , und deshalb bin ich dafür , dass wir dem Kommissar den Rücken stärken und ihn nicht permanent angreifen !
",erstens habe ich deshalb so aufgeregt reagiert weil ich mich immer noch ärgere darüber dass wir es nicht geschafft haben eine gemeinsame resolution zur sicherheit hier hinzubekommen weil die verabsolutierung einer position wichtiger war als die gemeinsamkeit zweitens habe ich damals in der debatte und erkläre das jetzt auch nochmal erklärt dass auch ich dazugelernt habe und heute sehe dass wir im bereich von mehr sicherheitsbestimmungen für europäische kernkraftwerke mehr tun müssen mehr druck machen müssen mehr initiative zeigen müssen genau deshalb war ich für die gemeinsame resolution und deshalb bin ich dafür dass dem kommissar den rücken stärken und nicht permanent angreifen ,erstens habe ich deshalb so aufgeregt reagiert weil ich mich immer noch darüber ärgere dass wir es nicht geschafft haben eine gemeinsame entschließung zur sicherheit hinzubekommen weil die verabsolutierung einer position wichtiger war als die gemeinsamkeit zweitens habe ich damals in der debatte erklärt und ich erkläre das hier auch nochmals dass auch ich dazugelernt habe und heute sehe dass wir im bereich von höherer sicherheitsbestimmungen für europäische kernkraftwerke mehr tun müssen mehr druck machen müssen mehr initiative zeigen müssen genau deshalb war ich für die gemeinsame entschließung und deshalb bin ich dafür dass wir dem kommissar den rücken stärken und ihn nicht permanent angreifen 
de,en.20080924.5.3-076,offline,,37.012625,2.2341880929998297,0.060362865184510145,"Herr Präsident! Indien und Europa brauchen mehr und bessere Kontakte miteinander auf allen Ebenen, vor allem auch auf dem Niveau von sogenannten normalen Menschen, Geschäftsreisenden, Touristen, Studenten usw. Eine kurze Anmerkung dazu: Sie hat auch für das Gesetzgebungsprogramm der Kommission, über das wir vorher diskutiert haben, Bedeutung. Im weltweiten Flugverkehr brauchen wir gute Sicherheitsvorschriften, solche, die etwas bringen und keine bloßen Alibimasnahmen. Es wäre daher eine vernünftige, wirklich notwendige Maßnahme, endlich die sinnlosen Liquidsvorschriften einmal aufzuheben und sich was Besseres einfallen zu lassen.","Herr Präsident ! Indien und Europa brauchen mehr und bessere Kontakte miteinander auf allen Ebenen , vor allem auch auf dem Niveau von so genannten normalen Menschen : Geschäftsreisende , Touristen , Studenten usw.
Eine kurze Anmerkung dazu – sie hat auch für das Gesetzgebungsprogramm der Kommission , über das wir vorher diskutiert haben , Bedeutung . Im weltweiten Flugverkehr brauchen wir gute Sicherheitsvorschriften , solche , die etwas bringen , und keine bloßen Alibimaßnahmen . Es wäre daher eine vernünftige , wirklich notwendige Maßnahme , endlich einmal die sinnlosen Vorschriften für das Mitführen von Flüssigkeiten aufzuheben und sich etwas Besseres einfallen zu lassen .
",herr präsident indien und europa brauchen mehr und bessere kontakte miteinander auf allen ebenen vor allem auch auf dem niveau von sogenannten normalen menschen geschäftsreisenden touristen studenten usw eine kurze anmerkung dazu sie hat auch für das gesetzgebungsprogramm der kommission über das wir vorher diskutiert haben bedeutung im weltweiten flugverkehr brauchen wir gute sicherheitsvorschriften solche die etwas bringen und keine bloßen alibimasnahmen es wäre daher eine vernünftige wirklich notwendige maßnahme endlich die sinnlosen liquidsvorschriften einmal aufzuheben und sich was besseres einfallen zu lassen ,herr präsident indien und europa brauchen mehr und bessere kontakte miteinander auf allen ebenen vor allem auch auf dem niveau von so genannten normalen menschen geschäftsreisende touristen studenten usw eine kurze anmerkung dazu sie hat auch für das gesetzgebungsprogramm der kommission über das wir vorher diskutiert haben bedeutung im weltweiten flugverkehr brauchen wir gute sicherheitsvorschriften solche die etwas bringen und keine bloßen alibimaßnahmen es wäre daher eine vernünftige wirklich notwendige maßnahme endlich einmal die sinnlosen vorschriften für das mitführen von flüssigkeiten aufzuheben und sich etwas besseres einfallen zu lassen 
de,en.20080924.5.3-076,streaming,,37.012625,14.588918270999784,0.3941605944187905,"Danke, Herr Präsident. Indien und Europa brauchen mehr und bessere Kontakte miteinander auf allen Ebenen, vor allem auch auf dem Niveau von sogenannten Normalen Menschen, Geschäftsreisenden, Touristen, Studenten usw. Eine kurze Anmerkung dazu: Sie hat auch für das Gesetzgebungsprogramm der Kommission, über das wir vorher diskutiert haben, Bedeutung. Im weltweiten Flugverkehr brauchen wir gute Sicherheitsvorschriften, solche, die etwas bringen und keine bloßen Alibi-Maßnahmen. Es wäre daher eine vernünftige, wirklich notwendige Maßnahme, endlich die sinnlosen Legacies-Vorschriften einmal aufzuheben und sich was Besseres einfallen zu lassen.","Herr Präsident ! Indien und Europa brauchen mehr und bessere Kontakte miteinander auf allen Ebenen , vor allem auch auf dem Niveau von so genannten normalen Menschen : Geschäftsreisende , Touristen , Studenten usw.
Eine kurze Anmerkung dazu – sie hat auch für das Gesetzgebungsprogramm der Kommission , über das wir vorher diskutiert haben , Bedeutung . Im weltweiten Flugverkehr brauchen wir gute Sicherheitsvorschriften , solche , die etwas bringen , und keine bloßen Alibimaßnahmen . Es wäre daher eine vernünftige , wirklich notwendige Maßnahme , endlich einmal die sinnlosen Vorschriften für das Mitführen von Flüssigkeiten aufzuheben und sich etwas Besseres einfallen zu lassen .
",danke herr präsident indien und europa brauchen mehr und bessere kontakte miteinander auf allen ebenen vor allem auch auf dem niveau von sogenannten normalen menschen geschäftsreisenden touristen studenten usw eine kurze anmerkung dazu sie hat auch für das gesetzgebungsprogramm der kommission über das wir vorher diskutiert haben bedeutung im weltweiten flugverkehr brauchen wir gute sicherheitsvorschriften solche die etwas bringen und keine bloßen alibi maßnahmen es wäre daher eine vernünftige wirklich notwendige maßnahme endlich die sinnlosen legacies vorschriften einmal aufzuheben und sich was besseres einfallen zu lassen ,herr präsident indien und europa brauchen mehr und bessere kontakte miteinander auf allen ebenen vor allem auch auf dem niveau von so genannten normalen menschen geschäftsreisende touristen studenten usw eine kurze anmerkung dazu sie hat auch für das gesetzgebungsprogramm der kommission über das wir vorher diskutiert haben bedeutung im weltweiten flugverkehr brauchen wir gute sicherheitsvorschriften solche die etwas bringen und keine bloßen alibimaßnahmen es wäre daher eine vernünftige wirklich notwendige maßnahme endlich einmal die sinnlosen vorschriften für das mitführen von flüssigkeiten aufzuheben und sich etwas besseres einfallen zu lassen 
de,en.20090506.41.3-443,offline,,60.000375,2.9182887910010322,0.048637842530168056,"Frau Vizepräsidentin, auf die heutige Entscheidung des tschechischen Senats, die wir mit sehr großer Freude begrüßen und herzlich gratulieren, reagierte der Präsident Klaus unter anderem mit der Behauptung, der Lissabon-Vertrag sei trotzdem tot, weil durch das Referendum in Irland abgelehnt. Damit reitet er als politischer Zombie eine Attacke gegen Mehrheitsentscheidungen des eigenen Parlaments und des Senats und bestätigt seine unriemliche und sektiererische Haltung auch in anderen Bereichen der Politik. Zum Glück macht er sich nach den positiven Abstimmungen nur selbst lächerlich. Wir Grüne stehen dem europäischen Integrationsprozess positiv und konstruktiv gegenüber, natürlich auch mit kritischen Bemerkungen, wo es notwendig ist. Nochmals herzlichen Dank dem tschechischen Senat, Parlament und Regierung.","Herr Präsident , Frau Vizepräsidentin ! Auf die heutige Entscheidung des tschechischen Senats , die wir mit sehr großer Freude begrüßen und zu der wir herzlich gratulieren , reagierte Präsident Klaus unter anderem mit der Behauptung , der Lissabon-Vertrag sei trotzdem tot , weil er durch das Referendum in Irland abgelehnt wurde .
Damit reitet er als politischer Zombie eine Attacke gegen Mehrheitsentscheidungen des eigenen Parlaments und des Senats und bestätigt seine unrühmliche und sektiererische Haltung auch in anderen Bereichen der Politik . Zum Glück macht er sich nach den positiven Abstimmungen nur selbst lächerlich . Wir Grüne stehen dem europäischen Integrationsprozess positiv und konstruktiv gegenüber , natürlich auch mit kritischen Bemerkungen , wo es notwendig ist .
Nochmals herzlichen Dank dem tschechischen Senat , dem Parlament und der Regierung !
",frau vizepräsidentin auf die heutige entscheidung des tschechischen senats die wir mit sehr großer freude begrüßen und herzlich gratulieren reagierte der präsident klaus unter anderem mit der behauptung der lissabon vertrag sei trotzdem tot weil durch das referendum in irland abgelehnt damit reitet er als politischer zombie eine attacke gegen mehrheitsentscheidungen des eigenen parlaments und des senats und bestätigt seine unriemliche und sektiererische haltung auch in anderen bereichen der politik zum glück macht er sich nach den positiven abstimmungen nur selbst lächerlich wir grüne stehen dem europäischen integrationsprozess positiv und konstruktiv gegenüber natürlich auch mit kritischen bemerkungen wo es notwendig ist nochmals herzlichen dank dem tschechischen senat parlament und regierung ,herr präsident frau vizepräsidentin auf die heutige entscheidung des tschechischen senats die wir mit sehr großer freude begrüßen und zu der wir herzlich gratulieren reagierte präsident klaus unter anderem mit der behauptung der lissabon vertrag sei trotzdem tot weil er durch das referendum in irland abgelehnt wurde damit reitet er als politischer zombie eine attacke gegen mehrheitsentscheidungen des eigenen parlaments und des senats und bestätigt seine unrühmliche und sektiererische haltung auch in anderen bereichen der politik zum glück macht er sich nach den positiven abstimmungen nur selbst lächerlich wir grüne stehen dem europäischen integrationsprozess positiv und konstruktiv gegenüber natürlich auch mit kritischen bemerkungen wo es notwendig ist nochmals herzlichen dank dem tschechischen senat dem parlament und der regierung 
de,en.20090506.41.3-443,streaming,,60.000375,29.103849111001182,0.48506112021801834,"Frau Vizepräsidentin, auf die heutige Entscheidung des tschechischen Senats, die wir mit sehr großer Freude begrüßen und herzlich gratulieren, reagierte der Präsident Klaus unter anderem mit der Behauptung, der Lissabonner Vertrag sei trotzdem tot, weil durch das Referendum in Irland abgelehnt. Damit reitet er als politischer Zombie eine Attacke gegen Mehrheitsentscheidungen des eigenen Parlaments und des Senats und bestätigt seine unriemliche und sektiererische Haltung auch in anderen Bereichen der Politik. Zum Glück macht er sich nach den positiven Abstimmungen nur selbst lächelig. Wir Grüne stehen dem europäischen Integrationsprozess positiv und konstruktiv gegenüber, natürlich auch mit kritischen Bemerkungen, wo es notwendig ist. Nochmals herzlichen Dank dem tschechischen Senat, Parlament und Regierung.","Herr Präsident , Frau Vizepräsidentin ! Auf die heutige Entscheidung des tschechischen Senats , die wir mit sehr großer Freude begrüßen und zu der wir herzlich gratulieren , reagierte Präsident Klaus unter anderem mit der Behauptung , der Lissabon-Vertrag sei trotzdem tot , weil er durch das Referendum in Irland abgelehnt wurde .
Damit reitet er als politischer Zombie eine Attacke gegen Mehrheitsentscheidungen des eigenen Parlaments und des Senats und bestätigt seine unrühmliche und sektiererische Haltung auch in anderen Bereichen der Politik . Zum Glück macht er sich nach den positiven Abstimmungen nur selbst lächerlich . Wir Grüne stehen dem europäischen Integrationsprozess positiv und konstruktiv gegenüber , natürlich auch mit kritischen Bemerkungen , wo es notwendig ist .
Nochmals herzlichen Dank dem tschechischen Senat , dem Parlament und der Regierung !
",frau vizepräsidentin auf die heutige entscheidung des tschechischen senats die wir mit sehr großer freude begrüßen und herzlich gratulieren reagierte der präsident klaus unter anderem mit der behauptung der lissabonner vertrag sei trotzdem tot weil durch das referendum in irland abgelehnt damit reitet er als politischer zombie eine attacke gegen mehrheitsentscheidungen des eigenen parlaments und des senats und bestätigt seine unriemliche und sektiererische haltung auch in anderen bereichen der politik zum glück macht er sich nach den positiven abstimmungen nur selbst lächelig wir grüne stehen dem europäischen integrationsprozess positiv und konstruktiv gegenüber natürlich auch mit kritischen bemerkungen wo es notwendig ist nochmals herzlichen dank dem tschechischen senat parlament und regierung ,herr präsident frau vizepräsidentin auf die heutige entscheidung des tschechischen senats die wir mit sehr großer freude begrüßen und zu der wir herzlich gratulieren reagierte präsident klaus unter anderem mit der behauptung der lissabon vertrag sei trotzdem tot weil er durch das referendum in irland abgelehnt wurde damit reitet er als politischer zombie eine attacke gegen mehrheitsentscheidungen des eigenen parlaments und des senats und bestätigt seine unrühmliche und sektiererische haltung auch in anderen bereichen der politik zum glück macht er sich nach den positiven abstimmungen nur selbst lächerlich wir grüne stehen dem europäischen integrationsprozess positiv und konstruktiv gegenüber natürlich auch mit kritischen bemerkungen wo es notwendig ist nochmals herzlichen dank dem tschechischen senat dem parlament und der regierung 
de,en.20090402.6.4-034,offline,,75.0005,4.867748767001103,0.06490288420745333,"Vielen Dank, Frau Präsidentin! Verehrte Kollegen! Grundsätzlich begrüße ich das europäische Umweltzeichen, und es ist richtig, dass wir einen neuen Anlauf unternehmen, um dieses Umweltzeichen der Gemeinschaft weiter zu verbreiten. Und ich finde es auch richtig, dass wir in Zukunft an der Freiwilligkeit festhalten. Das Zeichen wird sich künftig nur dann durchsetzen, wenn es klare Kriterien und Maßstäbe gibt, die den Erwerb dieses Zeichens voraussetzen. Hier appelliere ich an die EU-Kommission, vernünftige, klare, verständliche Kriterien zu erarbeiten. Der Anreizgedanke muss dabei im Vordergrund stehen. Es wäre bedauerlich, wenn die Etablierung des Umweltzeichens an Bürokratiehürden scheitert. Über Erfolg oder Misserfolg entscheidet am Ende der Verbraucher, denn bei ihm muss es auf Akzeptanz stoßen. Auch wenn ich persönlich sehr am blauen Engel, den wir in Deutschland haben, hänge, darf es am Ende keine Geschmacksfrage sein, sondern es kommt darauf an, dass dem Verbraucher auf einen Blick vermittelt wird, welche besonderen Eigenschaften ein Produkt hat. Ein Mehrwert für den Verbraucher entsteht nur dann, wenn die Mitgliedstaaten auf ihre jeweiligen eigenen Zeichen verzichten und es am Ende ein einheitliches Zeichen auf europäischer Ebene gibt. Ein Wirrwarr an Symbolen verunsichert den Verbraucher und informiert ihn nicht. Ein Zeichen, eine Aussage. Dafür sollten wir gemeinsam arbeiten. Dankeschön.","Frau Präsidentin , verehrte Kollegen ! Grundsätzlich begrüße ich das Europäische Umweltzeichen . Es ist richtig , dass wir einen neuen Anlauf unternehmen , um dieses Umweltzeichen der Gemeinschaft weiter zu verbreiten . Ich finde es auch richtig , dass wir in Zukunft an der Freiwilligkeit festhalten .
Das Zeichen wird sich künftig nur dann durchsetzen , wenn es klare Kriterien und Maßstäbe gibt , die den Erwerb dieses Zeichens voraussetzen . Hier appelliere ich an die EU-Kommission , vernünftige , klare und verständliche Kriterien zu erarbeiten . Der Anreizgedanke muss dabei im Vordergrund stehen . Es wäre bedauerlich , wenn die Etablierung des Umweltzeichens an Bürokratiehürden scheitert .
Über Erfolg oder Misserfolg des Zeichens entscheidet am Ende der Verbraucher , denn bei ihm muss es auf Akzeptanz stoßen . Auch wenn ich persönlich sehr am blauen Engel , den wir in Deutschland haben , hänge , darf es am Ende keine Geschmacksfrage sein , sondern es kommt darauf an , dass dem Verbraucher auf einen Blick vermittelt wird , welche besonderen Eigenschaften ein Produkt hat . Ein Mehrwert für den Verbraucher entsteht nur dann , wenn die Mitgliedstaaten auf ihre jeweiligen eigenen Zeichen verzichten , und es am Ende ein einheitliches Zeichen auf europäischer Ebene gibt . Ein Wirrwarr an Symbolen verunsichert den Verbraucher und informiert ihn nicht . Ein Zeichen , eine Aussage – dafür sollten wir gemeinsam arbeiten .
",vielen dank frau präsidentin verehrte kollegen grundsätzlich begrüße ich das europäische umweltzeichen und es ist richtig dass wir einen neuen anlauf unternehmen um dieses umweltzeichen der gemeinschaft weiter zu verbreiten und ich finde es auch richtig dass wir in zukunft an der freiwilligkeit festhalten das zeichen wird sich künftig nur dann durchsetzen wenn es klare kriterien und maßstäbe gibt die den erwerb dieses zeichens voraussetzen hier appelliere ich an die eu kommission vernünftige klare verständliche kriterien zu erarbeiten der anreizgedanke muss dabei im vordergrund stehen es wäre bedauerlich wenn die etablierung des umweltzeichens an bürokratiehürden scheitert über erfolg oder misserfolg entscheidet am ende der verbraucher denn bei ihm muss es auf akzeptanz stoßen auch wenn ich persönlich sehr am blauen engel den wir in deutschland haben hänge darf es am ende keine geschmacksfrage sein sondern es kommt darauf an dass dem verbraucher auf einen blick vermittelt wird welche besonderen eigenschaften ein produkt hat ein mehrwert für den verbraucher entsteht nur dann wenn die mitgliedstaaten auf ihre jeweiligen eigenen zeichen verzichten und es am ende ein einheitliches zeichen auf europäischer ebene gibt ein wirrwarr an symbolen verunsichert den verbraucher und informiert ihn nicht ein zeichen eine aussage dafür sollten wir gemeinsam arbeiten dankeschön ,frau präsidentin verehrte kollegen grundsätzlich begrüße ich das europäische umweltzeichen es ist richtig dass wir einen neuen anlauf unternehmen um dieses umweltzeichen der gemeinschaft weiter zu verbreiten ich finde es auch richtig dass wir in zukunft an der freiwilligkeit festhalten das zeichen wird sich künftig nur dann durchsetzen wenn es klare kriterien und maßstäbe gibt die den erwerb dieses zeichens voraussetzen hier appelliere ich an die eu kommission vernünftige klare und verständliche kriterien zu erarbeiten der anreizgedanke muss dabei im vordergrund stehen es wäre bedauerlich wenn die etablierung des umweltzeichens an bürokratiehürden scheitert über erfolg oder misserfolg des zeichens entscheidet am ende der verbraucher denn bei ihm muss es auf akzeptanz stoßen auch wenn ich persönlich sehr am blauen engel den wir in deutschland haben hänge darf es am ende keine geschmacksfrage sein sondern es kommt darauf an dass dem verbraucher auf einen blick vermittelt wird welche besonderen eigenschaften ein produkt hat ein mehrwert für den verbraucher entsteht nur dann wenn die mitgliedstaaten auf ihre jeweiligen eigenen zeichen verzichten und es am ende ein einheitliches zeichen auf europäischer ebene gibt ein wirrwarr an symbolen verunsichert den verbraucher und informiert ihn nicht ein zeichen eine aussage dafür sollten wir gemeinsam arbeiten 
de,en.20090402.6.4-034,streaming,,75.0005,42.52739376300087,0.5670281366524339,"Ja, vielen Dank, Frau Präsidentin, verehrte Kollegen. Grundsätzlich begrüße ich das Europäische Umweltzeichen, und es ist richtig, dass wir einen neuen Anlauf unternehmen, um dieses Umweltzeichen der Gemeinschaft weiter zu verbreiten. Und ich finde es auch richtig, dass wir in Zukunft an der Freiwilligkeit festhalten. Das Zeichen wird sich künftig nur dann durchsetzen, wenn es klare Kriterien und Maßstäbe gibt, die den Erwerb dieses Zeichens voraussetzen. Und hier appelliere ich an die EU-Kommission: Vernünftige, klare, verständliche Kriterien zu erarbeiten. Der Anreizgedanke muss dabei im Vordergrund stehen. Es wäre bedauerlich, wenn die Etablierung des Umweltzeichens an Bürokratiehürden scheitert. Über Erfolg oder Misserfolg entscheidet am Ende der Verbraucher, denn bei ihm muss es auf Akzeptanz stoßen. Auch wenn ich persönlich sehr am blauen Engel, den wir in Deutschland haben, hänge, darf es am Ende keine Geschmacksfrage sein, sondern es kommt darauf an, dass dem Verbraucher auf einen Blick vermittelt wird, welche besonderen Eigenschaften ein Produkt hat. Ein Mehrwert für den Verbraucher entsteht nur dann, wenn die Mitgliedstaaten auf ihre jeweiligen eigenen Zeichen verzichten und es am Ende ein einheitliches Zeichen auf europäischer Ebene gibt. Ein Wirrwarr an Symbolen verunsichert den Verbraucher und informiert ihn nicht. Ein Zeichen, eine Aussage. Dafür sollten wir gemeinsam arbeiten. Dankeschön.","Frau Präsidentin , verehrte Kollegen ! Grundsätzlich begrüße ich das Europäische Umweltzeichen . Es ist richtig , dass wir einen neuen Anlauf unternehmen , um dieses Umweltzeichen der Gemeinschaft weiter zu verbreiten . Ich finde es auch richtig , dass wir in Zukunft an der Freiwilligkeit festhalten .
Das Zeichen wird sich künftig nur dann durchsetzen , wenn es klare Kriterien und Maßstäbe gibt , die den Erwerb dieses Zeichens voraussetzen . Hier appelliere ich an die EU-Kommission , vernünftige , klare und verständliche Kriterien zu erarbeiten . Der Anreizgedanke muss dabei im Vordergrund stehen . Es wäre bedauerlich , wenn die Etablierung des Umweltzeichens an Bürokratiehürden scheitert .
Über Erfolg oder Misserfolg des Zeichens entscheidet am Ende der Verbraucher , denn bei ihm muss es auf Akzeptanz stoßen . Auch wenn ich persönlich sehr am blauen Engel , den wir in Deutschland haben , hänge , darf es am Ende keine Geschmacksfrage sein , sondern es kommt darauf an , dass dem Verbraucher auf einen Blick vermittelt wird , welche besonderen Eigenschaften ein Produkt hat . Ein Mehrwert für den Verbraucher entsteht nur dann , wenn die Mitgliedstaaten auf ihre jeweiligen eigenen Zeichen verzichten , und es am Ende ein einheitliches Zeichen auf europäischer Ebene gibt . Ein Wirrwarr an Symbolen verunsichert den Verbraucher und informiert ihn nicht . Ein Zeichen , eine Aussage – dafür sollten wir gemeinsam arbeiten .
",ja vielen dank frau präsidentin verehrte kollegen grundsätzlich begrüße ich das europäische umweltzeichen und es ist richtig dass wir einen neuen anlauf unternehmen um dieses umweltzeichen der gemeinschaft weiter zu verbreiten und ich finde es auch richtig dass wir in zukunft an der freiwilligkeit festhalten das zeichen wird sich künftig nur dann durchsetzen wenn es klare kriterien und maßstäbe gibt die den erwerb dieses zeichens voraussetzen und hier appelliere ich an die eu kommission vernünftige klare verständliche kriterien zu erarbeiten der anreizgedanke muss dabei im vordergrund stehen es wäre bedauerlich wenn die etablierung des umweltzeichens an bürokratiehürden scheitert über erfolg oder misserfolg entscheidet am ende der verbraucher denn bei ihm muss es auf akzeptanz stoßen auch wenn ich persönlich sehr am blauen engel den wir in deutschland haben hänge darf es am ende keine geschmacksfrage sein sondern es kommt darauf an dass dem verbraucher auf einen blick vermittelt wird welche besonderen eigenschaften ein produkt hat ein mehrwert für den verbraucher entsteht nur dann wenn die mitgliedstaaten auf ihre jeweiligen eigenen zeichen verzichten und es am ende ein einheitliches zeichen auf europäischer ebene gibt ein wirrwarr an symbolen verunsichert den verbraucher und informiert ihn nicht ein zeichen eine aussage dafür sollten wir gemeinsam arbeiten dankeschön ,frau präsidentin verehrte kollegen grundsätzlich begrüße ich das europäische umweltzeichen es ist richtig dass wir einen neuen anlauf unternehmen um dieses umweltzeichen der gemeinschaft weiter zu verbreiten ich finde es auch richtig dass wir in zukunft an der freiwilligkeit festhalten das zeichen wird sich künftig nur dann durchsetzen wenn es klare kriterien und maßstäbe gibt die den erwerb dieses zeichens voraussetzen hier appelliere ich an die eu kommission vernünftige klare und verständliche kriterien zu erarbeiten der anreizgedanke muss dabei im vordergrund stehen es wäre bedauerlich wenn die etablierung des umweltzeichens an bürokratiehürden scheitert über erfolg oder misserfolg des zeichens entscheidet am ende der verbraucher denn bei ihm muss es auf akzeptanz stoßen auch wenn ich persönlich sehr am blauen engel den wir in deutschland haben hänge darf es am ende keine geschmacksfrage sein sondern es kommt darauf an dass dem verbraucher auf einen blick vermittelt wird welche besonderen eigenschaften ein produkt hat ein mehrwert für den verbraucher entsteht nur dann wenn die mitgliedstaaten auf ihre jeweiligen eigenen zeichen verzichten und es am ende ein einheitliches zeichen auf europäischer ebene gibt ein wirrwarr an symbolen verunsichert den verbraucher und informiert ihn nicht ein zeichen eine aussage dafür sollten wir gemeinsam arbeiten 
de,en.20090915.18.2-175,offline,,76.997375,4.173324424000384,0.05420086625031547,"Vielen Dank, Herr Gigot, eine Minute. In Europa kam nicht nur durch unethisches Verhalten auf den Finanzmärkten, Herr Barroso, da sind die wachsende soziale Ungleichheit, da sind die gefährlichen und unsolidarischen makroökonomischen Ungleichgewichte zwischen den Mitgliedsländern und da ist die Abhängigkeit Europas von steigenden Ressourcenpreisen. Die Bürgerinnen und Bürger Europas haben eine Kommission verdient, die diese tieferen Ursachen immer wieder auf die Tagesordnung setzt, statt sie zu tabuisieren, statt das Gegenteil davon zu tun, statt die Verantwortung auf die Mitgliedstaaten zu schieben. Wir brauchen eine echte europäische Koordination der Wirtschafts- und Fiskalpolitik. Wir brauchen eine steuerliche Zusammenarbeit in Europa, die Steuerdumping beendet. Erst dann wird es möglich, die soziale Spaltung aufzuhalten und die notwendigen ökologischen Investitionen zu finanzieren. Wir brauchen eine Politik, die grüne Technologien und Lebensstile so konsequent fördert, dass die Abhängigkeit der EU von endlichen Ressourcen steil sinkt. Das ist eine ökologische grüne Revolution. All das finde ich so in Ihrem Programm nicht, Herr Barroso. Das ist der Grund, warum ich Sie nicht wählen kann.","Herr Präsident ! Die Tiefe der Krise in Europa kam nicht nur durch unethisches Verhalten auf den Finanzmärkten , Herr Barroso . Da sind die wachsende soziale Ungleichheit , die gefährlichen und unsolidarischen makroökonomischen Ungleichgewichte zwischen den Mitgliedstaaten , und da ist die Abhängigkeit Europas von steigenden Ressourcenpreisen .
Die Bürgerinnen und Bürger Europas haben eine Kommission verdient , die diese tieferen Ursachen immer wieder auf die Tagesordnung setzten , anstatt sie zu tabuisieren , anstatt das Gegenteil davon zu tun , anstatt die Verantwortung auf die Mitgliedstaaten zu schieben . Wir brauchen eine echte europäische Koordination der Wirtschafts- und Fiskalpolitik . Wir brauchen eine steuerliche Zusammenarbeit in Europa , die Steuerdumping ein Ende setzt . Erst dann wird es möglich , die soziale Spaltung aufzuhalten und die notwendigen ökologischen Investitionen zu finanzieren . Wir brauchen eine Politik , die grüne Technologien und Lebensstile so konsequent fördert , dass die Abhängigkeit der EU von endlichen Ressourcen rapide sinkt . Das ist eine ökologische grüne Revolution !
All das finde ich so in Ihrem Programm nicht , Herr Barroso . Das ist der Grund , warum ich Sie nicht wählen kann .
",vielen dank herr gigot eine minute in europa kam nicht nur durch unethisches verhalten auf den finanzmärkten herr barroso da sind die wachsende soziale ungleichheit da sind die gefährlichen und unsolidarischen makroökonomischen ungleichgewichte zwischen den mitgliedsländern und da ist die abhängigkeit europas von steigenden ressourcenpreisen die bürgerinnen und bürger europas haben eine kommission verdient die diese tieferen ursachen immer wieder auf die tagesordnung setzt statt sie zu tabuisieren statt das gegenteil davon zu tun statt die verantwortung auf die mitgliedstaaten zu schieben wir brauchen eine echte europäische koordination der wirtschafts und fiskalpolitik wir brauchen eine steuerliche zusammenarbeit in europa die steuerdumping beendet erst dann wird es möglich die soziale spaltung aufzuhalten und die notwendigen ökologischen investitionen zu finanzieren wir brauchen eine politik die grüne technologien und lebensstile so konsequent fördert dass die abhängigkeit der eu von endlichen ressourcen steil sinkt das ist eine ökologische grüne revolution all das finde ich so in ihrem programm nicht herr barroso das ist der grund warum ich sie nicht wählen kann ,herr präsident die tiefe der krise in europa kam nicht nur durch unethisches verhalten auf den finanzmärkten herr barroso da sind die wachsende soziale ungleichheit die gefährlichen und unsolidarischen makroökonomischen ungleichgewichte zwischen den mitgliedstaaten und da ist die abhängigkeit europas von steigenden ressourcenpreisen die bürgerinnen und bürger europas haben eine kommission verdient die diese tieferen ursachen immer wieder auf die tagesordnung setzten anstatt sie zu tabuisieren anstatt das gegenteil davon zu tun anstatt die verantwortung auf die mitgliedstaaten zu schieben wir brauchen eine echte europäische koordination der wirtschafts und fiskalpolitik wir brauchen eine steuerliche zusammenarbeit in europa die steuerdumping ein ende setzt erst dann wird es möglich die soziale spaltung aufzuhalten und die notwendigen ökologischen investitionen zu finanzieren wir brauchen eine politik die grüne technologien und lebensstile so konsequent fördert dass die abhängigkeit der eu von endlichen ressourcen rapide sinkt das ist eine ökologische grüne revolution all das finde ich so in ihrem programm nicht herr barroso das ist der grund warum ich sie nicht wählen kann 
de,en.20090915.18.2-175,streaming,,76.997375,41.35766801599857,0.5371308829164444,"Vielen Dank, Herr Gigold, eine Minute. In Europa kam nicht nur durch unethisches Verhalten auf den Finanzmärkten, Herr Barroso, da sind die wachsende soziale Ungleichheit, da sind die gefährlichen und unsolidarischen makroökonomischen Ungleichgewichte zwischen den Mitgliedsländern und da ist die Abhängigkeit Europas von steigenden Ressourcenpreisen. Die Bürgerinnen und Bürger Europas haben eine Kommission verdient, die diese tieferen Ursachen immer wieder auf die Tagesordnung setzt, statt sie zu tabuisieren, statt das Gegenteil davon zu tun, statt die Verantwortung auf die Mitgliedstaaten zu schieben. Wir brauchen eine echte europäische Koordination der Wirtschafts- und Fiskalpolitik. Wir brauchen eine steuerliche Zusammenarbeit in Europa, die Steuerdumping beendet. Erst dann wird es möglich, die soziale Spaltung aufzuhalten und die notwendigen ökologischen Investitionen zu finanzieren. Wir brauchen eine Politik, die grüne Technologien und Lebensstile so konsequent fördert, dass die Abhängigkeit der EU von endlichen Ressourcen steil sinkt. Das ist eine ökologische grüne Revolution. All das finde ich so in Ihrem Programm nicht, Herr Barroso. Das ist der Grund, warum ich Sie nicht wählen kann.","Herr Präsident ! Die Tiefe der Krise in Europa kam nicht nur durch unethisches Verhalten auf den Finanzmärkten , Herr Barroso . Da sind die wachsende soziale Ungleichheit , die gefährlichen und unsolidarischen makroökonomischen Ungleichgewichte zwischen den Mitgliedstaaten , und da ist die Abhängigkeit Europas von steigenden Ressourcenpreisen .
Die Bürgerinnen und Bürger Europas haben eine Kommission verdient , die diese tieferen Ursachen immer wieder auf die Tagesordnung setzten , anstatt sie zu tabuisieren , anstatt das Gegenteil davon zu tun , anstatt die Verantwortung auf die Mitgliedstaaten zu schieben . Wir brauchen eine echte europäische Koordination der Wirtschafts- und Fiskalpolitik . Wir brauchen eine steuerliche Zusammenarbeit in Europa , die Steuerdumping ein Ende setzt . Erst dann wird es möglich , die soziale Spaltung aufzuhalten und die notwendigen ökologischen Investitionen zu finanzieren . Wir brauchen eine Politik , die grüne Technologien und Lebensstile so konsequent fördert , dass die Abhängigkeit der EU von endlichen Ressourcen rapide sinkt . Das ist eine ökologische grüne Revolution !
All das finde ich so in Ihrem Programm nicht , Herr Barroso . Das ist der Grund , warum ich Sie nicht wählen kann .
",vielen dank herr gigold eine minute in europa kam nicht nur durch unethisches verhalten auf den finanzmärkten herr barroso da sind die wachsende soziale ungleichheit da sind die gefährlichen und unsolidarischen makroökonomischen ungleichgewichte zwischen den mitgliedsländern und da ist die abhängigkeit europas von steigenden ressourcenpreisen die bürgerinnen und bürger europas haben eine kommission verdient die diese tieferen ursachen immer wieder auf die tagesordnung setzt statt sie zu tabuisieren statt das gegenteil davon zu tun statt die verantwortung auf die mitgliedstaaten zu schieben wir brauchen eine echte europäische koordination der wirtschafts und fiskalpolitik wir brauchen eine steuerliche zusammenarbeit in europa die steuerdumping beendet erst dann wird es möglich die soziale spaltung aufzuhalten und die notwendigen ökologischen investitionen zu finanzieren wir brauchen eine politik die grüne technologien und lebensstile so konsequent fördert dass die abhängigkeit der eu von endlichen ressourcen steil sinkt das ist eine ökologische grüne revolution all das finde ich so in ihrem programm nicht herr barroso das ist der grund warum ich sie nicht wählen kann ,herr präsident die tiefe der krise in europa kam nicht nur durch unethisches verhalten auf den finanzmärkten herr barroso da sind die wachsende soziale ungleichheit die gefährlichen und unsolidarischen makroökonomischen ungleichgewichte zwischen den mitgliedstaaten und da ist die abhängigkeit europas von steigenden ressourcenpreisen die bürgerinnen und bürger europas haben eine kommission verdient die diese tieferen ursachen immer wieder auf die tagesordnung setzten anstatt sie zu tabuisieren anstatt das gegenteil davon zu tun anstatt die verantwortung auf die mitgliedstaaten zu schieben wir brauchen eine echte europäische koordination der wirtschafts und fiskalpolitik wir brauchen eine steuerliche zusammenarbeit in europa die steuerdumping ein ende setzt erst dann wird es möglich die soziale spaltung aufzuhalten und die notwendigen ökologischen investitionen zu finanzieren wir brauchen eine politik die grüne technologien und lebensstile so konsequent fördert dass die abhängigkeit der eu von endlichen ressourcen rapide sinkt das ist eine ökologische grüne revolution all das finde ich so in ihrem programm nicht herr barroso das ist der grund warum ich sie nicht wählen kann 
de,en.20121023.18.2-333-000,offline,,67.9880625,4.0721990459987865,0.05989579488309123,"Duellgüter sehen oft harmlos aus, aber in den Händen von autoritären Regimen können sie so gefährlich sein wie Maschinengewehre oder Panzer. Wir untergraben unsere außenpolitischen Ziele, wenn wir Überwachungstechnologien an autoritäre Regime schicken, die damit demokratische Bewegungen kontrollieren und unterdrücken können. Es war europäische Handysoftware von Nokia Siemens Network, die iranischen Sicherheitskräften bei der Niederschlagung der Grünen Protestwelle in die Hände gespielt hat. Protestierende wurden massenhaft verschleppt, verhaftet, gefoltert und zum Tode verurteilt. Und das ist nur ein Beispiel von vielen. Dazu kommt auch noch, dass die Kommission mit dem Maßnahmenkatalog für innovative und wettbewerbsfähige Sicherheitsbranchen, wie es heißt, diese zweifelhaften Duellgüter fördert. Und Ziel ist es, eine, wie es heißt, bessere Nutzung der Synergien zwischen Sicherheits und Verteidigungstechnologien herzustellen. Wir laufen Gefahr, zum Wohl einer fragwürdigen Industriepolitik Menschenrechte, aber auch unsere Sicherheitsinteressen sprichwörtlich auszuzverkaufen. Deswegen möchte ich Sie bitten, den Änderungsanträgen von uns und den Sozialdemokraten und allen zuzustimmen.","Herr Präsident ! Güter mit doppeltem Verwendungszweck sehen oft harmlos aus , aber in den Händen von autoritären Regimen können sie so gefährlich sein wie Maschinengewehre oder Panzer . Wir untergraben unsere außenpolitischen Ziele , wenn wir Überwachungstechnologien an autoritäre Regime schicken , die damit demokratische Bewegungen kontrollieren und unterdrücken können . Es war europäische Handysoftware von Nokia Siemens Networks , die iranischen Sicherheitskräften bei der Niederschlagung der grünen Protestwelle in die Hände gespielt hat . Protestierende wurde massenhaft verschleppt , verhaftet , gefoltert und zum Tode verurteilt . Das ist nur ein Beispiel von vielen .
Dazu kommt auch noch , dass die Kommission mit dem Maßnahmenkatalog für innovative und wettbewerbsfähige Sicherheitsbranchen – wie es heißt – diese zweifelhaften Güter mit doppeltem Verwendungszweck fördert . Ziel ist es , eine bessere Nutzung der Synergien zwischen Sicherheits- und Verteidigungstechnologien herzustellen . Wir laufen Gefahr , zum Wohl einer fragwürdigen Industriepolitik , Menschenrechte , aber auch unsere Sicherheitsinteressen , sprichwörtlich auszuverkaufen . Deswegen bitte ich Sie , den Änderungsanträgen unserer Fraktion und der Sozialdemokraten und der ALDE zuzustimmen .
",duellgüter sehen oft harmlos aus aber in den händen von autoritären regimen können sie so gefährlich sein wie maschinengewehre oder panzer wir untergraben unsere außenpolitischen ziele wenn wir überwachungstechnologien an autoritäre regime schicken die damit demokratische bewegungen kontrollieren und unterdrücken können es war europäische handysoftware von nokia siemens network die iranischen sicherheitskräften bei der niederschlagung der grünen protestwelle in die hände gespielt hat protestierende wurden massenhaft verschleppt verhaftet gefoltert und zum tode verurteilt und das ist nur ein beispiel von vielen dazu kommt auch noch dass die kommission mit dem maßnahmenkatalog für innovative und wettbewerbsfähige sicherheitsbranchen wie es heißt diese zweifelhaften duellgüter fördert und ziel ist es eine wie es heißt bessere nutzung der synergien zwischen sicherheits und verteidigungstechnologien herzustellen wir laufen gefahr zum wohl einer fragwürdigen industriepolitik menschenrechte aber auch unsere sicherheitsinteressen sprichwörtlich auszuzverkaufen deswegen möchte ich sie bitten den änderungsanträgen von uns und den sozialdemokraten und allen zuzustimmen ,herr präsident güter mit doppeltem verwendungszweck sehen oft harmlos aus aber in den händen von autoritären regimen können sie so gefährlich sein wie maschinengewehre oder panzer wir untergraben unsere außenpolitischen ziele wenn wir überwachungstechnologien an autoritäre regime schicken die damit demokratische bewegungen kontrollieren und unterdrücken können es war europäische handysoftware von nokia siemens networks die iranischen sicherheitskräften bei der niederschlagung der grünen protestwelle in die hände gespielt hat protestierende wurde massenhaft verschleppt verhaftet gefoltert und zum tode verurteilt das ist nur ein beispiel von vielen dazu kommt auch noch dass die kommission mit dem maßnahmenkatalog für innovative und wettbewerbsfähige sicherheitsbranchen wie es heißt diese zweifelhaften güter mit doppeltem verwendungszweck fördert ziel ist es eine bessere nutzung der synergien zwischen sicherheits und verteidigungstechnologien herzustellen wir laufen gefahr zum wohl einer fragwürdigen industriepolitik menschenrechte aber auch unsere sicherheitsinteressen sprichwörtlich auszuverkaufen deswegen bitte ich sie den änderungsanträgen unserer fraktion und der sozialdemokraten und der alde zuzustimmen 
de,en.20121023.18.2-333-000,streaming,,67.9880625,34.513065573999484,0.507634197900543,"Wir liefern Güter, sehen oft harmlos aus, aber den Händen von autoritären Regimen können sie so gefährlich sein wie Maschinengewehre oder Panzer. Wir untergraben unsere außenpolitischen Ziele, wenn wir Überwachungstechnologien an autoritäre Regime schicken, die damit demokratische Bewegungen kontrollieren und unterdrücken können. Es war europäische Handy-Software von Nokia Siemens Network, die iranischen Sicherheitsbehörden die Möglichkeit gaben, die Bewegungen der Demonstranten zu überwachen und zu kontrollieren. Protestierende wurden massenhaft verschleppt, verhaftet, gefoltert und zum Tode verurteilt. Und das ist nur ein Beispiel von vielen. Dazu kommt auch noch, dass die Kommission mit dem Maßnahmenkatalog für innovative und wettbewerbsfähige Sicherheitsbranchen, wie es heißt, diese zweifelhaften Dual-Use-Güter fördert. Ziel ist es, eine, wie es heißt, bessere Nutzung der Synergien zwischen Sicherheitsbehörden und der Verteidigungsindustrie herzustellen. Wir laufen Gefahr, zum Wohl einer fragwürdigen Industriepolitik Menschenrechte, aber auch unsere Sicherheitsinteressen sprichwörtlich auszuzverkaufen. Deswegen möchte ich Sie bitten, den Änderungsanträgen von uns und den Sozialdemokraten und allen zu zustimmen.","Herr Präsident ! Güter mit doppeltem Verwendungszweck sehen oft harmlos aus , aber in den Händen von autoritären Regimen können sie so gefährlich sein wie Maschinengewehre oder Panzer . Wir untergraben unsere außenpolitischen Ziele , wenn wir Überwachungstechnologien an autoritäre Regime schicken , die damit demokratische Bewegungen kontrollieren und unterdrücken können . Es war europäische Handysoftware von Nokia Siemens Networks , die iranischen Sicherheitskräften bei der Niederschlagung der grünen Protestwelle in die Hände gespielt hat . Protestierende wurde massenhaft verschleppt , verhaftet , gefoltert und zum Tode verurteilt . Das ist nur ein Beispiel von vielen .
Dazu kommt auch noch , dass die Kommission mit dem Maßnahmenkatalog für innovative und wettbewerbsfähige Sicherheitsbranchen – wie es heißt – diese zweifelhaften Güter mit doppeltem Verwendungszweck fördert . Ziel ist es , eine bessere Nutzung der Synergien zwischen Sicherheits- und Verteidigungstechnologien herzustellen . Wir laufen Gefahr , zum Wohl einer fragwürdigen Industriepolitik , Menschenrechte , aber auch unsere Sicherheitsinteressen , sprichwörtlich auszuverkaufen . Deswegen bitte ich Sie , den Änderungsanträgen unserer Fraktion und der Sozialdemokraten und der ALDE zuzustimmen .
",wir liefern güter sehen oft harmlos aus aber den händen von autoritären regimen können sie so gefährlich sein wie maschinengewehre oder panzer wir untergraben unsere außenpolitischen ziele wenn wir überwachungstechnologien an autoritäre regime schicken die damit demokratische bewegungen kontrollieren und unterdrücken können es war europäische handy software von nokia siemens network die iranischen sicherheitsbehörden die möglichkeit gaben die bewegungen der demonstranten zu überwachen und zu kontrollieren protestierende wurden massenhaft verschleppt verhaftet gefoltert und zum tode verurteilt und das ist nur ein beispiel von vielen dazu kommt auch noch dass die kommission mit dem maßnahmenkatalog für innovative und wettbewerbsfähige sicherheitsbranchen wie es heißt diese zweifelhaften dual use güter fördert ziel ist es eine wie es heißt bessere nutzung der synergien zwischen sicherheitsbehörden und der verteidigungsindustrie herzustellen wir laufen gefahr zum wohl einer fragwürdigen industriepolitik menschenrechte aber auch unsere sicherheitsinteressen sprichwörtlich auszuzverkaufen deswegen möchte ich sie bitten den änderungsanträgen von uns und den sozialdemokraten und allen zu zustimmen ,herr präsident güter mit doppeltem verwendungszweck sehen oft harmlos aus aber in den händen von autoritären regimen können sie so gefährlich sein wie maschinengewehre oder panzer wir untergraben unsere außenpolitischen ziele wenn wir überwachungstechnologien an autoritäre regime schicken die damit demokratische bewegungen kontrollieren und unterdrücken können es war europäische handysoftware von nokia siemens networks die iranischen sicherheitskräften bei der niederschlagung der grünen protestwelle in die hände gespielt hat protestierende wurde massenhaft verschleppt verhaftet gefoltert und zum tode verurteilt das ist nur ein beispiel von vielen dazu kommt auch noch dass die kommission mit dem maßnahmenkatalog für innovative und wettbewerbsfähige sicherheitsbranchen wie es heißt diese zweifelhaften güter mit doppeltem verwendungszweck fördert ziel ist es eine bessere nutzung der synergien zwischen sicherheits und verteidigungstechnologien herzustellen wir laufen gefahr zum wohl einer fragwürdigen industriepolitik menschenrechte aber auch unsere sicherheitsinteressen sprichwörtlich auszuverkaufen deswegen bitte ich sie den änderungsanträgen unserer fraktion und der sozialdemokraten und der alde zuzustimmen 
de,en.20101007.5.4-053,offline,,63.019,3.2608141929995327,0.05174335030704284,"Herr Präsident, meine lieben Kolleginnen und Kollegen, meine sehr verehrten Herrn Kommissare! Wie wichtig die Kohäsions und Regionalpolitik für das Zusammenleben und Zusammenwachsen in Europa ist, muss ich nicht extra betonen. Ich glaube aber auch, die Regionalpolitik und Kohäsionspolitik der Zukunft muss sich verstärkt den Städten widmen, denn die Städte sind ein wichtiger Motor in der Entwicklung Europas. Gleichzeitig spüren sie aber im Moment ganz besonders ökologische, ökonomische und soziale Probleme. Daher meine ganz konkrete Frage an Herrn Kommissar Hahn: Welche Möglichkeiten sehen Sie, um die städtischen Dimensionen hervorzuheben? Ganz konkret, Herr Kommissar, Sie hatten kürzlich bei einer Veranstaltung hier im House angedeutet, dass Sie sich einen bestimmten Prozentsatz vorstellen können, der von den Regionalgeldern reserviert ist, gerade um die städtische Dimension hervorzuheben. Sind diese Überlegungen noch aktuell? Wenn ja, wie hoch könnte dieser Prozentsatz ggf. sein?","Herr Präsident , meine lieben Kolleginnen und Kollegen , meine sehr verehrten Herren Kommissare ! Wie wichtig die Kohäsions- und Regionalpolitik für das Zusammenleben und Zusammenwachsen in Europa ist , muss ich nicht extra betonen . Ich glaube aber auch , die Regionalpolitik und Kohäsionspolitik der Zukunft muss sich verstärkt den Städten widmen . Denn die Städte sind ein wichtiger Motor in der Entwicklung Europas . Gleichzeitig spüren sie aber im Moment ganz besonders ökologische , ökonomische und soziale Probleme .
Daher meine ganz konkrete Frage an Herrn Kommissar Hahn : Welche Möglichkeiten sehen Sie , um die städtische Dimension hervorzuheben ? Ganz konkret , Herr Kommissar : Sie hatten kürzlich bei einer Veranstaltung hier im Hause angedeutet , dass Sie sich einen bestimmten Prozentsatz vorstellen können , der von den Regionalgeldern reserviert ist , gerade um die städtische Dimension hervorzuheben . Sind diese Überlegungen noch aktuell ? Wenn ja , wie hoch könnte dieser Prozentsatz gegebenenfalls sein ?
",herr präsident meine lieben kolleginnen und kollegen meine sehr verehrten herrn kommissare wie wichtig die kohäsions und regionalpolitik für das zusammenleben und zusammenwachsen in europa ist muss ich nicht extra betonen ich glaube aber auch die regionalpolitik und kohäsionspolitik der zukunft muss sich verstärkt den städten widmen denn die städte sind ein wichtiger motor in der entwicklung europas gleichzeitig spüren sie aber im moment ganz besonders ökologische ökonomische und soziale probleme daher meine ganz konkrete frage an herrn kommissar hahn welche möglichkeiten sehen sie um die städtischen dimensionen hervorzuheben ganz konkret herr kommissar sie hatten kürzlich bei einer veranstaltung hier im house angedeutet dass sie sich einen bestimmten prozentsatz vorstellen können der von den regionalgeldern reserviert ist gerade um die städtische dimension hervorzuheben sind diese überlegungen noch aktuell wenn ja wie hoch könnte dieser prozentsatz ggf sein ,herr präsident meine lieben kolleginnen und kollegen meine sehr verehrten herren kommissare wie wichtig die kohäsions und regionalpolitik für das zusammenleben und zusammenwachsen in europa ist muss ich nicht extra betonen ich glaube aber auch die regionalpolitik und kohäsionspolitik der zukunft muss sich verstärkt den städten widmen denn die städte sind ein wichtiger motor in der entwicklung europas gleichzeitig spüren sie aber im moment ganz besonders ökologische ökonomische und soziale probleme daher meine ganz konkrete frage an herrn kommissar hahn welche möglichkeiten sehen sie um die städtische dimension hervorzuheben ganz konkret herr kommissar sie hatten kürzlich bei einer veranstaltung hier im hause angedeutet dass sie sich einen bestimmten prozentsatz vorstellen können der von den regionalgeldern reserviert ist gerade um die städtische dimension hervorzuheben sind diese überlegungen noch aktuell wenn ja wie hoch könnte dieser prozentsatz gegebenenfalls sein 
de,en.20101007.5.4-053,streaming,,63.019,30.846112506998907,0.48947321453845516,"Präsident, meine lieben Kolleginnen und Kollegen, meine sehr verehrten Herrn Kommissare, wie wichtig die Kohäsions- und Regionalpolitik für das Zusammenleben und Zusammenwachsen in Europa ist, muss ich nicht extra betonen. Ich glaube aber auch, die Regionalpolitik und Kohäsionspolitik der Zukunft muss sich verstärkt den Städten widmen, denn die Städte sind ein wichtiger Motor in der Entwicklung Europas. Gleichzeitig spüren Sie aber im Moment ganz besonders ökologische, ökonomische und soziale Probleme. Daher meine ganz konkrete Frage an Herrn Kommissar Hahn: Welche Möglichkeiten sehen Sie, um die städtischen Dimensionen hervorzuheben? Ganz konkret, Herr Kommissar, Sie hatten kürzlich bei einer Veranstaltung hier im House angedeutet, dass Sie sich einen bestimmten Prozentsatz vorstellen können, der von den Regionalgeldern reserviert ist, gerade um die städtische Dimension hervorzuheben. Sind diese Überlegungen noch aktuell? Wenn ja, wie hoch könnte dieser Prozentsatz ggf. sein? Vielen","Herr Präsident , meine lieben Kolleginnen und Kollegen , meine sehr verehrten Herren Kommissare ! Wie wichtig die Kohäsions- und Regionalpolitik für das Zusammenleben und Zusammenwachsen in Europa ist , muss ich nicht extra betonen . Ich glaube aber auch , die Regionalpolitik und Kohäsionspolitik der Zukunft muss sich verstärkt den Städten widmen . Denn die Städte sind ein wichtiger Motor in der Entwicklung Europas . Gleichzeitig spüren sie aber im Moment ganz besonders ökologische , ökonomische und soziale Probleme .
Daher meine ganz konkrete Frage an Herrn Kommissar Hahn : Welche Möglichkeiten sehen Sie , um die städtische Dimension hervorzuheben ? Ganz konkret , Herr Kommissar : Sie hatten kürzlich bei einer Veranstaltung hier im Hause angedeutet , dass Sie sich einen bestimmten Prozentsatz vorstellen können , der von den Regionalgeldern reserviert ist , gerade um die städtische Dimension hervorzuheben . Sind diese Überlegungen noch aktuell ? Wenn ja , wie hoch könnte dieser Prozentsatz gegebenenfalls sein ?
",präsident meine lieben kolleginnen und kollegen meine sehr verehrten herrn kommissare wie wichtig die kohäsions und regionalpolitik für das zusammenleben und zusammenwachsen in europa ist muss ich nicht extra betonen ich glaube aber auch die regionalpolitik und kohäsionspolitik der zukunft muss sich verstärkt den städten widmen denn die städte sind ein wichtiger motor in der entwicklung europas gleichzeitig spüren sie aber im moment ganz besonders ökologische ökonomische und soziale probleme daher meine ganz konkrete frage an herrn kommissar hahn welche möglichkeiten sehen sie um die städtischen dimensionen hervorzuheben ganz konkret herr kommissar sie hatten kürzlich bei einer veranstaltung hier im house angedeutet dass sie sich einen bestimmten prozentsatz vorstellen können der von den regionalgeldern reserviert ist gerade um die städtische dimension hervorzuheben sind diese überlegungen noch aktuell wenn ja wie hoch könnte dieser prozentsatz ggf sein vielen,herr präsident meine lieben kolleginnen und kollegen meine sehr verehrten herren kommissare wie wichtig die kohäsions und regionalpolitik für das zusammenleben und zusammenwachsen in europa ist muss ich nicht extra betonen ich glaube aber auch die regionalpolitik und kohäsionspolitik der zukunft muss sich verstärkt den städten widmen denn die städte sind ein wichtiger motor in der entwicklung europas gleichzeitig spüren sie aber im moment ganz besonders ökologische ökonomische und soziale probleme daher meine ganz konkrete frage an herrn kommissar hahn welche möglichkeiten sehen sie um die städtische dimension hervorzuheben ganz konkret herr kommissar sie hatten kürzlich bei einer veranstaltung hier im hause angedeutet dass sie sich einen bestimmten prozentsatz vorstellen können der von den regionalgeldern reserviert ist gerade um die städtische dimension hervorzuheben sind diese überlegungen noch aktuell wenn ja wie hoch könnte dieser prozentsatz gegebenenfalls sein 
de,en.20110406.34.3-576-000,offline,,71.981875,4.7020461360007175,0.0653226404008053,"Damit hat Frau Gabrielitz immer das Wort. Ich möchte eigentlich die beiden Vertreter von Rat und Kommission fragen, warum sie glauben, hier zu diesem Thema mit Sprechblasen antreten zu müssen. Ich glaube, es hilft niemandem, wenn nicht ganz konkret ausgesprochen wird, dass gerade in Vorbereitung auf die Istanbuler Konferenz die Mitgliedstaaten der Europäischen Union und die Europäische Union ihren Verpflichtungen für die Entwicklungshilfe endlich vollständig nachkommen muss und das in keiner Weise geduldet werden kann, dass sich Mitgliedstaaten dieser Verpflichtung zunehmend entziehen. Es ist nicht hinnehmbar, dass eine Milliarde Menschen täglich immer noch hungern und dass die meisten davon in den LDC, also in den ärmsten Ländern der Welt, leben. Und es ist nicht hinnehmbar, dass ein Großteil unserer Entwicklungshilfe eben nicht in die Förderung und den Aufbau von landwirtschaftlichen Strukturen geht, sondern dass dieser Anteil in den letzten Jahren rapide zurückgegangen ist. Dass bei einer Milliarde hungender Menschen und dann davon zu reden Wir hoffen darauf, dass die LDC mehr schockresistent werden. Das halte ich schon langsam für zynisch. Ich fordere Sie auf, konkret und klar die Probleme anzusprechen und konkrete Verpflichtungen zu übernehmen, um den LDC auch tatsächlich zu helfen.","Herr Präsident ! Ich möchte eigentlich die beiden Vertreter von Rat und Kommission fragen , warum sie glauben , zu diesem Thema hier mit Sprechblasen antreten zu müssen . Ich glaube , es hilft niemandem , wenn nicht ganz konkret ausgesprochen wird , dass gerade in Vorbereitung auf die Istanbuler Konferenz die Mitgliedstaaten der Europäischen Union und die Europäische Union ihren Verpflichtungen für die Entwicklungshilfe endlich vollständig nachkommen müssen , und dass in keiner Weise geduldet werden kann , dass sich Mitgliedstaaten dieser Verpflichtung zunehmend entziehen .
Es ist nicht hinnehmbar , dass eine Milliarde Menschen täglich immer noch hungern und dass die meisten davon noch in den LDC , also in den ärmsten Ländern der Welt leben . Und es ist nicht hinnehmbar , dass ein Großteil unserer Entwicklungshilfe eben nicht in die Förderung und den Aufbau von landwirtschaftlichen Strukturen geht , sondern dass dieser Anteil in den letzten Jahren rapide zurückgegangen ist , und das bei einer Milliarde hungernder Menschen . Dann davon zu reden , dass wir darauf hoffen , dass die LDC schockresistenter werden , das halte ich schon langsam für zynisch .
Ich fordere Sie auf , konkret und klar die Probleme anzusprechen und konkrete Verpflichtungen zu übernehmen , um den LDC auch tatsächlich zu helfen !
",damit hat frau gabrielitz immer das wort ich möchte eigentlich die beiden vertreter von rat und kommission fragen warum sie glauben hier zu diesem thema mit sprechblasen antreten zu müssen ich glaube es hilft niemandem wenn nicht ganz konkret ausgesprochen wird dass gerade in vorbereitung auf die istanbuler konferenz die mitgliedstaaten der europäischen union und die europäische union ihren verpflichtungen für die entwicklungshilfe endlich vollständig nachkommen muss und das in keiner weise geduldet werden kann dass sich mitgliedstaaten dieser verpflichtung zunehmend entziehen es ist nicht hinnehmbar dass eine milliarde menschen täglich immer noch hungern und dass die meisten davon in den ldc also in den ärmsten ländern der welt leben und es ist nicht hinnehmbar dass ein großteil unserer entwicklungshilfe eben nicht in die förderung und den aufbau von landwirtschaftlichen strukturen geht sondern dass dieser anteil in den letzten jahren rapide zurückgegangen ist dass bei einer milliarde hungender menschen und dann davon zu reden wir hoffen darauf dass die ldc mehr schockresistent werden das halte ich schon langsam für zynisch ich fordere sie auf konkret und klar die probleme anzusprechen und konkrete verpflichtungen zu übernehmen um den ldc auch tatsächlich zu helfen ,herr präsident ich möchte eigentlich die beiden vertreter von rat und kommission fragen warum sie glauben zu diesem thema hier mit sprechblasen antreten zu müssen ich glaube es hilft niemandem wenn nicht ganz konkret ausgesprochen wird dass gerade in vorbereitung auf die istanbuler konferenz die mitgliedstaaten der europäischen union und die europäische union ihren verpflichtungen für die entwicklungshilfe endlich vollständig nachkommen müssen und dass in keiner weise geduldet werden kann dass sich mitgliedstaaten dieser verpflichtung zunehmend entziehen es ist nicht hinnehmbar dass eine milliarde menschen täglich immer noch hungern und dass die meisten davon noch in den ldc also in den ärmsten ländern der welt leben und es ist nicht hinnehmbar dass ein großteil unserer entwicklungshilfe eben nicht in die förderung und den aufbau von landwirtschaftlichen strukturen geht sondern dass dieser anteil in den letzten jahren rapide zurückgegangen ist und das bei einer milliarde hungernder menschen dann davon zu reden dass wir darauf hoffen dass die ldc schockresistenter werden das halte ich schon langsam für zynisch ich fordere sie auf konkret und klar die probleme anzusprechen und konkrete verpflichtungen zu übernehmen um den ldc auch tatsächlich zu helfen 
de,en.20110406.34.3-576-000,streaming,,71.981875,38.908740513999874,0.540535246046312,"Damit hat Frau Gabrieli Zimmer das Wort. Ich möchte eigentlich die beiden Vertreter von Rat und Kommission fragen, warum sie glauben, hier zu diesem Thema mit Sprechblasen antreten zu müssen. Ich glaube, es hilft niemandem, wenn ich ganz konkret ausgesprochen wird, dass gerade in Vorbereitung auf die Istanbuler Konferenz die Mitgliedstaaten der Europäischen Union und die Europäische Union ihren Verpflichtungen für die Entwicklungshilfe endlich vollständig nachkommen muss. Und das in keiner Weise geduldet werden kann, dass sich Mitgliedstaaten dieser Verpflichtung zunehmend entziehen. Es ist nicht hinnehmbar, dass eine Milliarde Menschen täglich immer noch hungern und dass die meisten davon in den LDC, also in den ärmsten Ländern der Welt, leben. Und es ist nicht hinnehmbar, dass ein Großteil unserer Entwicklungshilfe eben nicht in die Förderung und den Aufbau von landwirtschaftlichen Strukturen geht, sondern dass dieser Anteil in den letzten Jahren rapide zurückgegangen ist. Dass bei einer Milliarde hungender Menschen und dann davon zu reden, wir hoffen darauf, dass die LDC mehr Schockresistent werden, das halte ich schon langsam für zynisch. Ich fordere Sie auf, konkret und klar die Probleme anzusprechen und konkrete Verpflichtungen zu übernehmen, um den LDC auch tatsächlich zu helfen.","Herr Präsident ! Ich möchte eigentlich die beiden Vertreter von Rat und Kommission fragen , warum sie glauben , zu diesem Thema hier mit Sprechblasen antreten zu müssen . Ich glaube , es hilft niemandem , wenn nicht ganz konkret ausgesprochen wird , dass gerade in Vorbereitung auf die Istanbuler Konferenz die Mitgliedstaaten der Europäischen Union und die Europäische Union ihren Verpflichtungen für die Entwicklungshilfe endlich vollständig nachkommen müssen , und dass in keiner Weise geduldet werden kann , dass sich Mitgliedstaaten dieser Verpflichtung zunehmend entziehen .
Es ist nicht hinnehmbar , dass eine Milliarde Menschen täglich immer noch hungern und dass die meisten davon noch in den LDC , also in den ärmsten Ländern der Welt leben . Und es ist nicht hinnehmbar , dass ein Großteil unserer Entwicklungshilfe eben nicht in die Förderung und den Aufbau von landwirtschaftlichen Strukturen geht , sondern dass dieser Anteil in den letzten Jahren rapide zurückgegangen ist , und das bei einer Milliarde hungernder Menschen . Dann davon zu reden , dass wir darauf hoffen , dass die LDC schockresistenter werden , das halte ich schon langsam für zynisch .
Ich fordere Sie auf , konkret und klar die Probleme anzusprechen und konkrete Verpflichtungen zu übernehmen , um den LDC auch tatsächlich zu helfen !
",damit hat frau gabrieli zimmer das wort ich möchte eigentlich die beiden vertreter von rat und kommission fragen warum sie glauben hier zu diesem thema mit sprechblasen antreten zu müssen ich glaube es hilft niemandem wenn ich ganz konkret ausgesprochen wird dass gerade in vorbereitung auf die istanbuler konferenz die mitgliedstaaten der europäischen union und die europäische union ihren verpflichtungen für die entwicklungshilfe endlich vollständig nachkommen muss und das in keiner weise geduldet werden kann dass sich mitgliedstaaten dieser verpflichtung zunehmend entziehen es ist nicht hinnehmbar dass eine milliarde menschen täglich immer noch hungern und dass die meisten davon in den ldc also in den ärmsten ländern der welt leben und es ist nicht hinnehmbar dass ein großteil unserer entwicklungshilfe eben nicht in die förderung und den aufbau von landwirtschaftlichen strukturen geht sondern dass dieser anteil in den letzten jahren rapide zurückgegangen ist dass bei einer milliarde hungender menschen und dann davon zu reden wir hoffen darauf dass die ldc mehr schockresistent werden das halte ich schon langsam für zynisch ich fordere sie auf konkret und klar die probleme anzusprechen und konkrete verpflichtungen zu übernehmen um den ldc auch tatsächlich zu helfen ,herr präsident ich möchte eigentlich die beiden vertreter von rat und kommission fragen warum sie glauben zu diesem thema hier mit sprechblasen antreten zu müssen ich glaube es hilft niemandem wenn nicht ganz konkret ausgesprochen wird dass gerade in vorbereitung auf die istanbuler konferenz die mitgliedstaaten der europäischen union und die europäische union ihren verpflichtungen für die entwicklungshilfe endlich vollständig nachkommen müssen und dass in keiner weise geduldet werden kann dass sich mitgliedstaaten dieser verpflichtung zunehmend entziehen es ist nicht hinnehmbar dass eine milliarde menschen täglich immer noch hungern und dass die meisten davon noch in den ldc also in den ärmsten ländern der welt leben und es ist nicht hinnehmbar dass ein großteil unserer entwicklungshilfe eben nicht in die förderung und den aufbau von landwirtschaftlichen strukturen geht sondern dass dieser anteil in den letzten jahren rapide zurückgegangen ist und das bei einer milliarde hungernder menschen dann davon zu reden dass wir darauf hoffen dass die ldc schockresistenter werden das halte ich schon langsam für zynisch ich fordere sie auf konkret und klar die probleme anzusprechen und konkrete verpflichtungen zu übernehmen um den ldc auch tatsächlich zu helfen 
de,en.20090504.23.1-209,offline,,76.997375,3.7818314809992444,0.04911636898010152,"Die Verschmutzung der Meere ist ja immer nur dann im Mittelpunkt des Interesses, wenn es wieder zu einem spektakulären Zwischenfall gekommen ist, und dann wird auch heftig über die Bedrohung unserer Meere durch diese dauernden Verschmutzungen diskutiert. Leider tritt das dann in der Zwischenzeit immer wieder sehr sehr weit in den Hintergrund. Die ständigen und wiederholten Verstöße, die genauso viel und dramatisch dazu beitragen, dass nicht nur unsere Meere, sondern auch unsere Küsten unter einer Bedrohung leiden, wahren von uns ernst zu nehmen. Und ich darf mich bei meinen Kollegen, mit denen wir diskutieren konnten, dafür bedanken, dass wir alle konsequent die Linie vertreten haben, dass unser Meer zu schützen ist. Ich spreche hier als Angehörige eines Binnenstaates. Trotzdem fühle ich als Europäerin die Verantwortung dafür, unsere Meere vor dauernden Verschmutzungen aus billigem wirtschaftlichem Interesse zu schützen und die Prinzipien auch des zweiten maritimen Pakets, des dritten maritimen Pakets, zu integrieren, was dringend notwendig ist, wie es der Rechtsausschuss auch vorgeschlagen hat.","Herr Präsident ! Die Verschmutzung der Meere ist immer nur dann im Mittelpunkt des Interesses , wenn es wieder zu einem spektakulären Zwischenfall gekommen ist , und dann wird auch heftig über die Bedrohung unserer Meere durch diese dauernden Verschmutzungen diskutiert . Leider tritt das dann in der Zwischenzeit immer wieder sehr weit in den Hintergrund . Die ständigen und wiederholten Verstöße , die genauso viel und dramatisch dazu beitragen , dass nicht nur unsere Meere , sondern auch unsere Küsten unter einer Bedrohung leiden , waren von uns ernst zu nehmen .
Ich darf mich bei meinen Kollegen , mit denen wir diskutieren konnten , dafür bedanken , dass wir alle konsequent die Linie vertreten haben , dass unsere Meere zu schützen sind . Ich spreche hier als Angehörige eines Binnenstaates . Trotzdem fühle ich als Europäerin die Verantwortung dafür , unsere Meere vor dauernden Verschmutzungen aus billigem wirtschaftlichem Interesse zu schützen und auch die Prinzipien des dritten maritimen Pakets zu integrieren , was dringend notwendig ist , wie es der Rechtsausschuss auch vorgeschlagen hat .
",die verschmutzung der meere ist ja immer nur dann im mittelpunkt des interesses wenn es wieder zu einem spektakulären zwischenfall gekommen ist und dann wird auch heftig über die bedrohung unserer meere durch diese dauernden verschmutzungen diskutiert leider tritt das dann in der zwischenzeit immer wieder sehr sehr weit in den hintergrund die ständigen und wiederholten verstöße die genauso viel und dramatisch dazu beitragen dass nicht nur unsere meere sondern auch unsere küsten unter einer bedrohung leiden wahren von uns ernst zu nehmen und ich darf mich bei meinen kollegen mit denen wir diskutieren konnten dafür bedanken dass wir alle konsequent die linie vertreten haben dass unser meer zu schützen ist ich spreche hier als angehörige eines binnenstaates trotzdem fühle ich als europäerin die verantwortung dafür unsere meere vor dauernden verschmutzungen aus billigem wirtschaftlichem interesse zu schützen und die prinzipien auch des zweiten maritimen pakets des dritten maritimen pakets zu integrieren was dringend notwendig ist wie es der rechtsausschuss auch vorgeschlagen hat ,herr präsident die verschmutzung der meere ist immer nur dann im mittelpunkt des interesses wenn es wieder zu einem spektakulären zwischenfall gekommen ist und dann wird auch heftig über die bedrohung unserer meere durch diese dauernden verschmutzungen diskutiert leider tritt das dann in der zwischenzeit immer wieder sehr weit in den hintergrund die ständigen und wiederholten verstöße die genauso viel und dramatisch dazu beitragen dass nicht nur unsere meere sondern auch unsere küsten unter einer bedrohung leiden waren von uns ernst zu nehmen ich darf mich bei meinen kollegen mit denen wir diskutieren konnten dafür bedanken dass wir alle konsequent die linie vertreten haben dass unsere meere zu schützen sind ich spreche hier als angehörige eines binnenstaates trotzdem fühle ich als europäerin die verantwortung dafür unsere meere vor dauernden verschmutzungen aus billigem wirtschaftlichem interesse zu schützen und auch die prinzipien des dritten maritimen pakets zu integrieren was dringend notwendig ist wie es der rechtsausschuss auch vorgeschlagen hat 
de,en.20090504.23.1-209,streaming,,76.997375,43.98879383900021,0.5713025130921697,"Die Verschmutzung der Meere ist ja immer nur dann im Mittelpunkt des Interesses, wenn es wieder zu einem Spektakulären Zwischenfall gekommen ist, und dann wird auch heftig über die Bedrohung unserer Meere durch diese dauernden Verschmutzungen diskutiert. Leider tritt das dann in der Zwischenzeit immer wieder sehr sehr weit in den Hintergrund. Die ständigen und wiederholten Verstöße, die genauso viel und dramatisch dazu beitragen, dass nicht nur unsere Meere, sondern auch unsere Küsten unter einer Bedrohung leiden, waren von uns ernst zu nehmen, und ich darf mich bei meinen Kollegen, mit denen wir diskutieren konnten, dafür bedanken, dass wir alle konsequent die Linie vertreten haben, dass unser Meer zu schützen ist. Ich spreche hier als Angehörige eines Binnenstaates. Trotzdem fühle ich als Europäerin die Verantwortung dafür, unsere Meere vor dauernden Verschmutzungen aus billigem wirtschaftlichem Interesse zu schützen und die Prinzipien auch des zweiten maritimen Pakets, des dritten maritimen Pakets, zu integrieren, was dringend notwendig ist. Wie es der Rechtsausschuss auch vorgeschlagen hat.","Herr Präsident ! Die Verschmutzung der Meere ist immer nur dann im Mittelpunkt des Interesses , wenn es wieder zu einem spektakulären Zwischenfall gekommen ist , und dann wird auch heftig über die Bedrohung unserer Meere durch diese dauernden Verschmutzungen diskutiert . Leider tritt das dann in der Zwischenzeit immer wieder sehr weit in den Hintergrund . Die ständigen und wiederholten Verstöße , die genauso viel und dramatisch dazu beitragen , dass nicht nur unsere Meere , sondern auch unsere Küsten unter einer Bedrohung leiden , waren von uns ernst zu nehmen .
Ich darf mich bei meinen Kollegen , mit denen wir diskutieren konnten , dafür bedanken , dass wir alle konsequent die Linie vertreten haben , dass unsere Meere zu schützen sind . Ich spreche hier als Angehörige eines Binnenstaates . Trotzdem fühle ich als Europäerin die Verantwortung dafür , unsere Meere vor dauernden Verschmutzungen aus billigem wirtschaftlichem Interesse zu schützen und auch die Prinzipien des dritten maritimen Pakets zu integrieren , was dringend notwendig ist , wie es der Rechtsausschuss auch vorgeschlagen hat .
",die verschmutzung der meere ist ja immer nur dann im mittelpunkt des interesses wenn es wieder zu einem spektakulären zwischenfall gekommen ist und dann wird auch heftig über die bedrohung unserer meere durch diese dauernden verschmutzungen diskutiert leider tritt das dann in der zwischenzeit immer wieder sehr sehr weit in den hintergrund die ständigen und wiederholten verstöße die genauso viel und dramatisch dazu beitragen dass nicht nur unsere meere sondern auch unsere küsten unter einer bedrohung leiden waren von uns ernst zu nehmen und ich darf mich bei meinen kollegen mit denen wir diskutieren konnten dafür bedanken dass wir alle konsequent die linie vertreten haben dass unser meer zu schützen ist ich spreche hier als angehörige eines binnenstaates trotzdem fühle ich als europäerin die verantwortung dafür unsere meere vor dauernden verschmutzungen aus billigem wirtschaftlichem interesse zu schützen und die prinzipien auch des zweiten maritimen pakets des dritten maritimen pakets zu integrieren was dringend notwendig ist wie es der rechtsausschuss auch vorgeschlagen hat ,herr präsident die verschmutzung der meere ist immer nur dann im mittelpunkt des interesses wenn es wieder zu einem spektakulären zwischenfall gekommen ist und dann wird auch heftig über die bedrohung unserer meere durch diese dauernden verschmutzungen diskutiert leider tritt das dann in der zwischenzeit immer wieder sehr weit in den hintergrund die ständigen und wiederholten verstöße die genauso viel und dramatisch dazu beitragen dass nicht nur unsere meere sondern auch unsere küsten unter einer bedrohung leiden waren von uns ernst zu nehmen ich darf mich bei meinen kollegen mit denen wir diskutieren konnten dafür bedanken dass wir alle konsequent die linie vertreten haben dass unsere meere zu schützen sind ich spreche hier als angehörige eines binnenstaates trotzdem fühle ich als europäerin die verantwortung dafür unsere meere vor dauernden verschmutzungen aus billigem wirtschaftlichem interesse zu schützen und auch die prinzipien des dritten maritimen pakets zu integrieren was dringend notwendig ist wie es der rechtsausschuss auch vorgeschlagen hat 
de,en.20100506.3.4-027,offline,,76.997375,4.439542277001237,0.057658358833677606,"Ja, danke. Zu Recht haben ja die Vorreden auf die Bedeutung der EIB schon hingewiesen. Kollegin Kardenbach etwa hat von dem so notwendigen Beitrag zur sozialen Konvergenz gesprochen. Ich möchte das in einen politischen Kontext stellen. Wir erleben mit großer Sorge, dass in immer mehr Staaten Parteien der extremen Rechten einen Zulauf gewinnen. Und das tun sie auch, weil eben die soziale Konvergenz in der Europäischen Union nicht so funktioniert, wie wir uns das alle gewünscht haben. Dabei treten sie sehr, sehr häufig diese extremen Rechten als Wolf im Schafspelz aus, kaschieren damit eine dahinterstehende massive zynische Menschenverachtung. Letztes Beispiel, Herr Präsident, auch ich kenne Ihre politische Einstellung, was Herr Mölzer gerade gemacht hat. Er hält eine ganz nette Rede, aber zwischendrin nennt er einen politischen Gegner mich einen Psychopathen. Das ist die Sprache des Hitlerfaschismus. Das ist die Art, wie die arbeiten. Da wurden auch schon politische Gegner zu Unmenschen gestempelt. Ich bitte Sie, entsprechend dagegen vorzugehen. Und ich bitte die Kollegen von der EIB, weitere Arbeit fortzusetzen, auch im Bereich der Transparenz noch etwas transparenter zu werden, weil ihre Vorgangsweise ist auch eine Hilfe, für den aufkommenden neuen Faschismus zu bekämpfen.","Herr Präsident ! Zu Recht haben die Vorredner schon auf die Bedeutung der EIB hingewiesen . Kollegin Kadenbach etwa hat von dem so notwendigen Beitrag zur sozialen Konvergenz gesprochen . Ich möchte das in einen politischen Kontext stellen . Wir erleben mit großer Sorge , dass in immer mehr Staaten Parteien der extremen Rechten an Zulauf gewinnen . Das tun sie auch , weil die soziale Konvergenz in der Europäischen Union eben nicht so funktioniert , wie wir uns das alle gewünscht haben .
Dabei treten diese extremen Rechten sehr , sehr häufig als Wolf im Schafspelz auf , kaschieren damit eine dahinterstehende massive zynische Menschenverachtung . Letztes Beispiel , Herr Präsident – auch ich kenne Ihre politische Einstellung – , was Herr Mölzer gerade gemacht hat : Er hält eine ganz nette Rede , aber zwischendrin nennt er einen politischen Gegner – mich – einen Psychopathen . Das ist die Sprache des Hitler-Faschismus ! Das ist die Art , wie die arbeiten ! Da wurden auch schon politische Gegner zu Unmenschen gestempelt . Ich bitte Sie , entsprechend dagegen vorzugehen , und ich bitte die Kollegen von der EIB , weiter ihre Arbeit fortzusetzen , auch im Bereich der Transparenz , also noch etwas transparenter zu werden , weil ihre Vorgangsweise auch eine Hilfe ist , den aufkommenden neuen Faschismus zu bekämpfen .
",ja danke zu recht haben ja die vorreden auf die bedeutung der eib schon hingewiesen kollegin kardenbach etwa hat von dem so notwendigen beitrag zur sozialen konvergenz gesprochen ich möchte das in einen politischen kontext stellen wir erleben mit großer sorge dass in immer mehr staaten parteien der extremen rechten einen zulauf gewinnen und das tun sie auch weil eben die soziale konvergenz in der europäischen union nicht so funktioniert wie wir uns das alle gewünscht haben dabei treten sie sehr sehr häufig diese extremen rechten als wolf im schafspelz aus kaschieren damit eine dahinterstehende massive zynische menschenverachtung letztes beispiel herr präsident auch ich kenne ihre politische einstellung was herr mölzer gerade gemacht hat er hält eine ganz nette rede aber zwischendrin nennt er einen politischen gegner mich einen psychopathen das ist die sprache des hitlerfaschismus das ist die art wie die arbeiten da wurden auch schon politische gegner zu unmenschen gestempelt ich bitte sie entsprechend dagegen vorzugehen und ich bitte die kollegen von der eib weitere arbeit fortzusetzen auch im bereich der transparenz noch etwas transparenter zu werden weil ihre vorgangsweise ist auch eine hilfe für den aufkommenden neuen faschismus zu bekämpfen ,herr präsident zu recht haben die vorredner schon auf die bedeutung der eib hingewiesen kollegin kadenbach etwa hat von dem so notwendigen beitrag zur sozialen konvergenz gesprochen ich möchte das in einen politischen kontext stellen wir erleben mit großer sorge dass in immer mehr staaten parteien der extremen rechten an zulauf gewinnen das tun sie auch weil die soziale konvergenz in der europäischen union eben nicht so funktioniert wie wir uns das alle gewünscht haben dabei treten diese extremen rechten sehr sehr häufig als wolf im schafspelz auf kaschieren damit eine dahinterstehende massive zynische menschenverachtung letztes beispiel herr präsident auch ich kenne ihre politische einstellung was herr mölzer gerade gemacht hat er hält eine ganz nette rede aber zwischendrin nennt er einen politischen gegner mich einen psychopathen das ist die sprache des hitler faschismus das ist die art wie die arbeiten da wurden auch schon politische gegner zu unmenschen gestempelt ich bitte sie entsprechend dagegen vorzugehen und ich bitte die kollegen von der eib weiter ihre arbeit fortzusetzen auch im bereich der transparenz also noch etwas transparenter zu werden weil ihre vorgangsweise auch eine hilfe ist den aufkommenden neuen faschismus zu bekämpfen 
de,en.20100506.3.4-027,streaming,,76.997375,43.5417312339996,0.565496307296185,"Ja, danke. Zu Recht haben ja die Vorreden auf die Bedeutung der EIB schon hingewiesen, Kollegin Kadenbach etwa hat von dem so notwendigen Beitrag zur sozialen Konvergenz gesprochen. Ich möchte das in einen politischen Kontext stellen. Wir erleben mit großer Sorge, dass in immer mehr Staaten Parteien der extremen Rechten einen Zulauf gewinnen. Und das tun sie auch, weil eben die soziale Konvergenz in der Europäischen Union nicht so funktioniert, wie wir uns das alle gewünscht haben. Dabei treten sie sehr, sehr häufig diese extremen Rechten als Wolf im Schafspelz aus, kaschieren damit eine der Hinterstehende massive zynische Menschenverachtung. Letztes Beispiel, Herr Präsident, auch ich kenne Ihre politische Einstellung. Was Herr Mölzer gerade gemacht hat, er hält eine ganz nette Rede, aber zwischendrin nennt er einen politischen Gegner mich, einen Psychopathen. Das ist die Sprache des Hitlerfaschismus. Das ist die Art, wie die arbeiten. Da wurden auch schon politische Gegner zu Unmenschen gestempelt. Ich bitte Sie entsprechend dagegen vorzugehen. Und ich bitte die Kollegen von der EIB, weitere Arbeit fortzusetzen, auch im Bereich der Transparenz noch etwas transparenter zu werden, weil ihre Vorgangsweise ist auch eine Hilfe für den aufkommenden neuen Faschismus zu bekämpfen.","Herr Präsident ! Zu Recht haben die Vorredner schon auf die Bedeutung der EIB hingewiesen . Kollegin Kadenbach etwa hat von dem so notwendigen Beitrag zur sozialen Konvergenz gesprochen . Ich möchte das in einen politischen Kontext stellen . Wir erleben mit großer Sorge , dass in immer mehr Staaten Parteien der extremen Rechten an Zulauf gewinnen . Das tun sie auch , weil die soziale Konvergenz in der Europäischen Union eben nicht so funktioniert , wie wir uns das alle gewünscht haben .
Dabei treten diese extremen Rechten sehr , sehr häufig als Wolf im Schafspelz auf , kaschieren damit eine dahinterstehende massive zynische Menschenverachtung . Letztes Beispiel , Herr Präsident – auch ich kenne Ihre politische Einstellung – , was Herr Mölzer gerade gemacht hat : Er hält eine ganz nette Rede , aber zwischendrin nennt er einen politischen Gegner – mich – einen Psychopathen . Das ist die Sprache des Hitler-Faschismus ! Das ist die Art , wie die arbeiten ! Da wurden auch schon politische Gegner zu Unmenschen gestempelt . Ich bitte Sie , entsprechend dagegen vorzugehen , und ich bitte die Kollegen von der EIB , weiter ihre Arbeit fortzusetzen , auch im Bereich der Transparenz , also noch etwas transparenter zu werden , weil ihre Vorgangsweise auch eine Hilfe ist , den aufkommenden neuen Faschismus zu bekämpfen .
",ja danke zu recht haben ja die vorreden auf die bedeutung der eib schon hingewiesen kollegin kadenbach etwa hat von dem so notwendigen beitrag zur sozialen konvergenz gesprochen ich möchte das in einen politischen kontext stellen wir erleben mit großer sorge dass in immer mehr staaten parteien der extremen rechten einen zulauf gewinnen und das tun sie auch weil eben die soziale konvergenz in der europäischen union nicht so funktioniert wie wir uns das alle gewünscht haben dabei treten sie sehr sehr häufig diese extremen rechten als wolf im schafspelz aus kaschieren damit eine der hinterstehende massive zynische menschenverachtung letztes beispiel herr präsident auch ich kenne ihre politische einstellung was herr mölzer gerade gemacht hat er hält eine ganz nette rede aber zwischendrin nennt er einen politischen gegner mich einen psychopathen das ist die sprache des hitlerfaschismus das ist die art wie die arbeiten da wurden auch schon politische gegner zu unmenschen gestempelt ich bitte sie entsprechend dagegen vorzugehen und ich bitte die kollegen von der eib weitere arbeit fortzusetzen auch im bereich der transparenz noch etwas transparenter zu werden weil ihre vorgangsweise ist auch eine hilfe für den aufkommenden neuen faschismus zu bekämpfen ,herr präsident zu recht haben die vorredner schon auf die bedeutung der eib hingewiesen kollegin kadenbach etwa hat von dem so notwendigen beitrag zur sozialen konvergenz gesprochen ich möchte das in einen politischen kontext stellen wir erleben mit großer sorge dass in immer mehr staaten parteien der extremen rechten an zulauf gewinnen das tun sie auch weil die soziale konvergenz in der europäischen union eben nicht so funktioniert wie wir uns das alle gewünscht haben dabei treten diese extremen rechten sehr sehr häufig als wolf im schafspelz auf kaschieren damit eine dahinterstehende massive zynische menschenverachtung letztes beispiel herr präsident auch ich kenne ihre politische einstellung was herr mölzer gerade gemacht hat er hält eine ganz nette rede aber zwischendrin nennt er einen politischen gegner mich einen psychopathen das ist die sprache des hitler faschismus das ist die art wie die arbeiten da wurden auch schon politische gegner zu unmenschen gestempelt ich bitte sie entsprechend dagegen vorzugehen und ich bitte die kollegen von der eib weiter ihre arbeit fortzusetzen auch im bereich der transparenz also noch etwas transparenter zu werden weil ihre vorgangsweise auch eine hilfe ist den aufkommenden neuen faschismus zu bekämpfen 
de,en.20101110.14.3-055,offline,,76.0221875,4.466447564000191,0.058751894820182476,"Kolleginnen und Kollegen im transatlantischen Dialog gibt es jeweils Vieles, was uns vereint. Dies sind Grundwerte, Grundrechte von Freiheit und Demokratie. Es gibt aber auch einiges, was uns trennt, nämlich die Anwendung und Konkretisierung dieser jeweiligen Rechte, wenn es zu transatlantischen Beziehungen kommt. Vor allem dann, wenn es um Security-Fragen geht, tritt dieser Widerspruch immer wieder ganz deutlich heraus. Datenschutz ist eine Quelle für ständige Missverständnisse. Das wissen wir seit langem. Deswegen wird das Rahmenabkommen, wenn es uns dann gelingt, ein sehr gutes zu bekommen, ein ganz großer Schritt vorwärts sein. Wir müssen hier eine Lösung finden, dass es auch Bürgerinnen und Bürgern auf beiden Seiten des Atlantiks gelingt, beim jeweils anderen Partner seine oder ihre Rechte geltend zu machen. Ein zweiter wichtiger Punkt, wo wir ähnliche Grundlagen, aber ganz unterschiedliche Zugangsweisen haben, ist der Klimaschutz. Deswegen wünsche ich mir sehr, dass er zum Thema wird und dass er deutlich besprochen wird. Die Europäische Union darf den transatlantischen Dialog nicht dazu benutzen, die eigenen Versprechen und Commitments zu schwächen. Danke.","Herr Präsident , werte Kolleginnen und Kollegen ! Im transatlantischen Dialog gibt es vieles , was uns vereint – dies sind Grundwerte , Grundrechte von Freiheit und Demokratie – , es gibt aber auch einiges , was uns trennt , nämlich die Anwendung und Konkretisierung dieser jeweiligen Rechte , wenn es zu transatlantischen Beziehungen kommt . Vor allem dann , wenn es um Fragen der Gefahrenabwehr geht , tritt dieser Widerspruch immer wieder ganz deutlich heraus . Datenschutz ist eine Quelle für ständige Missverständnisse , das wissen wir seit langem . Deswegen wird das Rahmenabkommen – wenn es uns denn gelingt , ein sehr gutes zu bekommen – ein ganz großer Schritt vorwärts sein . Wir müssen hier eine Lösung finden , dass es auch Bürgerinnen und Bürgern auf beiden Seiten des Atlantiks gelingt , beim jeweils anderen Partner ihre Rechte geltend zu machen .
Ein zweiter wichtiger Punkt , wo wir ähnliche Grundlagen , aber ganz unterschiedliche Zugangsweisen haben , ist der Klimaschutz . Deswegen wünsche ich mir sehr , dass er zum Thema wird und dass er deutlich besprochen wird . Die Europäische Union darf den transatlantischen Dialog nicht dazu benutzen , die eigenen Versprechungen und Zusagen zu schwächen .
",kolleginnen und kollegen im transatlantischen dialog gibt es jeweils vieles was uns vereint dies sind grundwerte grundrechte von freiheit und demokratie es gibt aber auch einiges was uns trennt nämlich die anwendung und konkretisierung dieser jeweiligen rechte wenn es zu transatlantischen beziehungen kommt vor allem dann wenn es um security fragen geht tritt dieser widerspruch immer wieder ganz deutlich heraus datenschutz ist eine quelle für ständige missverständnisse das wissen wir seit langem deswegen wird das rahmenabkommen wenn es uns dann gelingt ein sehr gutes zu bekommen ein ganz großer schritt vorwärts sein wir müssen hier eine lösung finden dass es auch bürgerinnen und bürgern auf beiden seiten des atlantiks gelingt beim jeweils anderen partner seine oder ihre rechte geltend zu machen ein zweiter wichtiger punkt wo wir ähnliche grundlagen aber ganz unterschiedliche zugangsweisen haben ist der klimaschutz deswegen wünsche ich mir sehr dass er zum thema wird und dass er deutlich besprochen wird die europäische union darf den transatlantischen dialog nicht dazu benutzen die eigenen versprechen und commitments zu schwächen danke ,herr präsident werte kolleginnen und kollegen im transatlantischen dialog gibt es vieles was uns vereint dies sind grundwerte grundrechte von freiheit und demokratie es gibt aber auch einiges was uns trennt nämlich die anwendung und konkretisierung dieser jeweiligen rechte wenn es zu transatlantischen beziehungen kommt vor allem dann wenn es um fragen der gefahrenabwehr geht tritt dieser widerspruch immer wieder ganz deutlich heraus datenschutz ist eine quelle für ständige missverständnisse das wissen wir seit langem deswegen wird das rahmenabkommen wenn es uns denn gelingt ein sehr gutes zu bekommen ein ganz großer schritt vorwärts sein wir müssen hier eine lösung finden dass es auch bürgerinnen und bürgern auf beiden seiten des atlantiks gelingt beim jeweils anderen partner ihre rechte geltend zu machen ein zweiter wichtiger punkt wo wir ähnliche grundlagen aber ganz unterschiedliche zugangsweisen haben ist der klimaschutz deswegen wünsche ich mir sehr dass er zum thema wird und dass er deutlich besprochen wird die europäische union darf den transatlantischen dialog nicht dazu benutzen die eigenen versprechungen und zusagen zu schwächen 
de,en.20101110.14.3-055,streaming,,76.0221875,41.52688817800117,0.5462469516284463,"Frau Präsidentin, liebe Kolleginnen und Kollegen! Im transatlantischen Dialog gibt es jeweils Vieles, was uns vereint. Die sind Grundwerte, Grundrechte von Freiheit und Demokratie. Es gibt aber auch einiges, was uns trennt, nämlich die Anwendung und Konkretisierung dieser jeweiligen Rechte, wenn es zu transatlantischen Beziehungen kommt. Vor allem dann, wenn es um Security-Fragen geht, tritt dieser Widerspruch immer wieder ganz deutlich heraus. Datenschutz ist eine Quelle für ständige Missverständnisse. Das wissen wir seit langem. Deswegen wird das Rahmenabkommen, wenn es uns dann gelingt, ein sehr gutes zu bekommen, ein ganz großer Schritt vorwärts sein. Wir müssen hier eine Lösung finden, dass es auch Bürgerinnen und Bürgern auf beiden Seiten des Atlantiks gelingt, beim jeweils anderen Partner seine oder ihre Rechte geltend zu machen. Ein zweiter wichtiger Punkt, wo wir ähnliche Grundlagen, aber ganz unterschiedliche Zugangsweisen haben, ist der Klimaschutz. Deswegen wünsche ich mir sehr, dass er zum Thema wird und dass er deutlich besprochen wird. Die Europäische Union darf den transatlantischen Dialog nicht dazu benutzen, die eigenen Versprechen und Commitments zu schwächen. Danke.","Herr Präsident , werte Kolleginnen und Kollegen ! Im transatlantischen Dialog gibt es vieles , was uns vereint – dies sind Grundwerte , Grundrechte von Freiheit und Demokratie – , es gibt aber auch einiges , was uns trennt , nämlich die Anwendung und Konkretisierung dieser jeweiligen Rechte , wenn es zu transatlantischen Beziehungen kommt . Vor allem dann , wenn es um Fragen der Gefahrenabwehr geht , tritt dieser Widerspruch immer wieder ganz deutlich heraus . Datenschutz ist eine Quelle für ständige Missverständnisse , das wissen wir seit langem . Deswegen wird das Rahmenabkommen – wenn es uns denn gelingt , ein sehr gutes zu bekommen – ein ganz großer Schritt vorwärts sein . Wir müssen hier eine Lösung finden , dass es auch Bürgerinnen und Bürgern auf beiden Seiten des Atlantiks gelingt , beim jeweils anderen Partner ihre Rechte geltend zu machen .
Ein zweiter wichtiger Punkt , wo wir ähnliche Grundlagen , aber ganz unterschiedliche Zugangsweisen haben , ist der Klimaschutz . Deswegen wünsche ich mir sehr , dass er zum Thema wird und dass er deutlich besprochen wird . Die Europäische Union darf den transatlantischen Dialog nicht dazu benutzen , die eigenen Versprechungen und Zusagen zu schwächen .
",frau präsidentin liebe kolleginnen und kollegen im transatlantischen dialog gibt es jeweils vieles was uns vereint die sind grundwerte grundrechte von freiheit und demokratie es gibt aber auch einiges was uns trennt nämlich die anwendung und konkretisierung dieser jeweiligen rechte wenn es zu transatlantischen beziehungen kommt vor allem dann wenn es um security fragen geht tritt dieser widerspruch immer wieder ganz deutlich heraus datenschutz ist eine quelle für ständige missverständnisse das wissen wir seit langem deswegen wird das rahmenabkommen wenn es uns dann gelingt ein sehr gutes zu bekommen ein ganz großer schritt vorwärts sein wir müssen hier eine lösung finden dass es auch bürgerinnen und bürgern auf beiden seiten des atlantiks gelingt beim jeweils anderen partner seine oder ihre rechte geltend zu machen ein zweiter wichtiger punkt wo wir ähnliche grundlagen aber ganz unterschiedliche zugangsweisen haben ist der klimaschutz deswegen wünsche ich mir sehr dass er zum thema wird und dass er deutlich besprochen wird die europäische union darf den transatlantischen dialog nicht dazu benutzen die eigenen versprechen und commitments zu schwächen danke ,herr präsident werte kolleginnen und kollegen im transatlantischen dialog gibt es vieles was uns vereint dies sind grundwerte grundrechte von freiheit und demokratie es gibt aber auch einiges was uns trennt nämlich die anwendung und konkretisierung dieser jeweiligen rechte wenn es zu transatlantischen beziehungen kommt vor allem dann wenn es um fragen der gefahrenabwehr geht tritt dieser widerspruch immer wieder ganz deutlich heraus datenschutz ist eine quelle für ständige missverständnisse das wissen wir seit langem deswegen wird das rahmenabkommen wenn es uns denn gelingt ein sehr gutes zu bekommen ein ganz großer schritt vorwärts sein wir müssen hier eine lösung finden dass es auch bürgerinnen und bürgern auf beiden seiten des atlantiks gelingt beim jeweils anderen partner ihre rechte geltend zu machen ein zweiter wichtiger punkt wo wir ähnliche grundlagen aber ganz unterschiedliche zugangsweisen haben ist der klimaschutz deswegen wünsche ich mir sehr dass er zum thema wird und dass er deutlich besprochen wird die europäische union darf den transatlantischen dialog nicht dazu benutzen die eigenen versprechungen und zusagen zu schwächen 
de,en.20120418.22.3-420-000,offline,,70.0314375,3.37193819300046,0.04814892158968549,"Sehr verehrte Kollegen, die Lage derzeit der öffentlichen Finanzen und der Wirtschaft in Europa lässt keinen Raum für eine steuerpolitische Märchenstunde. Die Lage im Rat ist doch ganz einfach die, dass bei steuerpolitischen Vorschlägen dort wenig vorangeht. Warum? Weil einige Länder gegen weitere Steuerkooperationen sind. Sie profitieren von aggressiver Steuerplanung. Sie sind selbst Steueroasen. Und in den Verträgen steht eindeutig Einstimmigkeit in Steuerfragen festgeschrieben. Deshalb hat die EU-Kommission in der Vergangenheit mehrfach Schiffbruch erlitten mit ihren Vorschlägen. Sie werden verwässert. Sie kommen nicht vorwärts, wie bei der Zinsrichtlinie. Und bei neueren Vorschlägen wurde im voraussehenden Gehorsam schon gar nichts anspruchsvolles mehr vorgeschlagen. Ich bitte Sie daher, Herr Schmitz, ich weiß, Ihr Job ist nicht einfach diesbezüglich. Ändern Sie die Strategie, legen Sie scharfe Maßnahmen vor und setzen Sie dann auf die verstärkte Zusammenarbeit, um die Blockadeposition im Rat zu beenden.","Herr Präsident ! Sehr verehrte Kollegen ! Die derzeitige Lage der öffentlichen Finanzen und der Wirtschaft in Europa lässt keinen Raum für eine steuerpolitische Märchenstunde . Die Lage im Rat ist doch ganz einfach die , dass bei steuerpolitischen Vorschlägen dort wenig vorangeht . Warum ? Weil einige Länder gegen weitere Steuerkooperation sind . Sie profitieren von aggressiver Steuerplanung , sie sind selbst Steueroasen .
In den Verträgen ist eindeutig die Einstimmigkeit in Steuerfragen festgeschrieben . Deshalb hat die EU-Kommission in der Vergangenheit mehrfach mit ihren Vorschlägen Schiffbruch erlitten . Sie werden verwässert , man kommt nicht vorwärts , wie bei der Zinsrichtlinie , und bei neueren Vorschlägen wurde in vorauseilendem Gehorsam schon gar nichts Anspruchsvolles mehr vorgeschlagen . Ich bitte Sie daher , Herr Šemeta – ich weiß , Ihr Job ist diesbezüglich nicht einfach – ändern Sie die Strategie , legen Sie scharfe Maßnahmen vor und setzen Sie dann auf die verstärkte Zusammenarbeit , um die Blockadeposition im Rat zu beenden !
",sehr verehrte kollegen die lage derzeit der öffentlichen finanzen und der wirtschaft in europa lässt keinen raum für eine steuerpolitische märchenstunde die lage im rat ist doch ganz einfach die dass bei steuerpolitischen vorschlägen dort wenig vorangeht warum weil einige länder gegen weitere steuerkooperationen sind sie profitieren von aggressiver steuerplanung sie sind selbst steueroasen und in den verträgen steht eindeutig einstimmigkeit in steuerfragen festgeschrieben deshalb hat die eu kommission in der vergangenheit mehrfach schiffbruch erlitten mit ihren vorschlägen sie werden verwässert sie kommen nicht vorwärts wie bei der zinsrichtlinie und bei neueren vorschlägen wurde im voraussehenden gehorsam schon gar nichts anspruchsvolles mehr vorgeschlagen ich bitte sie daher herr schmitz ich weiß ihr job ist nicht einfach diesbezüglich ändern sie die strategie legen sie scharfe maßnahmen vor und setzen sie dann auf die verstärkte zusammenarbeit um die blockadeposition im rat zu beenden ,herr präsident sehr verehrte kollegen die derzeitige lage der öffentlichen finanzen und der wirtschaft in europa lässt keinen raum für eine steuerpolitische märchenstunde die lage im rat ist doch ganz einfach die dass bei steuerpolitischen vorschlägen dort wenig vorangeht warum weil einige länder gegen weitere steuerkooperation sind sie profitieren von aggressiver steuerplanung sie sind selbst steueroasen in den verträgen ist eindeutig die einstimmigkeit in steuerfragen festgeschrieben deshalb hat die eu kommission in der vergangenheit mehrfach mit ihren vorschlägen schiffbruch erlitten sie werden verwässert man kommt nicht vorwärts wie bei der zinsrichtlinie und bei neueren vorschlägen wurde in vorauseilendem gehorsam schon gar nichts anspruchsvolles mehr vorgeschlagen ich bitte sie daher herr šemeta ich weiß ihr job ist diesbezüglich nicht einfach ändern sie die strategie legen sie scharfe maßnahmen vor und setzen sie dann auf die verstärkte zusammenarbeit um die blockadeposition im rat zu beenden 
de,en.20120418.22.3-420-000,streaming,,70.0314375,36.20154779299992,0.5169328102539652,"Der verehrte Kollegen, die Lage derzeit der öffentlichen Finanzen und der Wirtschaft in Europa lässt keinen Raum für eine steuerpolitische Märchenstunde. Die Lage im Rat ist doch ganz einfach die, dass bei steuerpolitischen Vorschlägen dort wenig vorangeht. Warum? Weil einige Länder gegen weitere Steuerkooperationen sind. Sie profitieren von aggressiven Steuerplanung. Sie sind selbst Steueroasen und in den Verträgen steht eindeutig Einstimmigkeit in Steuerfragen festgeschrieben. Deshalb hat die EU-Kommission in der Vergangenheit mehrfach Schiffbruch erlitten mit ihren Vorschlägen. Sie werden verwässert. Sie kommen nicht vorwärts, wie bei der Zinsrichtlinie und bei neueren Vorschlägen wurde im voraussehenden Gehorsam schon gar nichts anspruchsvolles mehr vorgeschlagen. Ich bitte Sie daher, Schmitter. Ich weiß, Ihr Job ist nicht einfach diesbezüglich. Ändern Sie die Strategie. Legen Sie scharfe Maßnahmen vor und setzen Sie dann auf die verstärkte Zusammenarbeit, um die Blockadeposition im Rat zu beenden.","Herr Präsident ! Sehr verehrte Kollegen ! Die derzeitige Lage der öffentlichen Finanzen und der Wirtschaft in Europa lässt keinen Raum für eine steuerpolitische Märchenstunde . Die Lage im Rat ist doch ganz einfach die , dass bei steuerpolitischen Vorschlägen dort wenig vorangeht . Warum ? Weil einige Länder gegen weitere Steuerkooperation sind . Sie profitieren von aggressiver Steuerplanung , sie sind selbst Steueroasen .
In den Verträgen ist eindeutig die Einstimmigkeit in Steuerfragen festgeschrieben . Deshalb hat die EU-Kommission in der Vergangenheit mehrfach mit ihren Vorschlägen Schiffbruch erlitten . Sie werden verwässert , man kommt nicht vorwärts , wie bei der Zinsrichtlinie , und bei neueren Vorschlägen wurde in vorauseilendem Gehorsam schon gar nichts Anspruchsvolles mehr vorgeschlagen . Ich bitte Sie daher , Herr Šemeta – ich weiß , Ihr Job ist diesbezüglich nicht einfach – ändern Sie die Strategie , legen Sie scharfe Maßnahmen vor und setzen Sie dann auf die verstärkte Zusammenarbeit , um die Blockadeposition im Rat zu beenden !
",der verehrte kollegen die lage derzeit der öffentlichen finanzen und der wirtschaft in europa lässt keinen raum für eine steuerpolitische märchenstunde die lage im rat ist doch ganz einfach die dass bei steuerpolitischen vorschlägen dort wenig vorangeht warum weil einige länder gegen weitere steuerkooperationen sind sie profitieren von aggressiven steuerplanung sie sind selbst steueroasen und in den verträgen steht eindeutig einstimmigkeit in steuerfragen festgeschrieben deshalb hat die eu kommission in der vergangenheit mehrfach schiffbruch erlitten mit ihren vorschlägen sie werden verwässert sie kommen nicht vorwärts wie bei der zinsrichtlinie und bei neueren vorschlägen wurde im voraussehenden gehorsam schon gar nichts anspruchsvolles mehr vorgeschlagen ich bitte sie daher schmitter ich weiß ihr job ist nicht einfach diesbezüglich ändern sie die strategie legen sie scharfe maßnahmen vor und setzen sie dann auf die verstärkte zusammenarbeit um die blockadeposition im rat zu beenden ,herr präsident sehr verehrte kollegen die derzeitige lage der öffentlichen finanzen und der wirtschaft in europa lässt keinen raum für eine steuerpolitische märchenstunde die lage im rat ist doch ganz einfach die dass bei steuerpolitischen vorschlägen dort wenig vorangeht warum weil einige länder gegen weitere steuerkooperation sind sie profitieren von aggressiver steuerplanung sie sind selbst steueroasen in den verträgen ist eindeutig die einstimmigkeit in steuerfragen festgeschrieben deshalb hat die eu kommission in der vergangenheit mehrfach mit ihren vorschlägen schiffbruch erlitten sie werden verwässert man kommt nicht vorwärts wie bei der zinsrichtlinie und bei neueren vorschlägen wurde in vorauseilendem gehorsam schon gar nichts anspruchsvolles mehr vorgeschlagen ich bitte sie daher herr šemeta ich weiß ihr job ist diesbezüglich nicht einfach ändern sie die strategie legen sie scharfe maßnahmen vor und setzen sie dann auf die verstärkte zusammenarbeit um die blockadeposition im rat zu beenden 
de,en.20110215.4.2-073-000,offline,,65.991125,4.579491043999951,0.06939555953925548,"Vielen Dank, Frau Vorsitzende. Ich möchte alle beglückwünschen, besonders den Kollegen Kansjian für seine Bemühungen bei der schwierigen und langwierigen Ausarbeitung eines Kompromisses in diesem schwierigen Dossier. Es gab Erfolge, die schon aufgezählt wurden, aber es gab auch Enttäuschungen wie zum Beispiel der Geltungsbereich und andere Spitzfindigkeiten, die schon dargestellt wurden. Mit diesem Kompromiss für den Busverkehr haben wir die Passagierrechte für alle Transportarten abgedeckt. Der nächste notwendige Schritt ist es, ein gemeinsames, kohärentes und effizientes Rahmenprogramm für alle Passagierrechte zu schaffen. Gerechte und klar definierte Rechte sind für die Glaubwürdigkeit der EU bei den europäischen Bürgerinnen und Bürgern von besonderer Wichtigkeit. Und um glaubwürdig zu sein, muss deshalb unbedingt die Kohärenz der Rechte für die verschiedenen Transportarten respektiert werden. Es geht nicht anders für die Rechte der Flugzeugpassagiere. Fundamental andere Kriterien gelten als zum Beispiel für Zugpassagiere. Deshalb ist es besonders wichtig bei der Ausarbeitung eines Rahmenprogramms nicht an den niedrigsten und schwächsten Standards, sondern dass wir im Sinne der Bürgerinnen und Bürger ehrgeizige Ziele nicht aus den Augen verlieren. Vielen","Frau Präsidentin ! Ich möchte alle beglückwünschen , besonders aber dem Kollegen Cancian für seine Bemühungen bei der schwierigen und langwierigen Ausarbeitung eines Kompromisses in diesem schwierigen Dossier danken .
Es gab Erfolge , die schon aufgezählt wurden , aber es gab auch Enttäuschungen , z. B. hinsichtlich des Geltungsbereichs und anderer Spitzfindigkeiten , die schon dargestellt wurden . Mit diesem Kompromiss für den Busverkehr haben wir die Passagierrechte für alle Transportarten abgedeckt . Der nächste notwendige Schritt ist es , ein gemeinsames kohärentes und effizientes Rahmenprogramm für alle Passagierrechte zu schaffen .
Gerechte und klar definierte Rechte sind für die Glaubwürdigkeit der EU bei den europäischen Bürgerinnen und Bürgern von besonderer Wichtigkeit . Um glaubwürdig zu sein , muss deshalb unbedingt die Kohärenz der Rechte für die verschiedenen Transportarten respektiert werden . Es geht nicht an , dass für die Rechte der Flugpassagiere fundamental andere Kriterien gelten als z. B. für Zugpassagiere .
Deshalb ist es besonders wichtig , dass wir uns bei der Ausarbeitung eines Rahmenprogramms nicht an den niedrigsten und schwächsten Standards orientieren , sondern dass wir im Sinne der Bürgerinnen und Bürger ehrgeizige Ziele nicht aus den Augen verlieren .
",vielen dank frau vorsitzende ich möchte alle beglückwünschen besonders den kollegen kansjian für seine bemühungen bei der schwierigen und langwierigen ausarbeitung eines kompromisses in diesem schwierigen dossier es gab erfolge die schon aufgezählt wurden aber es gab auch enttäuschungen wie zum beispiel der geltungsbereich und andere spitzfindigkeiten die schon dargestellt wurden mit diesem kompromiss für den busverkehr haben wir die passagierrechte für alle transportarten abgedeckt der nächste notwendige schritt ist es ein gemeinsames kohärentes und effizientes rahmenprogramm für alle passagierrechte zu schaffen gerechte und klar definierte rechte sind für die glaubwürdigkeit der eu bei den europäischen bürgerinnen und bürgern von besonderer wichtigkeit und um glaubwürdig zu sein muss deshalb unbedingt die kohärenz der rechte für die verschiedenen transportarten respektiert werden es geht nicht anders für die rechte der flugzeugpassagiere fundamental andere kriterien gelten als zum beispiel für zugpassagiere deshalb ist es besonders wichtig bei der ausarbeitung eines rahmenprogramms nicht an den niedrigsten und schwächsten standards sondern dass wir im sinne der bürgerinnen und bürger ehrgeizige ziele nicht aus den augen verlieren vielen,frau präsidentin ich möchte alle beglückwünschen besonders aber dem kollegen cancian für seine bemühungen bei der schwierigen und langwierigen ausarbeitung eines kompromisses in diesem schwierigen dossier danken es gab erfolge die schon aufgezählt wurden aber es gab auch enttäuschungen z b hinsichtlich des geltungsbereichs und anderer spitzfindigkeiten die schon dargestellt wurden mit diesem kompromiss für den busverkehr haben wir die passagierrechte für alle transportarten abgedeckt der nächste notwendige schritt ist es ein gemeinsames kohärentes und effizientes rahmenprogramm für alle passagierrechte zu schaffen gerechte und klar definierte rechte sind für die glaubwürdigkeit der eu bei den europäischen bürgerinnen und bürgern von besonderer wichtigkeit um glaubwürdig zu sein muss deshalb unbedingt die kohärenz der rechte für die verschiedenen transportarten respektiert werden es geht nicht an dass für die rechte der flugpassagiere fundamental andere kriterien gelten als z b für zugpassagiere deshalb ist es besonders wichtig dass wir uns bei der ausarbeitung eines rahmenprogramms nicht an den niedrigsten und schwächsten standards orientieren sondern dass wir im sinne der bürgerinnen und bürger ehrgeizige ziele nicht aus den augen verlieren 
de,en.20110215.4.2-073-000,streaming,,65.991125,35.52934399900005,0.5383957918432221,"Ja, vielen Dank, Frau Vorsitzende. Ich möchte alle beglückwünschen, besonders den Kollegen Kansian für seine Bemühungen bei der schwierigen und langwierigen Ausarbeitung eines Kompromisses in diesem schwierigen Dossier. Es gab Erfolge, die schon aufgezählt wurden, aber es gab auch Enttäuschungen, wie zum Beispiel der Geltungsbereich und andere Spitzfindigkeiten, die schon dargestellt wurden. Mit diesem Kompromiss für den Busverkehr haben wir die Passagierrechte für alle Transportarten abgedeckt. Der nächste notwendige Schritt ist es, ein gemeinsames, kohärentes und effizientes Rahmenprogramm für alle Passagierrechte zu schaffen. Gerechte und klar definierte Rechte sind für die glaubwürdigkeit der EU bei den europäischen Bürgerinnen und Bürgern von besonderer Wichtigkeit. Und um glaubwürdig zu sein, muss deshalb unbedingt die Kohärenz der Rechte für die verschiedenen Transportarten respektiert werden. Es geht nicht anders für die Rechte der Flugzeugpassagiere. Fundamental andere Kriterien gelten als zum Beispiel für Zugpassagiere. Deshalb ist es besonders wichtig bei der Ausarbeitung eines Rahmenprogramms nicht an den niedrigsten und schwächsten Parteien anzuknüpfen, sondern dass wir im Sinne der Bürgerinnen und Bürger ehrgeizige Ziele nicht aus den Augen verlieren. Vielen","Frau Präsidentin ! Ich möchte alle beglückwünschen , besonders aber dem Kollegen Cancian für seine Bemühungen bei der schwierigen und langwierigen Ausarbeitung eines Kompromisses in diesem schwierigen Dossier danken .
Es gab Erfolge , die schon aufgezählt wurden , aber es gab auch Enttäuschungen , z. B. hinsichtlich des Geltungsbereichs und anderer Spitzfindigkeiten , die schon dargestellt wurden . Mit diesem Kompromiss für den Busverkehr haben wir die Passagierrechte für alle Transportarten abgedeckt . Der nächste notwendige Schritt ist es , ein gemeinsames kohärentes und effizientes Rahmenprogramm für alle Passagierrechte zu schaffen .
Gerechte und klar definierte Rechte sind für die Glaubwürdigkeit der EU bei den europäischen Bürgerinnen und Bürgern von besonderer Wichtigkeit . Um glaubwürdig zu sein , muss deshalb unbedingt die Kohärenz der Rechte für die verschiedenen Transportarten respektiert werden . Es geht nicht an , dass für die Rechte der Flugpassagiere fundamental andere Kriterien gelten als z. B. für Zugpassagiere .
Deshalb ist es besonders wichtig , dass wir uns bei der Ausarbeitung eines Rahmenprogramms nicht an den niedrigsten und schwächsten Standards orientieren , sondern dass wir im Sinne der Bürgerinnen und Bürger ehrgeizige Ziele nicht aus den Augen verlieren .
",ja vielen dank frau vorsitzende ich möchte alle beglückwünschen besonders den kollegen kansian für seine bemühungen bei der schwierigen und langwierigen ausarbeitung eines kompromisses in diesem schwierigen dossier es gab erfolge die schon aufgezählt wurden aber es gab auch enttäuschungen wie zum beispiel der geltungsbereich und andere spitzfindigkeiten die schon dargestellt wurden mit diesem kompromiss für den busverkehr haben wir die passagierrechte für alle transportarten abgedeckt der nächste notwendige schritt ist es ein gemeinsames kohärentes und effizientes rahmenprogramm für alle passagierrechte zu schaffen gerechte und klar definierte rechte sind für die glaubwürdigkeit der eu bei den europäischen bürgerinnen und bürgern von besonderer wichtigkeit und um glaubwürdig zu sein muss deshalb unbedingt die kohärenz der rechte für die verschiedenen transportarten respektiert werden es geht nicht anders für die rechte der flugzeugpassagiere fundamental andere kriterien gelten als zum beispiel für zugpassagiere deshalb ist es besonders wichtig bei der ausarbeitung eines rahmenprogramms nicht an den niedrigsten und schwächsten parteien anzuknüpfen sondern dass wir im sinne der bürgerinnen und bürger ehrgeizige ziele nicht aus den augen verlieren vielen,frau präsidentin ich möchte alle beglückwünschen besonders aber dem kollegen cancian für seine bemühungen bei der schwierigen und langwierigen ausarbeitung eines kompromisses in diesem schwierigen dossier danken es gab erfolge die schon aufgezählt wurden aber es gab auch enttäuschungen z b hinsichtlich des geltungsbereichs und anderer spitzfindigkeiten die schon dargestellt wurden mit diesem kompromiss für den busverkehr haben wir die passagierrechte für alle transportarten abgedeckt der nächste notwendige schritt ist es ein gemeinsames kohärentes und effizientes rahmenprogramm für alle passagierrechte zu schaffen gerechte und klar definierte rechte sind für die glaubwürdigkeit der eu bei den europäischen bürgerinnen und bürgern von besonderer wichtigkeit um glaubwürdig zu sein muss deshalb unbedingt die kohärenz der rechte für die verschiedenen transportarten respektiert werden es geht nicht an dass für die rechte der flugpassagiere fundamental andere kriterien gelten als z b für zugpassagiere deshalb ist es besonders wichtig dass wir uns bei der ausarbeitung eines rahmenprogramms nicht an den niedrigsten und schwächsten standards orientieren sondern dass wir im sinne der bürgerinnen und bürger ehrgeizige ziele nicht aus den augen verlieren 
de,en.20110928.23.3-400-000,offline,,30.9754375,1.5710811259996262,0.05072022391934339,"Es scheint mir zwecklos zu sein, aber eine Einladung möchte ich an ihn aussprechen. Ich habe ihn noch nie in den Beratungen über Rio oder über andere große weltweite Konferenzen gesehen, aber immer hier im Plenum reden gehört. Ich möchte Sie wirklich bitten, Herr Kollege, kommen Sie doch mal in den Ausschuss, setzen sich mit uns auseinander, offerieren Sie uns Ihre Angebote und dann reden wir mit Ihnen weiter über die Wortmeldung und den Wortbeitrag, den Sie gerade geliefert haben. Da kann man überhaupt nichts mit anfangen.","Herr Präsident ! Es scheint mir zwecklos zu sein , aber eine Einladung möchte ich an ihn aussprechen . Ich habe ihn noch nie in den Beratungen über Rio oder über andere große weltweite Konferenzen gesehen , aber immer hier im Plenum reden gehört .
Ich möchte Sie wirklich bitten , Herr Kollege , kommen Sie doch einmal in den Ausschuss . Setzen Sie sich mit uns auseinander , offerieren Sie uns Ihre Angebote , und dann reden wir mit Ihnen weiter über die Wortmeldungen . Mit dem Wortbeitrag , den Sie gerade geliefert haben , kann man überhaupt nichts anfangen .
",es scheint mir zwecklos zu sein aber eine einladung möchte ich an ihn aussprechen ich habe ihn noch nie in den beratungen über rio oder über andere große weltweite konferenzen gesehen aber immer hier im plenum reden gehört ich möchte sie wirklich bitten herr kollege kommen sie doch mal in den ausschuss setzen sich mit uns auseinander offerieren sie uns ihre angebote und dann reden wir mit ihnen weiter über die wortmeldung und den wortbeitrag den sie gerade geliefert haben da kann man überhaupt nichts mit anfangen ,herr präsident es scheint mir zwecklos zu sein aber eine einladung möchte ich an ihn aussprechen ich habe ihn noch nie in den beratungen über rio oder über andere große weltweite konferenzen gesehen aber immer hier im plenum reden gehört ich möchte sie wirklich bitten herr kollege kommen sie doch einmal in den ausschuss setzen sie sich mit uns auseinander offerieren sie uns ihre angebote und dann reden wir mit ihnen weiter über die wortmeldungen mit dem wortbeitrag den sie gerade geliefert haben kann man überhaupt nichts anfangen 
de,en.20110928.23.3-400-000,streaming,,30.9754375,11.127524714000174,0.35923704754776015,"Es scheint mir zwecklos zu sein, aber eine Einladung möchte ich an ihn aussprechen. Ich habe ihn noch nie in den Beratungen über Rio oder über andere große weltweite Konferenzen gesehen, aber immer hier im Plenum reden gehört. Ich möchte Sie wirklich bitten, Herr Kollege, kommen Sie doch mal in den Ausschuss, setzen sich mit uns auseinander, offerieren Sie uns Ihre Angebote und dann reden wir mit Ihnen weiter über die Wortmeldungen und den Wortbeitrag, den Sie gerade geliefert haben. Da kann man überhaupt nichts mit anfangen.","Herr Präsident ! Es scheint mir zwecklos zu sein , aber eine Einladung möchte ich an ihn aussprechen . Ich habe ihn noch nie in den Beratungen über Rio oder über andere große weltweite Konferenzen gesehen , aber immer hier im Plenum reden gehört .
Ich möchte Sie wirklich bitten , Herr Kollege , kommen Sie doch einmal in den Ausschuss . Setzen Sie sich mit uns auseinander , offerieren Sie uns Ihre Angebote , und dann reden wir mit Ihnen weiter über die Wortmeldungen . Mit dem Wortbeitrag , den Sie gerade geliefert haben , kann man überhaupt nichts anfangen .
",es scheint mir zwecklos zu sein aber eine einladung möchte ich an ihn aussprechen ich habe ihn noch nie in den beratungen über rio oder über andere große weltweite konferenzen gesehen aber immer hier im plenum reden gehört ich möchte sie wirklich bitten herr kollege kommen sie doch mal in den ausschuss setzen sich mit uns auseinander offerieren sie uns ihre angebote und dann reden wir mit ihnen weiter über die wortmeldungen und den wortbeitrag den sie gerade geliefert haben da kann man überhaupt nichts mit anfangen ,herr präsident es scheint mir zwecklos zu sein aber eine einladung möchte ich an ihn aussprechen ich habe ihn noch nie in den beratungen über rio oder über andere große weltweite konferenzen gesehen aber immer hier im plenum reden gehört ich möchte sie wirklich bitten herr kollege kommen sie doch einmal in den ausschuss setzen sie sich mit uns auseinander offerieren sie uns ihre angebote und dann reden wir mit ihnen weiter über die wortmeldungen mit dem wortbeitrag den sie gerade geliefert haben kann man überhaupt nichts anfangen 
de,en.20120214.21.2-456-000,offline,,43.978625,2.7153829300004872,0.061743242995898284,"Aber es ist an. Ja, ich sage nur ganz kurz, liebe Kollegin Gulda, es ist keine Bewertung, die ich hier vorgenommen habe. Ich will nur darauf hinweisen, dass die letzte italienische Staatsanleihe, bevor Italien in den Euro ging, mit 10 % rentiert hat und da war kein Aufschreien Italien vorhanden und da hat keiner gesagt, das sollen jetzt andere Länder übernehmen. Es war selbstverständlich, dass man hohe Zinsen bezahlt hat und jetzt plötzlich, weil man 10 Jahre niedrige Zinsen hatte und sich über alle Maßen verschuldet hat, weil Geld billig geworden ist für Investitionen genauso wie für die öffentlichen Hände, dann möchte man das prolongieren über Eurobonds. Das ist eine Falle, aus der wir nicht rauskommen und dazu stehe ich.","Liebe Kollegin Goulard ! Ich sage nur ganz kurz , das ist keine Bewertung , die ich hier vorgenommen habe . Ich will nur darauf hinweisen , dass die letzte italienische Staatsanleihe , bevor Italien in den Euro ging , mit 10 % rentiert hat . Und da war kein Aufschrei in Italien vorhanden ! Da hat keiner gesagt , das sollen jetzt andere Länder übernehmen . Es war selbstverständlich , dass man hohe Zinsen bezahlt hat . Und jetzt plötzlich , weil man zehn Jahre niedrige Zinsen hatte und sich über alle Maßen verschuldet hat , weil Geld billig geworden ist – für Investitionen genauso wie für die öffentlichen Hände – , möchte man das prolongieren über Eurobonds . Das ist eine Falle , aus der wir nicht herauskommen , und dazu stehe ich !
",aber es ist an ja ich sage nur ganz kurz liebe kollegin gulda es ist keine bewertung die ich hier vorgenommen habe ich will nur darauf hinweisen dass die letzte italienische staatsanleihe bevor italien in den euro ging mit 10 rentiert hat und da war kein aufschreien italien vorhanden und da hat keiner gesagt das sollen jetzt andere länder übernehmen es war selbstverständlich dass man hohe zinsen bezahlt hat und jetzt plötzlich weil man 10 jahre niedrige zinsen hatte und sich über alle maßen verschuldet hat weil geld billig geworden ist für investitionen genauso wie für die öffentlichen hände dann möchte man das prolongieren über eurobonds das ist eine falle aus der wir nicht rauskommen und dazu stehe ich ,liebe kollegin goulard ich sage nur ganz kurz das ist keine bewertung die ich hier vorgenommen habe ich will nur darauf hinweisen dass die letzte italienische staatsanleihe bevor italien in den euro ging mit 10 rentiert hat und da war kein aufschrei in italien vorhanden da hat keiner gesagt das sollen jetzt andere länder übernehmen es war selbstverständlich dass man hohe zinsen bezahlt hat und jetzt plötzlich weil man zehn jahre niedrige zinsen hatte und sich über alle maßen verschuldet hat weil geld billig geworden ist für investitionen genauso wie für die öffentlichen hände möchte man das prolongieren über eurobonds das ist eine falle aus der wir nicht herauskommen und dazu stehe ich 
de,en.20120214.21.2-456-000,streaming,,43.978625,18.315725682001357,0.41646881142830994,"Aber es ist an. Ja, ich sage nur ganz kurz, liebe Kollegin Gulda, es ist keine Bewertung, die ich hier vorgenommen habe. Ich will nur darauf hinweisen, dass die letzte italienische Staatsanleihe, bevor Italien in den Euro ging, mit 10 Prozent rentiert hat und da war kein Aufschreien Italien vorhanden und da hat keiner gesagt, das sollen jetzt andere Länder übernehmen. Es war selbstverständlich, dass man hohe Zinsen bezahlt hat und jetzt plötzlich, weil man 10 Jahre niedrige Zinsen hatte und sich über alle Maßen verschuldet hat, weil Geld billig geworden ist für Investitionen, genauso wie für die öffentlichen Hände, dann möchte man das prolongieren über Eurobonds. Das ist eine Falle, aus der wir nicht rauskommen und dazu stehe ich.","Liebe Kollegin Goulard ! Ich sage nur ganz kurz , das ist keine Bewertung , die ich hier vorgenommen habe . Ich will nur darauf hinweisen , dass die letzte italienische Staatsanleihe , bevor Italien in den Euro ging , mit 10 % rentiert hat . Und da war kein Aufschrei in Italien vorhanden ! Da hat keiner gesagt , das sollen jetzt andere Länder übernehmen . Es war selbstverständlich , dass man hohe Zinsen bezahlt hat . Und jetzt plötzlich , weil man zehn Jahre niedrige Zinsen hatte und sich über alle Maßen verschuldet hat , weil Geld billig geworden ist – für Investitionen genauso wie für die öffentlichen Hände – , möchte man das prolongieren über Eurobonds . Das ist eine Falle , aus der wir nicht herauskommen , und dazu stehe ich !
",aber es ist an ja ich sage nur ganz kurz liebe kollegin gulda es ist keine bewertung die ich hier vorgenommen habe ich will nur darauf hinweisen dass die letzte italienische staatsanleihe bevor italien in den euro ging mit 10 prozent rentiert hat und da war kein aufschreien italien vorhanden und da hat keiner gesagt das sollen jetzt andere länder übernehmen es war selbstverständlich dass man hohe zinsen bezahlt hat und jetzt plötzlich weil man 10 jahre niedrige zinsen hatte und sich über alle maßen verschuldet hat weil geld billig geworden ist für investitionen genauso wie für die öffentlichen hände dann möchte man das prolongieren über eurobonds das ist eine falle aus der wir nicht rauskommen und dazu stehe ich ,liebe kollegin goulard ich sage nur ganz kurz das ist keine bewertung die ich hier vorgenommen habe ich will nur darauf hinweisen dass die letzte italienische staatsanleihe bevor italien in den euro ging mit 10 rentiert hat und da war kein aufschrei in italien vorhanden da hat keiner gesagt das sollen jetzt andere länder übernehmen es war selbstverständlich dass man hohe zinsen bezahlt hat und jetzt plötzlich weil man zehn jahre niedrige zinsen hatte und sich über alle maßen verschuldet hat weil geld billig geworden ist für investitionen genauso wie für die öffentlichen hände möchte man das prolongieren über eurobonds das ist eine falle aus der wir nicht herauskommen und dazu stehe ich 
de,en.20110215.4.2-068-000,offline,,69.00975,4.111714865000977,0.05958165136087259,"Frau Präsidentin, Herr Kommissar, liebe Kolleginnen und Kollegen, ich begrüße das Ergebnis des Vermittlungsverfahrens ausdrücklich. Mit der Umsetzung der Verordnung wird es gelingen, dass nun auch im Bereich des Kraftomnibusverkehrs erstens ein hohes dem Standard anderer Verkehrsträger vergleichbares Schutzniveau für alle Fahrgäste, also auch die in ihrer Mobilität eingeschränkten Menschen, erzielt; zweitens ein hohes allgemeines Verbraucherschutzniveau gesichert und drittens den Besonderheiten Rechnung getragen wird, dass es sich um einen überwiegend von kleinen und mittleren Unternehmen geprägten Verkehrssektor handelt. Damit sind die Extremforderungen, die Busverkehre wegen überzogener Forderungen nahezu völlig unmöglich gemacht hätten, genauso vom Tisch, wie Forderungen, bei denen die Mehrheit der Mitgliedstaaten aus dem Anwendungsbereich der Verordnung völlig herausgefallen wäre. Busverkehrsdienste, die den Bürgern allgemein zugutekommen, müssen auch behinderten Menschen und Personen mit eingeschränkter Mobilität eine hohe Qualität bieten. Sie sollten einen Anspruch auf Hilfe haben. Im Interesse der sozialen Integration sollte diese kostenlos sein.","Frau Präsidentin , Herr Kommissar , liebe Kolleginnen und Kollegen ! Ich begrüße das Ergebnis des Vermittlungsverfahrens ausdrücklich . Mit der Umsetzung der Verordnung wird es gelingen , dass nun auch im Bereich des Kraftomnibusverkehrs erstens ein hohes , dem Standard anderer Verkehrsträger vergleichbares Schutzniveau für alle Fahrgäste , also auch die in ihrer Mobilität eingeschränkten Menschen , erzielt wird , zweitens ein hohes allgemeines Verbraucherschutzniveau gesichert und drittens der Besonderheit Rechnung getragen wird , dass es sich um einen überwiegend von kleinen und mittleren Unternehmen geprägten Verkehrssektor handelt . Damit sind die Extremforderungen , die den Busverkehr wegen überzogener Forderungen nahezu völlig unmöglich gemacht hätten , genauso vom Tisch wie Forderungen , bei denen die Mehrheit der Mitgliedstaaten aus dem Anwendungsbereich der Verordnung völlig herausgefallen wäre .
Busverkehrsdienste , die den Bürgern allgemein zugute kommen , müssen auch behinderten Menschen und Personen mit eingeschränkter Mobilität eine hohe Qualität bieten . Sie sollten einen Anspruch auf Hilfe haben . Im Interesse der sozialen Integration sollte diese kostenlos sein .
",frau präsidentin herr kommissar liebe kolleginnen und kollegen ich begrüße das ergebnis des vermittlungsverfahrens ausdrücklich mit der umsetzung der verordnung wird es gelingen dass nun auch im bereich des kraftomnibusverkehrs erstens ein hohes dem standard anderer verkehrsträger vergleichbares schutzniveau für alle fahrgäste also auch die in ihrer mobilität eingeschränkten menschen erzielt zweitens ein hohes allgemeines verbraucherschutzniveau gesichert und drittens den besonderheiten rechnung getragen wird dass es sich um einen überwiegend von kleinen und mittleren unternehmen geprägten verkehrssektor handelt damit sind die extremforderungen die busverkehre wegen überzogener forderungen nahezu völlig unmöglich gemacht hätten genauso vom tisch wie forderungen bei denen die mehrheit der mitgliedstaaten aus dem anwendungsbereich der verordnung völlig herausgefallen wäre busverkehrsdienste die den bürgern allgemein zugutekommen müssen auch behinderten menschen und personen mit eingeschränkter mobilität eine hohe qualität bieten sie sollten einen anspruch auf hilfe haben im interesse der sozialen integration sollte diese kostenlos sein ,frau präsidentin herr kommissar liebe kolleginnen und kollegen ich begrüße das ergebnis des vermittlungsverfahrens ausdrücklich mit der umsetzung der verordnung wird es gelingen dass nun auch im bereich des kraftomnibusverkehrs erstens ein hohes dem standard anderer verkehrsträger vergleichbares schutzniveau für alle fahrgäste also auch die in ihrer mobilität eingeschränkten menschen erzielt wird zweitens ein hohes allgemeines verbraucherschutzniveau gesichert und drittens der besonderheit rechnung getragen wird dass es sich um einen überwiegend von kleinen und mittleren unternehmen geprägten verkehrssektor handelt damit sind die extremforderungen die den busverkehr wegen überzogener forderungen nahezu völlig unmöglich gemacht hätten genauso vom tisch wie forderungen bei denen die mehrheit der mitgliedstaaten aus dem anwendungsbereich der verordnung völlig herausgefallen wäre busverkehrsdienste die den bürgern allgemein zugute kommen müssen auch behinderten menschen und personen mit eingeschränkter mobilität eine hohe qualität bieten sie sollten einen anspruch auf hilfe haben im interesse der sozialen integration sollte diese kostenlos sein 
de,en.20110215.4.2-068-000,streaming,,69.00975,38.230427597000016,0.553985887457932,"Frau Präsidentin, Herr Kommissar, liebe Kolleginnen und Kollegen! Ich begrüße das Ergebnis des Vermitschungsverfahrens ausdrücklich. Mit der Umsetzung der Verordnung wird es gelingen, dass nun auch im Bereich des Kraftomnibusverkehrs erstens ein hohes dem Standard anderer Verkehrsmittel entsprechendes Maß an Sicherheit gewährleistet ist für alle Fahrgäste, also auch die in ihrer Mobilität eingeschränkten Menschen, und zweitens ein hohes allgemeines Verbraucherschutzniveau gesichert und drittens den Besonderheiten des Kraftomnibusverkehrs Rechnung getragen wird, dass es sich um einen überwiegend von kleinen und mittleren Unternehmen geprägten Verkehrssektor handelt. Damit sind die Extremforderungen, die Busverkehre wegen überzogener Forderungen nahezu völlig unmöglich gemacht hätten, genauso vom Tisch wie Forderungen, bei denen die Mehrheit der Mitgliedstaaten aus dem Anwendungsbereich der Verordnung völlig herausgefallen wäre. Busverkehrsdienste, die den Bürgern allgemein zugutekommen müssen, auch behinderten Menschen und Personen mit Einschränkung der Mobilität eine hohe Qualität bieten. Sie sollten einen Anspruch auf Hilfe haben im Interesse der sozialen Integration sollte diese kostenlos sein.","Frau Präsidentin , Herr Kommissar , liebe Kolleginnen und Kollegen ! Ich begrüße das Ergebnis des Vermittlungsverfahrens ausdrücklich . Mit der Umsetzung der Verordnung wird es gelingen , dass nun auch im Bereich des Kraftomnibusverkehrs erstens ein hohes , dem Standard anderer Verkehrsträger vergleichbares Schutzniveau für alle Fahrgäste , also auch die in ihrer Mobilität eingeschränkten Menschen , erzielt wird , zweitens ein hohes allgemeines Verbraucherschutzniveau gesichert und drittens der Besonderheit Rechnung getragen wird , dass es sich um einen überwiegend von kleinen und mittleren Unternehmen geprägten Verkehrssektor handelt . Damit sind die Extremforderungen , die den Busverkehr wegen überzogener Forderungen nahezu völlig unmöglich gemacht hätten , genauso vom Tisch wie Forderungen , bei denen die Mehrheit der Mitgliedstaaten aus dem Anwendungsbereich der Verordnung völlig herausgefallen wäre .
Busverkehrsdienste , die den Bürgern allgemein zugute kommen , müssen auch behinderten Menschen und Personen mit eingeschränkter Mobilität eine hohe Qualität bieten . Sie sollten einen Anspruch auf Hilfe haben . Im Interesse der sozialen Integration sollte diese kostenlos sein .
",frau präsidentin herr kommissar liebe kolleginnen und kollegen ich begrüße das ergebnis des vermitschungsverfahrens ausdrücklich mit der umsetzung der verordnung wird es gelingen dass nun auch im bereich des kraftomnibusverkehrs erstens ein hohes dem standard anderer verkehrsmittel entsprechendes maß an sicherheit gewährleistet ist für alle fahrgäste also auch die in ihrer mobilität eingeschränkten menschen und zweitens ein hohes allgemeines verbraucherschutzniveau gesichert und drittens den besonderheiten des kraftomnibusverkehrs rechnung getragen wird dass es sich um einen überwiegend von kleinen und mittleren unternehmen geprägten verkehrssektor handelt damit sind die extremforderungen die busverkehre wegen überzogener forderungen nahezu völlig unmöglich gemacht hätten genauso vom tisch wie forderungen bei denen die mehrheit der mitgliedstaaten aus dem anwendungsbereich der verordnung völlig herausgefallen wäre busverkehrsdienste die den bürgern allgemein zugutekommen müssen auch behinderten menschen und personen mit einschränkung der mobilität eine hohe qualität bieten sie sollten einen anspruch auf hilfe haben im interesse der sozialen integration sollte diese kostenlos sein ,frau präsidentin herr kommissar liebe kolleginnen und kollegen ich begrüße das ergebnis des vermittlungsverfahrens ausdrücklich mit der umsetzung der verordnung wird es gelingen dass nun auch im bereich des kraftomnibusverkehrs erstens ein hohes dem standard anderer verkehrsträger vergleichbares schutzniveau für alle fahrgäste also auch die in ihrer mobilität eingeschränkten menschen erzielt wird zweitens ein hohes allgemeines verbraucherschutzniveau gesichert und drittens der besonderheit rechnung getragen wird dass es sich um einen überwiegend von kleinen und mittleren unternehmen geprägten verkehrssektor handelt damit sind die extremforderungen die den busverkehr wegen überzogener forderungen nahezu völlig unmöglich gemacht hätten genauso vom tisch wie forderungen bei denen die mehrheit der mitgliedstaaten aus dem anwendungsbereich der verordnung völlig herausgefallen wäre busverkehrsdienste die den bürgern allgemein zugute kommen müssen auch behinderten menschen und personen mit eingeschränkter mobilität eine hohe qualität bieten sie sollten einen anspruch auf hilfe haben im interesse der sozialen integration sollte diese kostenlos sein 
de,en.20090323.13.1-055,offline,,58.0035,2.832822094000221,0.048838813071628795,"Ja. Danke, Herr Präsident. Anfang März wurden die politischen Gefangenen Michail Chodorkowski und Platon Lebedew aus Sibirien nach Moskau verlegt, um erneut aufgrund unhaltbarer Anschuldigungen angeklagt zu werden. Der erste öffentliche Verhandlungstag wurde für den 31. März angesetzt. Am selben Tag hätten die Menschenrechtskonsultationen zwischen der EU und Russland stattfinden sollen. Diese wichtigen Gespräche wurden nun von russischer Seite auf unbestimmte Zeit verschoben. Russland zeigt damit sehr deutlich, welchen niedrigen Stellenwert es den Menschenrechten einräumt. Die Justiz wird weiterhin nicht nur nicht für Gerechtigkeit, sondern zur Ausschaltung von Regimegegnern eingesetzt, und die EU wird dadurch dupiert.","Herr Präsident ! Anfang März wurden die politischen Gefangenen Michail Chodorkowski und Platon Lebedjew aus Tschita in Sibirien nach Moskau verlegt , um erneut aufgrund unhaltbarer Anschuldigungen angeklagt zu werden . Der erste öffentliche Verhandlungstag wurde für den 31. März angesetzt . Am selben Tag hätten die Menschenrechtskonsultationen zwischen der EU und Russland stattfinden sollen . Diese wichtigen Gespräche wurden nun von russischer Seite auf unbestimmte Zeit verschoben .
Russland zeigt damit sehr deutlich , welch niedrigen Stellenwert es den Menschenrechten einräumt . Die Justiz wird weiterhin nicht nur nicht für Gerechtigkeit , sondern zur Ausschaltung von Regimegegnern eingesetzt , und die EU wird dadurch düpiert .
",ja danke herr präsident anfang märz wurden die politischen gefangenen michail chodorkowski und platon lebedew aus sibirien nach moskau verlegt um erneut aufgrund unhaltbarer anschuldigungen angeklagt zu werden der erste öffentliche verhandlungstag wurde für den 31 märz angesetzt am selben tag hätten die menschenrechtskonsultationen zwischen der eu und russland stattfinden sollen diese wichtigen gespräche wurden nun von russischer seite auf unbestimmte zeit verschoben russland zeigt damit sehr deutlich welchen niedrigen stellenwert es den menschenrechten einräumt die justiz wird weiterhin nicht nur nicht für gerechtigkeit sondern zur ausschaltung von regimegegnern eingesetzt und die eu wird dadurch dupiert ,herr präsident anfang märz wurden die politischen gefangenen michail chodorkowski und platon lebedjew aus tschita in sibirien nach moskau verlegt um erneut aufgrund unhaltbarer anschuldigungen angeklagt zu werden der erste öffentliche verhandlungstag wurde für den 31 märz angesetzt am selben tag hätten die menschenrechtskonsultationen zwischen der eu und russland stattfinden sollen diese wichtigen gespräche wurden nun von russischer seite auf unbestimmte zeit verschoben russland zeigt damit sehr deutlich welch niedrigen stellenwert es den menschenrechten einräumt die justiz wird weiterhin nicht nur nicht für gerechtigkeit sondern zur ausschaltung von regimegegnern eingesetzt und die eu wird dadurch düpiert 
de,en.20090323.13.1-055,streaming,,58.0035,27.146986178999214,0.46802324306290505,"Ja. Danke, Herr Präsident. Anfang März wurden die politischen Gefangenen Michal Chodorkowski und Platon Lebedew aus China insibiriert nach Moskau verlegt, um erneut aufgrund unhaltbare Anschuldigungen angeklagt zu werden. Der erste öffentliche Verhandlungstag wurde für den 31. März angesetzt. Am selben Tag hätten die Menschenrechtskonsultationen zwischen der EU und Russland stattfinden sollen. Diese wichtigen Gespräche wurden nun von russischer Seite auf unbestimmte Zeit verschoben. Russland zeigt damit sehr deutlich, wer in niedrigen Stellenwert ist den Menschenrechten einräumt. Die Justiz wird weiterhin nicht nur nicht für Gerechtigkeit, sondern zur Ausschaltung von Regimegegnern eingesetzt, und die EU wird dadurch dupiert.","Herr Präsident ! Anfang März wurden die politischen Gefangenen Michail Chodorkowski und Platon Lebedjew aus Tschita in Sibirien nach Moskau verlegt , um erneut aufgrund unhaltbarer Anschuldigungen angeklagt zu werden . Der erste öffentliche Verhandlungstag wurde für den 31. März angesetzt . Am selben Tag hätten die Menschenrechtskonsultationen zwischen der EU und Russland stattfinden sollen . Diese wichtigen Gespräche wurden nun von russischer Seite auf unbestimmte Zeit verschoben .
Russland zeigt damit sehr deutlich , welch niedrigen Stellenwert es den Menschenrechten einräumt . Die Justiz wird weiterhin nicht nur nicht für Gerechtigkeit , sondern zur Ausschaltung von Regimegegnern eingesetzt , und die EU wird dadurch düpiert .
",ja danke herr präsident anfang märz wurden die politischen gefangenen michal chodorkowski und platon lebedew aus china insibiriert nach moskau verlegt um erneut aufgrund unhaltbare anschuldigungen angeklagt zu werden der erste öffentliche verhandlungstag wurde für den 31 märz angesetzt am selben tag hätten die menschenrechtskonsultationen zwischen der eu und russland stattfinden sollen diese wichtigen gespräche wurden nun von russischer seite auf unbestimmte zeit verschoben russland zeigt damit sehr deutlich wer in niedrigen stellenwert ist den menschenrechten einräumt die justiz wird weiterhin nicht nur nicht für gerechtigkeit sondern zur ausschaltung von regimegegnern eingesetzt und die eu wird dadurch dupiert ,herr präsident anfang märz wurden die politischen gefangenen michail chodorkowski und platon lebedjew aus tschita in sibirien nach moskau verlegt um erneut aufgrund unhaltbarer anschuldigungen angeklagt zu werden der erste öffentliche verhandlungstag wurde für den 31 märz angesetzt am selben tag hätten die menschenrechtskonsultationen zwischen der eu und russland stattfinden sollen diese wichtigen gespräche wurden nun von russischer seite auf unbestimmte zeit verschoben russland zeigt damit sehr deutlich welch niedrigen stellenwert es den menschenrechten einräumt die justiz wird weiterhin nicht nur nicht für gerechtigkeit sondern zur ausschaltung von regimegegnern eingesetzt und die eu wird dadurch düpiert 
de,en.20081021.6.2-029,offline,,80.99125,4.426052946000709,0.05464853235381241,"Ich möchte mich als erstes gegen den Geist einer vor wenigen Minuten gehörtenen Aussage verwarnen, dass Ausländer den Arbeitsmarkt unseren Arbeitsmarkt überschwemmen würden. Und zweitens hätte ich mir vom Beschäftigungsausschuss einen klareren, eindeutigeren Bericht gewünscht. Vertrauen in die soziale Bindungskraft der Europäischen Union kann nur erreicht werden, wenn fundamentale soziale Rechte als europäisches Primärrecht definiert werden. Wir sollten Rat, Kommission, Mitgliedstaaten und dem EuGH ein stärkeres Signal senden und uns nicht damit zufrieden geben, lediglich eine Balance zwischen Grundrechten und Binnenmarktfreiheiten, Freizügigkeiten einzufordern. Damit ändern wir nichts. Soziale Grundrechte sind ebenso wie Freiheitsrechte Menschenrechte, die nicht durch Freizügigkeiten des Binnenmarktes eingeschränkt werden dürfen. Und es geht darum, dass wir das europäische Sozialmodell verteidigen und verbessern und es höchste Zeit ist für die Einführung einer sozialen Fortschrittsklausel als bindendes Protokoll zu den bestehenden EU-Verträgen. Und es ist Zeit, die Entsenderichtlinie so zu verändern, dass Lohn- und Mindeststandardsforderungen nicht als Mindestforderungen begrenzt werden dürfen. Dankeschön.","Frau Präsidentin ! Ich möchte mich als erstes gegen den Geist einer vor wenigen Minuten gehörten Aussage verwahren , dass Ausländer unseren Arbeitsmarkt überschwemmen würden .
Zweitens hätte ich mir vom Ausschuss für Beschäftigung und soziale Angelegenheiten einen klareren , eindeutigeren Bericht gewünscht . Vertrauen in die soziale Bindungskraft der Europäischen Union kann nur erreicht werden , wenn fundamentale soziale Rechte als europäisches Primärrecht definiert werden . Wir sollten Rat , Kommission , Mitgliedstaaten und dem EuGH ein stärkeres Signal senden und uns nicht damit zufriedengeben , lediglich eine Balance zwischen Grundrechten und Binnenmarktfreizügigkeiten einzufordern . Damit ändern wir nichts ! Soziale Grundrechte sind ebenso wie Freiheitsrechte Menschenrechte , die nicht durch Freizügigkeiten des Binnenmarktes eingeschränkt werden dürfen .
Es geht darum , dass wir das europäische Sozialmodell verteidigen und verbessern und dass es höchste Zeit ist für die Einführung einer sozialen Fortschrittsklausel als bindendes Protokoll zu den bestehenden EU-Verträgen . Es ist Zeit , die Entsenderichtlinie so zu verändern , dass Lohn- und Mindeststandardsforderungen nicht auf Mindestforderungen begrenzt werden dürfen .
",ich möchte mich als erstes gegen den geist einer vor wenigen minuten gehörtenen aussage verwarnen dass ausländer den arbeitsmarkt unseren arbeitsmarkt überschwemmen würden und zweitens hätte ich mir vom beschäftigungsausschuss einen klareren eindeutigeren bericht gewünscht vertrauen in die soziale bindungskraft der europäischen union kann nur erreicht werden wenn fundamentale soziale rechte als europäisches primärrecht definiert werden wir sollten rat kommission mitgliedstaaten und dem eugh ein stärkeres signal senden und uns nicht damit zufrieden geben lediglich eine balance zwischen grundrechten und binnenmarktfreiheiten freizügigkeiten einzufordern damit ändern wir nichts soziale grundrechte sind ebenso wie freiheitsrechte menschenrechte die nicht durch freizügigkeiten des binnenmarktes eingeschränkt werden dürfen und es geht darum dass wir das europäische sozialmodell verteidigen und verbessern und es höchste zeit ist für die einführung einer sozialen fortschrittsklausel als bindendes protokoll zu den bestehenden eu verträgen und es ist zeit die entsenderichtlinie so zu verändern dass lohn und mindeststandardsforderungen nicht als mindestforderungen begrenzt werden dürfen dankeschön ,frau präsidentin ich möchte mich als erstes gegen den geist einer vor wenigen minuten gehörten aussage verwahren dass ausländer unseren arbeitsmarkt überschwemmen würden zweitens hätte ich mir vom ausschuss für beschäftigung und soziale angelegenheiten einen klareren eindeutigeren bericht gewünscht vertrauen in die soziale bindungskraft der europäischen union kann nur erreicht werden wenn fundamentale soziale rechte als europäisches primärrecht definiert werden wir sollten rat kommission mitgliedstaaten und dem eugh ein stärkeres signal senden und uns nicht damit zufriedengeben lediglich eine balance zwischen grundrechten und binnenmarktfreizügigkeiten einzufordern damit ändern wir nichts soziale grundrechte sind ebenso wie freiheitsrechte menschenrechte die nicht durch freizügigkeiten des binnenmarktes eingeschränkt werden dürfen es geht darum dass wir das europäische sozialmodell verteidigen und verbessern und dass es höchste zeit ist für die einführung einer sozialen fortschrittsklausel als bindendes protokoll zu den bestehenden eu verträgen es ist zeit die entsenderichtlinie so zu verändern dass lohn und mindeststandardsforderungen nicht auf mindestforderungen begrenzt werden dürfen 
de,en.20081021.6.2-029,streaming,,80.99125,46.94106333499985,0.579581909588997,"möchte mich als erstes gegen den Geist einer vor kurzem, vor wenigen Minuten gehörten Aussage verwahren, dass Ausländer den Arbeitsmarkt, unseren Arbeitsmarkt überschwemmen würden. Und zweitens hätte ich mir vom Beschäftigungsausschuss einen klareren, eindeutigeren Bericht gewünscht. Vertrauen in die soziale Bindungskraft der Europäischen Union kann nur erreicht werden, wenn fundamentale soziale Rechte als europäisches Primärrecht definiert werden. Wir sollten Rat, Kommission, Mitgliedstaaten und dem EuGH ein stärkeres Signal senden und uns nicht damit zufrieden geben, lediglich eine Balance zwischen Grundrechten und Binnenmarktfreiheiten, Freizügigkeiten einzufordern. Damit ändern wir nichts. Soziale Grundrechte sind ebenso wie Freiheitsrechte Menschenrechte, die nicht durch Freizügigkeiten des Binnenmarktes eingeschränkt werden dürfen. Und es geht darum, dass wir das europäische Sozialmodell verteidigen und verbessern und es höchste Zeit ist für die Einführung einer sozialen Fortschrittsklausel als bindendes Protokoll zu den bestehenden EU-Verträgen. Und es ist Zeit, die Entsenderichtlinie so zu verändern, dass Lohn und Mindestfort, Mindeststandardsforderungen nicht als Mindeststandardsforderungen nicht als Mindestforderungen begrenzt werden dürfen. Dankeschön.","Frau Präsidentin ! Ich möchte mich als erstes gegen den Geist einer vor wenigen Minuten gehörten Aussage verwahren , dass Ausländer unseren Arbeitsmarkt überschwemmen würden .
Zweitens hätte ich mir vom Ausschuss für Beschäftigung und soziale Angelegenheiten einen klareren , eindeutigeren Bericht gewünscht . Vertrauen in die soziale Bindungskraft der Europäischen Union kann nur erreicht werden , wenn fundamentale soziale Rechte als europäisches Primärrecht definiert werden . Wir sollten Rat , Kommission , Mitgliedstaaten und dem EuGH ein stärkeres Signal senden und uns nicht damit zufriedengeben , lediglich eine Balance zwischen Grundrechten und Binnenmarktfreizügigkeiten einzufordern . Damit ändern wir nichts ! Soziale Grundrechte sind ebenso wie Freiheitsrechte Menschenrechte , die nicht durch Freizügigkeiten des Binnenmarktes eingeschränkt werden dürfen .
Es geht darum , dass wir das europäische Sozialmodell verteidigen und verbessern und dass es höchste Zeit ist für die Einführung einer sozialen Fortschrittsklausel als bindendes Protokoll zu den bestehenden EU-Verträgen . Es ist Zeit , die Entsenderichtlinie so zu verändern , dass Lohn- und Mindeststandardsforderungen nicht auf Mindestforderungen begrenzt werden dürfen .
",möchte mich als erstes gegen den geist einer vor kurzem vor wenigen minuten gehörten aussage verwahren dass ausländer den arbeitsmarkt unseren arbeitsmarkt überschwemmen würden und zweitens hätte ich mir vom beschäftigungsausschuss einen klareren eindeutigeren bericht gewünscht vertrauen in die soziale bindungskraft der europäischen union kann nur erreicht werden wenn fundamentale soziale rechte als europäisches primärrecht definiert werden wir sollten rat kommission mitgliedstaaten und dem eugh ein stärkeres signal senden und uns nicht damit zufrieden geben lediglich eine balance zwischen grundrechten und binnenmarktfreiheiten freizügigkeiten einzufordern damit ändern wir nichts soziale grundrechte sind ebenso wie freiheitsrechte menschenrechte die nicht durch freizügigkeiten des binnenmarktes eingeschränkt werden dürfen und es geht darum dass wir das europäische sozialmodell verteidigen und verbessern und es höchste zeit ist für die einführung einer sozialen fortschrittsklausel als bindendes protokoll zu den bestehenden eu verträgen und es ist zeit die entsenderichtlinie so zu verändern dass lohn und mindestfort mindeststandardsforderungen nicht als mindeststandardsforderungen nicht als mindestforderungen begrenzt werden dürfen dankeschön ,frau präsidentin ich möchte mich als erstes gegen den geist einer vor wenigen minuten gehörten aussage verwahren dass ausländer unseren arbeitsmarkt überschwemmen würden zweitens hätte ich mir vom ausschuss für beschäftigung und soziale angelegenheiten einen klareren eindeutigeren bericht gewünscht vertrauen in die soziale bindungskraft der europäischen union kann nur erreicht werden wenn fundamentale soziale rechte als europäisches primärrecht definiert werden wir sollten rat kommission mitgliedstaaten und dem eugh ein stärkeres signal senden und uns nicht damit zufriedengeben lediglich eine balance zwischen grundrechten und binnenmarktfreizügigkeiten einzufordern damit ändern wir nichts soziale grundrechte sind ebenso wie freiheitsrechte menschenrechte die nicht durch freizügigkeiten des binnenmarktes eingeschränkt werden dürfen es geht darum dass wir das europäische sozialmodell verteidigen und verbessern und dass es höchste zeit ist für die einführung einer sozialen fortschrittsklausel als bindendes protokoll zu den bestehenden eu verträgen es ist zeit die entsenderichtlinie so zu verändern dass lohn und mindeststandardsforderungen nicht auf mindestforderungen begrenzt werden dürfen 
de,en.20090506.37.3-307,offline,,63.019,4.272491474999697,0.0677968783224059,"Die EVP/ED-Fraktion fordert die Regierung und die Kommunistische Partei Chinas auf, den kommenden Menschenrechtsdialog in konstruktiver Weise zu führen. Dies würde die Beziehungen zwischen der EU und China wesentlich entspannen. Wir haben ein echtes Interesse an einer Verbesserung der bilateralen Beziehungen, aber dieser Dialog muss auch ehrlich geführt werden. Daher werden wir unsere berechtigten Forderungen an China aufrechterhalten müssen. So ist es aus unserer Sicht, der Bürgerrechtler unverzüglich freizulassen. So sind die Gespräche mit Dalai Lama, als religiösen Führer des Tibet, wieder aufzunehmen, und so ist die chinesische Region Tibet für Journalisten und UNO-Menschenrechtsexperten unverzüglich zugänglich zu machen. Meiner Meinung nach hat die Volksrepublik China vor den Olympischen Spielen gezeigt, dass sie mehr Pressefreiheit zum Beispiel gewähren kann, ohne die Stabilität des Landes zu gefährden. Jetzt sollte sie den Mut haben, neue Reformen anzugehen, Reformen über Umerziehungslager, Rechte der Angeklagten, Todesstrafe, Religionsfreiheit, Versammlungsfreiheit. Diese Menschenrechte sollte sie echt angehen und mit uns den Dialog führen.","Frau Präsidentin ! Die PPE-DE-Fraktion fordert die Regierung und die Kommunistische Partei Chinas auf , den kommenden Menschenrechtsdialog in konstruktiver Weise zu führen . Dies würde die Beziehungen zwischen der EU und China wesentlich entspannen . Wir haben ein echtes Interesse an einer Verbesserung der bilateralen Beziehungen . Aber dieser Dialog muss auch ehrlich geführt werden . Daher werden wir unsere berechtigten Forderungen an China aufrechterhalten müssen . So ist aus unserer Sicht der Bürgerrechtler Hu Jia unverzüglich freizulassen . So sind die Gespräche mit dem Dalai Lama als religiösem Führer der Tibeter wieder aufzunehmen . Und so ist die chinesische Region Tibet für Journalisten und UNO-Menschenrechtsexperten unverzüglich zugänglich zu machen .
Meiner Meinung nach hat die Volksrepublik China vor den Olympischen Spielen gezeigt , dass sie z. B. mehr Pressefreiheit gewähren kann , ohne die Stabilität des Landes zu gefährden . Jetzt sollte sie den Mut haben , neue Reformen anzugehen : Reformen über Umerziehungslager , Rechte der Angeklagten , Todesstrafe , Religionsfreiheit , Versammlungsfreiheit . Diese Menschenrechte sollte sie echt angehen und mit uns den Dialog führen .
",die evp ed fraktion fordert die regierung und die kommunistische partei chinas auf den kommenden menschenrechtsdialog in konstruktiver weise zu führen dies würde die beziehungen zwischen der eu und china wesentlich entspannen wir haben ein echtes interesse an einer verbesserung der bilateralen beziehungen aber dieser dialog muss auch ehrlich geführt werden daher werden wir unsere berechtigten forderungen an china aufrechterhalten müssen so ist es aus unserer sicht der bürgerrechtler unverzüglich freizulassen so sind die gespräche mit dalai lama als religiösen führer des tibet wieder aufzunehmen und so ist die chinesische region tibet für journalisten und uno menschenrechtsexperten unverzüglich zugänglich zu machen meiner meinung nach hat die volksrepublik china vor den olympischen spielen gezeigt dass sie mehr pressefreiheit zum beispiel gewähren kann ohne die stabilität des landes zu gefährden jetzt sollte sie den mut haben neue reformen anzugehen reformen über umerziehungslager rechte der angeklagten todesstrafe religionsfreiheit versammlungsfreiheit diese menschenrechte sollte sie echt angehen und mit uns den dialog führen ,frau präsidentin die ppe de fraktion fordert die regierung und die kommunistische partei chinas auf den kommenden menschenrechtsdialog in konstruktiver weise zu führen dies würde die beziehungen zwischen der eu und china wesentlich entspannen wir haben ein echtes interesse an einer verbesserung der bilateralen beziehungen aber dieser dialog muss auch ehrlich geführt werden daher werden wir unsere berechtigten forderungen an china aufrechterhalten müssen so ist aus unserer sicht der bürgerrechtler hu jia unverzüglich freizulassen so sind die gespräche mit dem dalai lama als religiösem führer der tibeter wieder aufzunehmen und so ist die chinesische region tibet für journalisten und uno menschenrechtsexperten unverzüglich zugänglich zu machen meiner meinung nach hat die volksrepublik china vor den olympischen spielen gezeigt dass sie z b mehr pressefreiheit gewähren kann ohne die stabilität des landes zu gefährden jetzt sollte sie den mut haben neue reformen anzugehen reformen über umerziehungslager rechte der angeklagten todesstrafe religionsfreiheit versammlungsfreiheit diese menschenrechte sollte sie echt angehen und mit uns den dialog führen 
de,en.20090506.37.3-307,streaming,,63.019,32.08677003200137,0.5091602537647594,"Die EVP-ED-Fraktion fordert die Regierung und die Kommunistische Partei Chinas auf, den kommenden Menschenrechtsdialog in konstruktiver Weise zu führen. Dies würde die Beziehungen zwischen der EU und China wesentlich entspannen. Wir haben ein echtes Interesse an einer Verbesserung der bilateralen Beziehungen. Aber dieser Dialog muss auch ehrlich geführt werden. Daher werden wir unsere berechtigten Forderungen an China aufrechterhalten müssen. So ist aus unserer Sicht der Bürgerrechtler unverzüglich freizulassen. So sind die Gespräche mit Dalai Lama als religiösen Führer der Tibet wieder aufzunehmen. Und so ist die chinesische Region Tibet für Journalisten und UNO-Menschenrechtsexperten unverzüglich zugänglich zu machen. Meiner Meinung nach hat die Volksrepublik China vor den Olympischen Spielen gezeigt, dass sie mehr Pressefreiheit zum Beispiel gewähren kann, ohne die Stabilität des Landes zu gefährden. Jetzt sollte sie den Mut haben, neue Reformen anzugehen, Reformen über Umerziehungslager, Rechte der Angeklagten, Todesstrafe, Religionsfreiheit, Versammlungsfreiheit. Diese Menschenrechte sollte sie echt angehen und mit uns den Dialog führen.","Frau Präsidentin ! Die PPE-DE-Fraktion fordert die Regierung und die Kommunistische Partei Chinas auf , den kommenden Menschenrechtsdialog in konstruktiver Weise zu führen . Dies würde die Beziehungen zwischen der EU und China wesentlich entspannen . Wir haben ein echtes Interesse an einer Verbesserung der bilateralen Beziehungen . Aber dieser Dialog muss auch ehrlich geführt werden . Daher werden wir unsere berechtigten Forderungen an China aufrechterhalten müssen . So ist aus unserer Sicht der Bürgerrechtler Hu Jia unverzüglich freizulassen . So sind die Gespräche mit dem Dalai Lama als religiösem Führer der Tibeter wieder aufzunehmen . Und so ist die chinesische Region Tibet für Journalisten und UNO-Menschenrechtsexperten unverzüglich zugänglich zu machen .
Meiner Meinung nach hat die Volksrepublik China vor den Olympischen Spielen gezeigt , dass sie z. B. mehr Pressefreiheit gewähren kann , ohne die Stabilität des Landes zu gefährden . Jetzt sollte sie den Mut haben , neue Reformen anzugehen : Reformen über Umerziehungslager , Rechte der Angeklagten , Todesstrafe , Religionsfreiheit , Versammlungsfreiheit . Diese Menschenrechte sollte sie echt angehen und mit uns den Dialog führen .
",die evp ed fraktion fordert die regierung und die kommunistische partei chinas auf den kommenden menschenrechtsdialog in konstruktiver weise zu führen dies würde die beziehungen zwischen der eu und china wesentlich entspannen wir haben ein echtes interesse an einer verbesserung der bilateralen beziehungen aber dieser dialog muss auch ehrlich geführt werden daher werden wir unsere berechtigten forderungen an china aufrechterhalten müssen so ist aus unserer sicht der bürgerrechtler unverzüglich freizulassen so sind die gespräche mit dalai lama als religiösen führer der tibet wieder aufzunehmen und so ist die chinesische region tibet für journalisten und uno menschenrechtsexperten unverzüglich zugänglich zu machen meiner meinung nach hat die volksrepublik china vor den olympischen spielen gezeigt dass sie mehr pressefreiheit zum beispiel gewähren kann ohne die stabilität des landes zu gefährden jetzt sollte sie den mut haben neue reformen anzugehen reformen über umerziehungslager rechte der angeklagten todesstrafe religionsfreiheit versammlungsfreiheit diese menschenrechte sollte sie echt angehen und mit uns den dialog führen ,frau präsidentin die ppe de fraktion fordert die regierung und die kommunistische partei chinas auf den kommenden menschenrechtsdialog in konstruktiver weise zu führen dies würde die beziehungen zwischen der eu und china wesentlich entspannen wir haben ein echtes interesse an einer verbesserung der bilateralen beziehungen aber dieser dialog muss auch ehrlich geführt werden daher werden wir unsere berechtigten forderungen an china aufrechterhalten müssen so ist aus unserer sicht der bürgerrechtler hu jia unverzüglich freizulassen so sind die gespräche mit dem dalai lama als religiösem führer der tibeter wieder aufzunehmen und so ist die chinesische region tibet für journalisten und uno menschenrechtsexperten unverzüglich zugänglich zu machen meiner meinung nach hat die volksrepublik china vor den olympischen spielen gezeigt dass sie z b mehr pressefreiheit gewähren kann ohne die stabilität des landes zu gefährden jetzt sollte sie den mut haben neue reformen anzugehen reformen über umerziehungslager rechte der angeklagten todesstrafe religionsfreiheit versammlungsfreiheit diese menschenrechte sollte sie echt angehen und mit uns den dialog führen 
de,en.20121025.11.4-022-000,offline,,15.975375,0.8140278789996955,0.05095516562207119,"Ich möchte die Frau Kollegin Regner fragen Was glauben Sie, könnten die Gewerkschaften tun, um die Jugendarbeitslosigkeit zum Beispiel in Spanien und Portugal zu bekämpfen? Demonstrationen werden zu wenig sein. Welche aktive Politik könnte hier der Binnenmarkt leisten?","Herr Präsident ! Ich möchte die Frau Kollegin Regner fragen : Was , glauben Sie , könnten die Gewerkschaften tun , um die Jugendarbeitslosigkeit z. B. in Spanien und Portugal zu bekämpfen ? Demonstrationen werden zu wenig sein . Welche aktive Politik könnte hier der Binnenmarkt leisten ?
",ich möchte die frau kollegin regner fragen was glauben sie könnten die gewerkschaften tun um die jugendarbeitslosigkeit zum beispiel in spanien und portugal zu bekämpfen demonstrationen werden zu wenig sein welche aktive politik könnte hier der binnenmarkt leisten ,herr präsident ich möchte die frau kollegin regner fragen was glauben sie könnten die gewerkschaften tun um die jugendarbeitslosigkeit z b in spanien und portugal zu bekämpfen demonstrationen werden zu wenig sein welche aktive politik könnte hier der binnenmarkt leisten 
de,en.20121025.11.4-022-000,streaming,,15.975375,4.909965145001479,0.30734584602874604,"Ja, ich möchte die Frau Kollegin Regner fragen: Was glauben Sie, könnten die Gewerkschaften tun, um die Jugendarbeitslosigkeit zum Beispiel in Spanien und Portugal zu bekämpfen? Demonstrationen werden zu wenig sein. Welche aktive Politik könnte hier der Binnenmarkt leisten?","Herr Präsident ! Ich möchte die Frau Kollegin Regner fragen : Was , glauben Sie , könnten die Gewerkschaften tun , um die Jugendarbeitslosigkeit z. B. in Spanien und Portugal zu bekämpfen ? Demonstrationen werden zu wenig sein . Welche aktive Politik könnte hier der Binnenmarkt leisten ?
",ja ich möchte die frau kollegin regner fragen was glauben sie könnten die gewerkschaften tun um die jugendarbeitslosigkeit zum beispiel in spanien und portugal zu bekämpfen demonstrationen werden zu wenig sein welche aktive politik könnte hier der binnenmarkt leisten ,herr präsident ich möchte die frau kollegin regner fragen was glauben sie könnten die gewerkschaften tun um die jugendarbeitslosigkeit z b in spanien und portugal zu bekämpfen demonstrationen werden zu wenig sein welche aktive politik könnte hier der binnenmarkt leisten 
