idioma,audio,modo,fallo,duracion_audio_s,tiempo_total_s,rtf,hypothesis,reference
es,en.20090324.3.2-058,offline,,89.0253125,85.25806825000109,0.9576834481766193," Yo quisiera, respecto al informe sobre microcréditos, felicitar a todos los ponentes porque han hecho un gran trabajo, han mejorado sin duda la iniciativa de la Comisión. Y entiendo que las recomendaciones que se establecen aquí nos van a permitir ser la base para desarrollar un auténtico marco en la Unión Europea del sector del microcrédito. Un sector que ha sido un éxito en muchos países en desarrollo, incluso en algunos europeos, tanto como mecanismo de actividad económica como un instrumento para mejorar la inclusión social y la creación de empleo. Pero que no se había trasladado al sector o al contexto comunitario. Y yo creo que es una oportunidad para hacerlo, sobre todo partiendo del contexto económico y financiero en el que estamos. Es prioritario en ese sentido reforzar la iniciativa que se avanza aquí, pero hay que dar más pasos, hay que aumentar los fondos disponibles para esta estructura de apoyo al microcrédito, hay que facilitar la disponibilidad para las personas y las empresas que no tienen acceso a los préstamos y en ese sentido quisiera destacar, Presidenta, el ejemplo de lo que es la garantía europea para préstamos de microcréditos como un instrumento que puede facilitar ese acceso y que se ha incluido en el informe. Y termino pensando que sin duda esto va a asentar las bases para que podamos crear un marco armónico en el contexto europeo que impulse el sector del microcrédito.","Señora Presidenta , yo quisiera , respecto al informe sobre los microcréditos , felicitar a todos los ponentes , porque han hecho un gran trabajo . Han mejorado , sin duda , la iniciativa de la Comisión .
Entiendo que las recomendaciones que se establecen aquí nos van a permitir sentar la base para desarrollar un auténtico marco en la Unión Europea del sector del microcrédito , sector que ha sido un éxito en muchos países en desarrollo , incluso en algunos europeos , tanto como mecanismo de actividad económica , como instrumento para mejorar la inclusión social y la creación de empleo . Pero no se había trasladado al contexto comunitario y yo creo que es una oportunidad para hacerlo , sobre todo partiendo del contexto económico y financiero en el que nos encontramos .
Es prioritario , en ese sentido , reforzar las iniciativas que se avanzan aquí , pero hay que dar más pasos . Hay que aumentar los fondos disponibles para estas estructuras de apoyo al microcrédito . Hay que facilitar la disponibilidad para las personas y las empresas que no tienen acceso a los préstamos y , en ese sentido , quisiera destacar , señora Presidenta , el ejemplo de la garantía europea para préstamos de microcréditos , como un instrumento que puede facilitar ese acceso , y que se ha incluido en el informe .
Y termino pensando que , sin duda , esto va a sentar las bases para que podamos crear un marco armónico en el contexto europeo que impulse el sector del microcrédito .
"
es,en.20090324.3.2-058,streaming,,89.0253125,79.80685811299918,0.8964513111144562," Yo quisiera, respecto al informe sobre microcréditos, felicitar a todos los ponentes porque han hecho un gran trabajo, han mejorado sin duda la iniciativa de la Comisión. Y entiendo que las recomendaciones que se establecen aquí nos van a permitir ser la base para desarrollar un auténtico marco en la Unión Europea del sector del microcrédito. Un sector que ha sido un éxito en muchos países en desarrollo, incluso en algunos europeos, tanto como mecanismo de actividad económica como un instrumento para mejorar la inclusión social y la creación de empleo. Pero que no se había trasladado al sector o al contexto comunitario. Y yo creo que es una oportunidad para hacerlo, sobre todo partiendo del contexto económico y financiero en el que estamos. Es prioritario en ese sentido reforzar la iniciativa que se avanza aquí, pero hay que dar más pasos, hay que aumentar los fondos disponibles para esta estructura de apoyo al microcrédito, hay que facilitar la disponibilidad para las personas y las empresas que no tienen acceso a los préstamos y en ese sentido quisiera destacar, Presidenta, el ejemplo de lo que es la garantía europea para préstamos de microcréditos como un instrumento que puede facilitar ese acceso y que se ha incluido en el informe. Y termino pensando que sin duda esto va a asentar las bases para que podamos crear un marco armónico en el contexto europeo que impulse el sector del microcrédito.","Señora Presidenta , yo quisiera , respecto al informe sobre los microcréditos , felicitar a todos los ponentes , porque han hecho un gran trabajo . Han mejorado , sin duda , la iniciativa de la Comisión .
Entiendo que las recomendaciones que se establecen aquí nos van a permitir sentar la base para desarrollar un auténtico marco en la Unión Europea del sector del microcrédito , sector que ha sido un éxito en muchos países en desarrollo , incluso en algunos europeos , tanto como mecanismo de actividad económica , como instrumento para mejorar la inclusión social y la creación de empleo . Pero no se había trasladado al contexto comunitario y yo creo que es una oportunidad para hacerlo , sobre todo partiendo del contexto económico y financiero en el que nos encontramos .
Es prioritario , en ese sentido , reforzar las iniciativas que se avanzan aquí , pero hay que dar más pasos . Hay que aumentar los fondos disponibles para estas estructuras de apoyo al microcrédito . Hay que facilitar la disponibilidad para las personas y las empresas que no tienen acceso a los préstamos y , en ese sentido , quisiera destacar , señora Presidenta , el ejemplo de la garantía europea para préstamos de microcréditos , como un instrumento que puede facilitar ese acceso , y que se ha incluido en el informe .
Y termino pensando que , sin duda , esto va a sentar las bases para que podamos crear un marco armónico en el contexto europeo que impulse el sector del microcrédito .
"
es,en.20121025.28.4-369-000,offline,,65.015875,59.96002743200006,0.9222367219083042, Yo también quiero felicitar al ponente y al resto de los colegas que han trabajado en esta reforma muy adecuadamente. La crisis financiera se ha incrementado debido a la existencia de complejos y extraños valores negociables que se vinculan a instrumentos derivados y a negociaciones fuera de los mercados oficiales. Todo ello con el ánimo de conseguir altas rentabilidades a gran celeridad. Resulta necesario atraer a un mercado transparente las operaciones financieras para garantizar la buena formación de los precios y la competencia de los productos negociables. Pero sobre todo es imprescindible que la información ofrecida sea comprensible para los inversores que han de tener pleno conocimiento para prestar libre consentimiento a los riesgos que asumen. De nada sirve la transparencia como un gran destello de luz si el embrollo en la configuración de los productos negociables ciega el entendimiento de los ciudadanos. Gracias.,"Señor Presidente , yo también quiero felicitar al ponente y al resto de diputados que han trabajado en esta reforma muy adecuadamente .
La crisis financiera se ha incrementado debido a la existencia de complejos y extraños valores negociables que se vinculan a instrumentos derivados y a negociaciones fuera de los mercados oficiales , todo ello con el ánimo de conseguir altas rentabilidades a gran celeridad .
Resulta necesario atraer las operaciones financieras a un mercado transparente para garantizar la buena formación de los precios y la competencia de los productos negociables . Pero , sobre todo , es imprescindible que la información ofrecida sea comprensible para los inversores , que han de tener pleno conocimiento para prestar libre consentimiento a los riesgos que asumen .
De nada sirve la transparencia , como un gran destello de luz , si el embrollo en la configuración de los productos negociables ciega el entendimiento de los ciudadanos .
"
es,en.20121025.28.4-369-000,streaming,,65.015875,60.437514130000636,0.9295808774395583, Yo también quiero felicitar al ponente y al resto de los colegas que han trabajado en esta reforma muy adecuadamente. La crisis financiera se ha incrementado debido a la existencia de complejos y extraños valores negociables que se vinculan a instrumentos derivados y a negociaciones fuera de los mercados oficiales. Todo ello con el ánimo de conseguir altas rentabilidades a gran celeridad. Resulta necesario atraer a un mercado transparente las operaciones financieras para garantizar la buena formación de los precios y la competencia de los productos negociables. Pero sobre todo es imprescindible que la información ofrecida sea comprensible para los inversores que han de tener pleno conocimiento para prestar libre consentimiento a los riesgos que asumen. De nada sirve la transparencia como un gran destello de luz si el embrollo en la configuración de los productos negociables ciega el entendimiento de los ciudadanos. Gracias.,"Señor Presidente , yo también quiero felicitar al ponente y al resto de diputados que han trabajado en esta reforma muy adecuadamente .
La crisis financiera se ha incrementado debido a la existencia de complejos y extraños valores negociables que se vinculan a instrumentos derivados y a negociaciones fuera de los mercados oficiales , todo ello con el ánimo de conseguir altas rentabilidades a gran celeridad .
Resulta necesario atraer las operaciones financieras a un mercado transparente para garantizar la buena formación de los precios y la competencia de los productos negociables . Pero , sobre todo , es imprescindible que la información ofrecida sea comprensible para los inversores , que han de tener pleno conocimiento para prestar libre consentimiento a los riesgos que asumen .
De nada sirve la transparencia , como un gran destello de luz , si el embrollo en la configuración de los productos negociables ciega el entendimiento de los ciudadanos .
"
es,en.20101124.20.3-339,offline,,88.0036875,88.0250821410009,1.0002431107332963," Gracias también a la señora comisaria. Comparto el deseo de esta Cámara. Quiero que las propuestas de los europeos obtengan el respaldo que merecen en Cancún. En relación con este debate, hay que subrayar la importancia de las ciudades en la preservación del medio. Existe un pacto entre más de mil alcaldes de la Unión Europea que demuestra la existencia de un reconocimiento del problema por parte de estas autoridades, cuya actuación resulta determinante si queremos tener éxito. De nada valen las grandes palabras que utilicemos si no contamos con la colaboración de los alcaldes de las ciudades. Para ello es muy importante que se divulguen las emisiones, pues las ciudades producen casi un 80% de los gases de efecto invernadero. Hoy día no existe esta divulgación, ni lo que es peor, un patrón común para la medición misma de estas emisiones. Existe una organización sin ánimo de lucro que se llama Proyecto de Divulgación del CO2, que ya acoge la información de miles de empresas y que pienso podría ser utilizada también por los ayuntamientos. Sin su concurso, sin el concurso de estos ayuntamientos y de los alcaldes, la actuación medioambiental se queda en humo. El humo del que precisamente queremos huir. Muchas gracias.","Señor Presidente , señora Comisaria , comparto el deseo de esta Cámara . Quiero que las propuestas de los europeos obtengan el respaldo que merecen en Cancún .
En relación con este debate hay que subrayar la importancia de las ciudades en la preservación del medio . Existe un pacto entre más de mil alcaldes de la Unión Europea que demuestra la existencia de un reconocimiento del problema por parte de estas autoridades , cuya actuación resulta determinante si queremos tener éxito . De nada valen las grandes palabras que utilicemos si no contamos con la colaboración de los alcaldes de las ciudades .
Para ello , es muy importante que se divulguen las emisiones , pues las ciudades producen casi un 80 % de los gases de efecto invernadero . Hoy día no existe esta divulgación ni , lo que es peor , un patrón común para la medición misma de estas emisiones .
Existe una organización sin ánimo de lucro que se llama « Proyecto de divulgación del CO
» que ya acoge la información de miles de empresas y que – pienso – podría ser utilizada también por los ayuntamientos . Sin su concurso , sin el concurso de estos ayuntamientos y de los alcaldes , la actuación medioambiental se queda en humo , el humo del que precisamente queremos huir .
"
es,en.20101124.20.3-339,streaming,,88.0036875,78.97860728100204,0.8974465675770921," Gracias también a la señora comisaria. Comparto el deseo de esta Cámara. Quiero que las propuestas de los europeos obtengan el respaldo que merecen en Cancún. En relación con este debate, hay que subrayar la importancia de las ciudades en la preservación del medio. Existe un pacto entre más de mil alcaldes de la Unión Europea que demuestra la existencia de un reconocimiento del problema por parte de estas autoridades, cuya actuación resulta determinante si queremos tener éxito. De nada valen las grandes palabras que utilicemos si no contamos con la colaboración de los alcaldes de las ciudades. Para ello es muy importante que se divulguen las emisiones, pues las ciudades producen casi un 80% de los gases de efecto invernadero. Hoy día no existe esta divulgación, ni lo que es peor, un patrón común para la medición misma de estas emisiones. Existe una organización sin ánimo de lucro que se llama Proyecto de Divulgación del CO2, que ya acoge la información de miles de empresas y que pienso podría ser utilizada también por los ayuntamientos. Sin su concurso, sin el concurso de estos ayuntamientos y de los alcaldes, la actuación medioambiental se queda en humo. El humo del que precisamente queremos huir. Muchas gracias.","Señor Presidente , señora Comisaria , comparto el deseo de esta Cámara . Quiero que las propuestas de los europeos obtengan el respaldo que merecen en Cancún .
En relación con este debate hay que subrayar la importancia de las ciudades en la preservación del medio . Existe un pacto entre más de mil alcaldes de la Unión Europea que demuestra la existencia de un reconocimiento del problema por parte de estas autoridades , cuya actuación resulta determinante si queremos tener éxito . De nada valen las grandes palabras que utilicemos si no contamos con la colaboración de los alcaldes de las ciudades .
Para ello , es muy importante que se divulguen las emisiones , pues las ciudades producen casi un 80 % de los gases de efecto invernadero . Hoy día no existe esta divulgación ni , lo que es peor , un patrón común para la medición misma de estas emisiones .
Existe una organización sin ánimo de lucro que se llama « Proyecto de divulgación del CO
» que ya acoge la información de miles de empresas y que – pienso – podría ser utilizada también por los ayuntamientos . Sin su concurso , sin el concurso de estos ayuntamientos y de los alcaldes , la actuación medioambiental se queda en humo , el humo del que precisamente queremos huir .
"
es,en.20100708.3.4-032,offline,,65.991125,63.674386310001864,0.9648931778326535," Muchas gracias. Señor comisario, señorías, en los próximos meses entraremos de lleno en el debate sobre la nueva PAC. Es importante alcanzar un buen acuerdo, así que espero que la presidencia belga logre lo que no ha conseguido la presidencia española, es decir, encauzar las discusiones de forma que los Estados miembros se comprometan a mantener ya en el futuro una política agrícola común verdaderamente fuerte, con un presupuesto suficiente para hacer frente a las necesidades de los 27 Estados miembros, los nuevos y los antiguos, y no ocurra como en 2005 que faltó dinero y hubo que inventarse la modulación. En la próxima reforma de la PAC nos jugamos la viabilidad de un sector que no solo aporta bienes y servicios intangibles, como el cuidado del entorno, sino que también debería asegurar el aprovisionamiento de alimentos a los ciudadanos europeos. Ya hemos sido testigos en el pasado de situaciones dolorosas de carestía, por lo que es necesario que el Parlamento Europeo tiene que dar seguridad y abastecimiento basado en la producción comunitaria, como principal objetivo de la próxima reforma, sin dejar de lado otras aportaciones como la lucha contra el cambio climático. Muchas gracias.","Señor Presidente , señor Comisario , Señorías , en los próximos meses entraremos de lleno en el debate sobre la nueva PAC . Es importante alcanzar un buen acuerdo , así que espero que la Presidencia belga logre lo que no ha conseguido la Presidencia española , es decir , encauzar las discusiones de forma que los Estados miembros se comprometan ya a mantener en el futuro una política agrícola común verdaderamente fuerte , con un presupuesto suficiente para hacer frente a las necesidades de los veintisiete Estados miembros , los nuevos y los antiguos , y no ocurra como en 2005 , que faltó dinero y hubo que inventarse la modulación .
En la próxima reforma de la PAC nos jugamos la viabilidad de un sector que no solo aporta bienes y servicios intangibles , como el cuidado del entorno , sino que también debería asegurar el aprovisionamiento de alimentos a los ciudadanos europeos . Ya hemos sido testigos , en el pasado , de situaciones dolorosas de carestía , por lo que es necesario que el Parlamento Europeo dé seguridad de abastecimiento basado en la producción comunitaria , como principal objetivo de la próxima reforma , sin dejar de lado otras aportaciones , como la lucha contra el cambio climático .
"
es,en.20100708.3.4-032,streaming,,65.991125,62.47178616200108,0.9466695129383093," Muchas gracias. Señor comisario, señorías, en los próximos meses entraremos de lleno en el debate sobre la nueva PAC. Es importante alcanzar un buen acuerdo, así que espero que la presidencia belga logre lo que no ha conseguido la presidencia española, es decir, encauzar las discusiones de forma que los Estados miembros se comprometan a mantener ya en el futuro una política agrícola común verdaderamente fuerte, con un presupuesto suficiente para hacer frente a las necesidades de los 27 Estados miembros, los nuevos y los antiguos, y no ocurra como en 2005 que faltó dinero y hubo que inventarse la modulación. En la próxima reforma de la PAC nos jugamos la viabilidad de un sector que no solo aporta bienes y servicios intangibles, como el cuidado del entorno, sino que también debería asegurar el aprovisionamiento de alimentos a los ciudadanos europeos. Ya hemos sido testigos en el pasado de situaciones dolorosas de carestía, por lo que es necesario que el Parlamento Europeo tiene que dar seguridad y abastecimiento basado en la producción comunitaria, como principal objetivo de la próxima reforma, sin dejar de lado otras aportaciones como la lucha contra el cambio climático. Muchas gracias.","Señor Presidente , señor Comisario , Señorías , en los próximos meses entraremos de lleno en el debate sobre la nueva PAC . Es importante alcanzar un buen acuerdo , así que espero que la Presidencia belga logre lo que no ha conseguido la Presidencia española , es decir , encauzar las discusiones de forma que los Estados miembros se comprometan ya a mantener en el futuro una política agrícola común verdaderamente fuerte , con un presupuesto suficiente para hacer frente a las necesidades de los veintisiete Estados miembros , los nuevos y los antiguos , y no ocurra como en 2005 , que faltó dinero y hubo que inventarse la modulación .
En la próxima reforma de la PAC nos jugamos la viabilidad de un sector que no solo aporta bienes y servicios intangibles , como el cuidado del entorno , sino que también debería asegurar el aprovisionamiento de alimentos a los ciudadanos europeos . Ya hemos sido testigos , en el pasado , de situaciones dolorosas de carestía , por lo que es necesario que el Parlamento Europeo dé seguridad de abastecimiento basado en la producción comunitaria , como principal objetivo de la próxima reforma , sin dejar de lado otras aportaciones , como la lucha contra el cambio climático .
"
es,en.20120911.4.2-035-000,offline,,58.0035,53.1869415000001,0.9169608989112743," Muchas gracias, presidente. El acuerdo alcanzado por el Parlamento y el Consejo refleja lo que los Estados miembros implicados aprobaron por unanimidad en la OMI. Estos mares presentan un estado preocupante en términos de acidificación. Además, su capacidad de regeneración es muy limitada. Los combustibles exigidos van a ser más caros y por eso se prevé una ayuda económica para los empresarios, cosa que es muy razonable. Pero algunos colegas han intentado que los requisitos para los nuevos combustibles se apliquen también a todos los mares de la Unión Europea. Nos encontraríamos con la paradoja de que un problema medioambiental de algunos países de la Unión se quiera resolver creando un problema económico de primer orden en el Mediterráneo que no tiene ese problema, pero que tiene otro tipo de problema medioambientales cuyos costes no se pretende imponer al resto de los países. El tratado es muy claro. Hay que proteger las zonas sensibles, pero todas las zonas no son igualmente sensibles. Muchas gracias.","Señor Presidente , el acuerdo alcanzado por el Parlamento y el Consejo refleja lo que los Estados miembros implicados aprobaron por unanimidad en la OMI . Estos mares presentan un estado preocupante en términos de acidificación . Además , su capacidad de regeneración es muy limitada . Los combustibles exigidos van a ser más caros y , por eso , se prevé una ayuda económica para los empresarios , lo que es muy razonable .
Pero algunos diputados han intentado que los requisitos para los nuevos combustibles se apliquen a todos los mares de la Unión Europea . Nos encontraríamos con la paradoja de que un problema medioambiental de algunos países de la Unión se quiera resolver creando un problema económico de primer orden en el Mediterráneo , que no tiene ese problema medioambiental , pero que tiene otro tipo de problemas medioambientales cuyos costes no se pretende imponer al resto de los países .
El Tratado es muy claro . Hay que proteger las zonas sensibles . Pero todas las zonas no son igualmente sensibles .
"
es,en.20120911.4.2-035-000,streaming,,58.0035,55.71026592000271,0.9604638671804755," Muchas gracias, presidente. El acuerdo alcanzado por el Parlamento y el Consejo refleja lo que los Estados miembros implicados aprobaron por unanimidad en la OMI. Estos mares presentan un estado preocupante en términos de acidificación. Además, su capacidad de regeneración es muy limitada. Los combustibles exigidos van a ser más caros y por eso se prevé una ayuda económica para los empresarios, cosa que es muy razonable. Pero algunos colegas han intentado que los requisitos para los nuevos combustibles se apliquen también a todos los mares de la Unión Europea. Nos encontraríamos con la paradoja de que un problema medioambiental de algunos países de la Unión se quiera resolver creando un problema económico de primer orden en el Mediterráneo que no tiene ese problema, pero que tiene otro tipo de problema medioambientales cuyos costes no se pretende imponer al resto de los países. El tratado es muy claro. Hay que proteger las zonas sensibles, pero todas las zonas no son igualmente sensibles. Muchas gracias.","Señor Presidente , el acuerdo alcanzado por el Parlamento y el Consejo refleja lo que los Estados miembros implicados aprobaron por unanimidad en la OMI . Estos mares presentan un estado preocupante en términos de acidificación . Además , su capacidad de regeneración es muy limitada . Los combustibles exigidos van a ser más caros y , por eso , se prevé una ayuda económica para los empresarios , lo que es muy razonable .
Pero algunos diputados han intentado que los requisitos para los nuevos combustibles se apliquen a todos los mares de la Unión Europea . Nos encontraríamos con la paradoja de que un problema medioambiental de algunos países de la Unión se quiera resolver creando un problema económico de primer orden en el Mediterráneo , que no tiene ese problema medioambiental , pero que tiene otro tipo de problemas medioambientales cuyos costes no se pretende imponer al resto de los países .
El Tratado es muy claro . Hay que proteger las zonas sensibles . Pero todas las zonas no son igualmente sensibles .
"
es,en.20100210.29.3-529,offline,,63.99425,59.31854052299968,0.9269354750309549," Señor presidente, gracias. En un tema tan grave como es el terrorismo, no deberíamos esperar a los acontecimientos para actuar. Deberíamos anticiparnos a esto. Pero no lo hacemos. Y, por desgracia, avanzamos a golpe de atentado, como el fallito de atentado de Detroit, que nos obliga hoy a tomar decisiones que garanticen la seguridad del transporte aéreo. Decidir sobre los escáneres corporales en los aeropuertos es una responsabilidad que no podemos eludir, señoras y señores. No podemos seguir esperando porque los terroristas no esperan. Por ello, la Comisión debe cuanto antes garantizarnos que se preservarán la dignidad y la privacidad de las personas y que no habrá efectos negativos sobre la salud. Garantizado esto, tenemos que adoptar decisiones para toda la Unión Europea. Y aquellos que temen que se violen los derechos fundamentales, les diré que no existe un derecho más elevado que el derecho a vivir. Y quienes amamos la libertad por encima de todo, necesitamos vivir seguros para sentirnos verdaderamente libres.","Señor Presidente , en un tema tan grave como es el terrorismo no deberíamos esperar a los acontecimientos para actuar . Deberíamos anticiparnos a éstos , pero no lo hacemos . Y , por desgracia , avanzamos a golpe de atentado , como el fallido atentado de Detroit , que nos obliga hoy a tomar decisiones que garanticen la seguridad del transporte aéreo .
Decidir sobre los escáneres corporales en los aeropuertos es una responsabilidad que no podemos eludir , señoras y señores . No podemos seguir esperando , porque los terroristas no esperan .
Por ello la Comisión debe , cuanto antes , garantizar que se preservarán la dignidad y la pivacidad de las personas y que no habrá efectos negativos sobre la salud .
Garantizado esto , tenemos que adoptar decisiones para toda la Unión Europea . Y a aquellos que temen que se violen los derechos fundamentales les diré que no existe un derecho más elevado que el derecho a vivir , y quienes amamos la libertad por encima de todo necesitamos vivir seguros para sentirnos verdaderamente libres .
"
es,en.20100210.29.3-529,streaming,,63.99425,61.32857681499809,0.9583451140531858," Señor presidente, gracias. En un tema tan grave como es el terrorismo, no deberíamos esperar a los acontecimientos para actuar. Deberíamos anticiparnos a esto. Pero no lo hacemos. Y, por desgracia, avanzamos a golpe de atentado, como el fallito de atentado de Detroit, que nos obliga hoy a tomar decisiones que garanticen la seguridad del transporte aéreo. Decidir sobre los escáneres corporales en los aeropuertos es una responsabilidad que no podemos eludir, señoras y señores. No podemos seguir esperando porque los terroristas no esperan. Por ello, la Comisión debe cuanto antes garantizarnos que se preservarán la dignidad y la privacidad de las personas y que no habrá efectos negativos sobre la salud. Garantizado esto, tenemos que adoptar decisiones para toda la Unión Europea. Y aquellos que temen que se violen los derechos fundamentales, les diré que no existe un derecho más elevado que el derecho a vivir. Y quienes amamos la libertad por encima de todo, necesitamos vivir seguros para sentirnos verdaderamente libres.","Señor Presidente , en un tema tan grave como es el terrorismo no deberíamos esperar a los acontecimientos para actuar . Deberíamos anticiparnos a éstos , pero no lo hacemos . Y , por desgracia , avanzamos a golpe de atentado , como el fallido atentado de Detroit , que nos obliga hoy a tomar decisiones que garanticen la seguridad del transporte aéreo .
Decidir sobre los escáneres corporales en los aeropuertos es una responsabilidad que no podemos eludir , señoras y señores . No podemos seguir esperando , porque los terroristas no esperan .
Por ello la Comisión debe , cuanto antes , garantizar que se preservarán la dignidad y la pivacidad de las personas y que no habrá efectos negativos sobre la salud .
Garantizado esto , tenemos que adoptar decisiones para toda la Unión Europea . Y a aquellos que temen que se violen los derechos fundamentales les diré que no existe un derecho más elevado que el derecho a vivir , y quienes amamos la libertad por encima de todo necesitamos vivir seguros para sentirnos verdaderamente libres .
"
es,en.20121023.5.2-099-000,offline,,26.006375,24.28685129599762,0.9338806848704452," Señor diputado, acaba de emplear el tiempo, el poco que tenía, en insultar, descalificar desde la más absoluta ignorancia. Usted conoce la Constitución Española, porque lo que ha dicho el vicepresidente, señor Vidal Cuadras, no es ni más ni menos que se aplique lo dicho en la Constitución Española. Lo demás son singulares apreciaciones personales que no vienen absolutamente a cuento y que yo puedo respetar, pero que desprecio.","pregunta de « tarjeta azul »
Señor diputado , acaba usted de emplear el tiempo , el poco que tenía , en insultar y descalificar desde la más absoluta ignorancia .
¿ Usted conoce la Constitución Española ? Porque lo que ha dicho el Vicepresidente Vidal Quadras es , ni más ni menos , que se aplique lo dicho en la Constitución Española ; lo demás son singulares apreciaciones personales que no vienen absolutamente a cuento y que yo puedo respetar , pero que desprecio .
"
es,en.20121023.5.2-099-000,streaming,,26.006375,26.106977565003035,1.0038683809259474," Señor diputado, acaba de emplear el tiempo, el poco que tenía, en insultar, descalificar desde la más absoluta ignorancia. Usted conoce la Constitución Española, porque lo que ha dicho el vicepresidente, señor Vidal Cuadras, no es ni más ni menos que se aplique lo dicho en la Constitución Española. Lo demás son singulares apreciaciones personales que no vienen absolutamente a cuento y que yo puedo respetar, pero que desprecio.","pregunta de « tarjeta azul »
Señor diputado , acaba usted de emplear el tiempo , el poco que tenía , en insultar y descalificar desde la más absoluta ignorancia .
¿ Usted conoce la Constitución Española ? Porque lo que ha dicho el Vicepresidente Vidal Quadras es , ni más ni menos , que se aplique lo dicho en la Constitución Española ; lo demás son singulares apreciaciones personales que no vienen absolutamente a cuento y que yo puedo respetar , pero que desprecio .
"
es,en.20120214.19.2-344-000,offline,,89.0253125,81.66543037099837,0.9173282078734446," Gracias, señor presidente. El reglamento que debatimos hoy no es perfecto. No puede por sí solo arreglar los problemas de un sector con problemas estructurales y también por el contexto económico que vivimos con problemas coyunturales. Pero este reglamento, sin ser perfecto, es un paso hacia adelante, decidido y en la buena dirección. Porque si en la última época nos hemos dado cuenta todos que no hay ningún mercado perfecto, era muy necesario introducir en este tablero, donde además estamos jugando con la seguridad alimentaria de la gente, todos los elementos de regulación que pudiéramos y de protección a nuestros productores. Era muy necesario que permitiéramos la obligatoriedad de los contratos con un tiempo máximo, con un plazo mínimo y con un volumen máximo, al menos como instrumento de defensa, porque por supuesto que nuestros productores no parten con la misma fortaleza negociadora ante la distribución, los intermediarios o los reconectores. Quedan muchas cosas por hacer. Deberemos mejorar las redes de seguridad y hacerlas más ágiles y más efectivas. Deberemos apostar por vertebrar aún más el sector en la cadena de valor, controlar que no haya reparto de cuotas, especialmente en determinadas zonas, o impulsar la política de calidad. Pero, sin ninguna duda, con nuestro voto positivo y con todo lo que queda por hacer, hoy muchos ganaderos podrán ver a este Parlamento que ha defendido su derecho laboral, el más básico de todos, que es el de poder vivir con dignidad de las rentas de su trabajo. Muchas gracias, presidente.","Señor Presidente , el Reglamento que debatimos hoy no es perfecto , no puede por sí solo arreglar las dificultades de un sector con problemas estructurales y también , por el contexto económico que vivimos , con problemas coyunturales . Pero , este Reglamento , sin ser perfecto , es un paso hacia adelante , decidido y en la buena dirección .
Porque , pese a que en la última época nos hemos dado cuenta todos de que no hay ningún mercado perfecto , era muy necesario introducir en este tablero , donde además estamos jugando con la seguridad alimentaria de la gente , todos los elementos que pudiéramos de regulación y de protección a nuestros productores .
Era muy necesario que permitiéramos la obligatoriedad de los contratos con un plazo mínimo y con un volumen máximo , al menos como instrumento de defensa , porque , por supuesto , nuestros productores no parten con la misma fortaleza negociadora ante la distribución , los intermediarios o los recolectores .
Quedan muchas cosas por hacer . Deberemos mejorar las redes de seguridad y hacerlas más ágiles y más efectivas . Deberemos apostar por vertebrar aún más el sector en la cadena de valor , controlar que no haya reparto de cuotas — especialmente en determinadas zonas — o impulsar la política de calidad .
Pero , sin ninguna duda , con nuestro voto positivo y con todo lo que queda por hacer , hoy muchos ganaderos podrán ver que este Parlamento ha defendido su derecho laboral más básico : el de poder vivir con dignidad de las rentas de su trabajo .
"
es,en.20120214.19.2-344-000,streaming,,89.0253125,82.32343783900069,0.9247194480670954," Gracias, señor presidente. El reglamento que debatimos hoy no es perfecto. No puede por sí solo arreglar los problemas de un sector con problemas estructurales y también por el contexto económico que vivimos con problemas coyunturales. Pero este reglamento, sin ser perfecto, es un paso hacia adelante, decidido y en la buena dirección. Porque si en la última época nos hemos dado cuenta todos que no hay ningún mercado perfecto, era muy necesario introducir en este tablero, donde además estamos jugando con la seguridad alimentaria de la gente, todos los elementos de regulación que pudiéramos y de protección a nuestros productores. Era muy necesario que permitiéramos la obligatoriedad de los contratos con un tiempo máximo, con un plazo mínimo y con un volumen máximo, al menos como instrumento de defensa, porque por supuesto que nuestros productores no parten con la misma fortaleza negociadora ante la distribución, los intermediarios o los reconectores. Quedan muchas cosas por hacer. Deberemos mejorar las redes de seguridad y hacerlas más ágiles y más efectivas. Deberemos apostar por vertebrar aún más el sector en la cadena de valor, controlar que no haya reparto de cuotas, especialmente en determinadas zonas, o impulsar la política de calidad. Pero, sin ninguna duda, con nuestro voto positivo y con todo lo que queda por hacer, hoy muchos ganaderos podrán ver a este Parlamento que ha defendido su derecho laboral, el más básico de todos, que es el de poder vivir con dignidad de las rentas de su trabajo. Muchas gracias, presidente.","Señor Presidente , el Reglamento que debatimos hoy no es perfecto , no puede por sí solo arreglar las dificultades de un sector con problemas estructurales y también , por el contexto económico que vivimos , con problemas coyunturales . Pero , este Reglamento , sin ser perfecto , es un paso hacia adelante , decidido y en la buena dirección .
Porque , pese a que en la última época nos hemos dado cuenta todos de que no hay ningún mercado perfecto , era muy necesario introducir en este tablero , donde además estamos jugando con la seguridad alimentaria de la gente , todos los elementos que pudiéramos de regulación y de protección a nuestros productores .
Era muy necesario que permitiéramos la obligatoriedad de los contratos con un plazo mínimo y con un volumen máximo , al menos como instrumento de defensa , porque , por supuesto , nuestros productores no parten con la misma fortaleza negociadora ante la distribución , los intermediarios o los recolectores .
Quedan muchas cosas por hacer . Deberemos mejorar las redes de seguridad y hacerlas más ágiles y más efectivas . Deberemos apostar por vertebrar aún más el sector en la cadena de valor , controlar que no haya reparto de cuotas — especialmente en determinadas zonas — o impulsar la política de calidad .
Pero , sin ninguna duda , con nuestro voto positivo y con todo lo que queda por hacer , hoy muchos ganaderos podrán ver que este Parlamento ha defendido su derecho laboral más básico : el de poder vivir con dignidad de las rentas de su trabajo .
"
es,en.20100615.5.2-072,offline,,84.9850625,80.01859130599769,0.9415606572743026," Gracias, señor presidente. La mejor muestra de ver la buena voluntad que tenemos son las mil enmiendas que estamos viendo desde la Comisión hasta el Pleno. Pero además de buena voluntad, yo creo que hemos de ser prácticos a la hora de etiquetar los alimentos. Si no queremos conseguir el efecto contrario al que perseguimos. Es decir, confundir al consumidor en vez de ayudarle a informarse. Se trata de... No se trata de ilustrar, sino de prevenir, de informarle de qué puede comer y en qué medida. Hay que etiquetar sobre grasa, sobre azúcares, sobre grasas trans, efectivamente, sobre aquello que afecta al colesterol, sobre todas aquellas sustancias que afectan a lo que hemos dicho, a la obesidad, a la salud de las personas, sí, pero algunos otros alimentos con algunas otras informaciones como lugar de origen, cuando no lleve a confusión, o por ejemplo en una carne, es decir, el lugar de nacimiento, el lugar de paso, el lugar de pasto, el lugar de sacrificio de las res, puede ilustrar mucho, pero van a acabar confundiendo. De nosotros depende que seamos prácticos y que este reglamento quede como el que va a armonizar y como el que va a informar a los consumidores o, en caso contrario, con el que va a confundir más y va a imponer cuestiones que, lejos de conseguir mejores cotas de salud, van a conseguir mayores grados de confusión. Por eso pido, por ejemplo, que algunos optamos por la GDA, la cantidad de ingesta diaria en vez de los semáforos, porque es muy claro que si usted consume esta cantidad o el doble, va a ponerse gordo, por tanto consuma solo una. Cantidad de ingesta diaria frente a otro tipo de códigos, es lo que planteamos algunos, para no confundir más al consumidor.","Señor Presidente , la mejor muestra de la buena voluntad que tenemos son las mil enmiendas que estamos viendo desde la comisión hasta el Pleno . Pero , además de buena voluntad , yo creo que hemos de ser prácticos a la hora de etiquetar los alimentos , si no queremos conseguir el efecto contrario al que perseguimos , es decir , confundir al consumidor en vez de ayudarle a informarse .
No se trata de ilustrar , sino de prevenir , de informarle de qué puede comer y en qué medida . ¿ Hay que etiquetar sobre grasas , sobre azúcares , sobre grasas trans ? Efectivamente . ¿ Sobre aquello que afecta al colesterol , sobre todas aquellas sustancias que afectan a lo que hemos dicho : a la obesidad y a la salud de las personas ? Sí , pero algunos otros alimentos con algunas otras informaciones , como el lugar de origen , cuando no lleve a confusión , o , por ejemplo , en una carne decir el lugar de nacimiento , el lugar de paso , el lugar de pasto o el lugar de sacrificio de la res puede ilustrar mucho , pero va a acabar confundiendo .
De nosotros depende que seamos prácticos y que este Reglamento quede como el que va a armonizar e informar a los consumidores o , en caso contrario , como el que va a confundir más y va a imponer cuestiones que , lejos de conseguir mejores cotas de salud , van a conseguir mayores grados de confusión .
Por eso , señalo , por ejemplo , que algunos optamos por la GDA , la cantidad de ingesta diaria , en vez de los semáforos , porque es muy claro que si usted consume esta cantidad o el doble va a ponerse gordo , por tanto , consuma sólo una . Cantidad de ingesta diaria frente a otro tipo de códigos es lo que planteamos algunos para no confundir más al consumidor .
"
es,en.20100615.5.2-072,streaming,,84.9850625,77.53314821200183,0.9123150107938303," Gracias, señor presidente. La mejor muestra de ver la buena voluntad que tenemos son las mil enmiendas que estamos viendo desde la Comisión hasta el Pleno. Pero además de buena voluntad, yo creo que hemos de ser prácticos a la hora de etiquetar los alimentos. Si no queremos conseguir el efecto contrario al que perseguimos. Es decir, confundir al consumidor en vez de ayudarle a informarse. Se trata de... No se trata de ilustrar, sino de prevenir, de informarle de qué puede comer y en qué medida. Hay que etiquetar sobre grasa, sobre azúcares, sobre grasas trans, efectivamente, sobre aquello que afecta al colesterol, sobre todas aquellas sustancias que afectan a lo que hemos dicho, a la obesidad, a la salud de las personas, sí, pero algunos otros alimentos con algunas otras informaciones como lugar de origen, cuando no lleve a confusión, o por ejemplo en una carne, es decir, el lugar de nacimiento, el lugar de paso, el lugar de pasto, el lugar de sacrificio de las res, puede ilustrar mucho, pero van a acabar confundiendo. De nosotros depende que seamos prácticos y que este reglamento quede como el que va a armonizar y como el que va a informar a los consumidores o, en caso contrario, con el que va a confundir más y va a imponer cuestiones que, lejos de conseguir mejores cotas de salud, van a conseguir mayores grados de confusión. Por eso pido, por ejemplo, que algunos optamos por la GDA, la cantidad de ingesta diaria en vez de los semáforos, porque es muy claro que si usted consume esta cantidad o el doble, va a ponerse gordo, por tanto consuma solo una. Cantidad de ingesta diaria frente a otro tipo de códigos, es lo que planteamos algunos, para no confundir más al consumidor.","Señor Presidente , la mejor muestra de la buena voluntad que tenemos son las mil enmiendas que estamos viendo desde la comisión hasta el Pleno . Pero , además de buena voluntad , yo creo que hemos de ser prácticos a la hora de etiquetar los alimentos , si no queremos conseguir el efecto contrario al que perseguimos , es decir , confundir al consumidor en vez de ayudarle a informarse .
No se trata de ilustrar , sino de prevenir , de informarle de qué puede comer y en qué medida . ¿ Hay que etiquetar sobre grasas , sobre azúcares , sobre grasas trans ? Efectivamente . ¿ Sobre aquello que afecta al colesterol , sobre todas aquellas sustancias que afectan a lo que hemos dicho : a la obesidad y a la salud de las personas ? Sí , pero algunos otros alimentos con algunas otras informaciones , como el lugar de origen , cuando no lleve a confusión , o , por ejemplo , en una carne decir el lugar de nacimiento , el lugar de paso , el lugar de pasto o el lugar de sacrificio de la res puede ilustrar mucho , pero va a acabar confundiendo .
De nosotros depende que seamos prácticos y que este Reglamento quede como el que va a armonizar e informar a los consumidores o , en caso contrario , como el que va a confundir más y va a imponer cuestiones que , lejos de conseguir mejores cotas de salud , van a conseguir mayores grados de confusión .
Por eso , señalo , por ejemplo , que algunos optamos por la GDA , la cantidad de ingesta diaria , en vez de los semáforos , porque es muy claro que si usted consume esta cantidad o el doble va a ponerse gordo , por tanto , consuma sólo una . Cantidad de ingesta diaria frente a otro tipo de códigos es lo que planteamos algunos para no confundir más al consumidor .
"
es,en.20090421.18.2-127,offline,,78.0190625,71.33022462299778,0.914266620712057," Señor Presidente, cuando el mercado no funciona, hay que intervenir. Hemos vuelto a romper un tabú. El mercado libre no es sagrado, y menos aún en tiempos de crisis, cuando el bolsillo del consumidor europeo sufre más que nunca. Con este acuerdo de establecer unos límites a los abusivos precios de llamadas y SMS roaming, gana el consumidor, gana la comunicación entre los países europeos y gana la Europa útil y positiva. El recibo del teléfono de millones de europeos podría bajar o, al contrario, costar solo 11 céntimos. El SMS, uno puede estar tecleando todo el día y podría acabar gastando igual. Especialmente positivas son las medidas de transparencia que consigue unos cobros por segundo a partir de los 30 segundos. Los precios máximos para SMS y para datos podrían haber sido algo más bajos, pero en aras de un acuerdo hemos llegado a este compromiso. Gracias, comisaria Reding. Gracias, señora Valiant. Gracias a los ponentes de todos los grupos porque hemos dado un ejemplo feliz de la acción de la Unión Europea durante estos tiempos de crisis. Gracias.",".
Señor Presidente , cuando el mercado no funciona hay que intervenir . Hemos vuelto a romper un tabú : el mercado libre no es sagrado y , menos aún en tiempos de crisis , cuando el bolsillo del consumidor europeo sufre más que nunca .
Con este acuerdo destinado a establecer unos límites a los abusivos precios de las llamadas y de los SMS en « roaming » , gana el consumidor , gana la comunicación entre los países europeos y gana la Europa útil y positiva .
La factura de teléfono de millones de europeos podría bajar o , al contrario , al costar solo 11 céntimos el SMS , uno podría estar tecleando todo el día y acabar gastando igual .
Especialmente positivas son las medidas de transferencia que consiguen unos cobros por segundo a partir de los treinta segundos . Los precios máximos para los SMS y para el envío de datos podían haber sido algo más bajos , pero , en aras de un acuerdo , hemos llegado a esta transacción .
Gracias Comisaria Reding , gracias señora Vălean , gracias a los ponentes de todos los grupos , porque hemos dado un ejemplo feliz de la acción de la Unión Europea durante estos tiempos de crisis .
"
es,en.20090421.18.2-127,streaming,,78.0190625,71.05252586999995,0.9107072501672261," Señor Presidente, cuando el mercado no funciona, hay que intervenir. Hemos vuelto a romper un tabú. El mercado libre no es sagrado, y menos aún en tiempos de crisis, cuando el bolsillo del consumidor europeo sufre más que nunca. Con este acuerdo de establecer unos límites a los abusivos precios de llamadas y SMS roaming, gana el consumidor, gana la comunicación entre los países europeos y gana la Europa útil y positiva. El recibo del teléfono de millones de europeos podría bajar o, al contrario, costar solo 11 céntimos. El SMS, uno puede estar tecleando todo el día y podría acabar gastando igual. Especialmente positivas son las medidas de transparencia que consigue unos cobros por segundo a partir de los 30 segundos. Los precios máximos para SMS y para datos podrían haber sido algo más bajos, pero en aras de un acuerdo hemos llegado a este compromiso. Gracias, comisaria Reding. Gracias, señora Valiant. Gracias a los ponentes de todos los grupos porque hemos dado un ejemplo feliz de la acción de la Unión Europea durante estos tiempos de crisis. Gracias.",".
Señor Presidente , cuando el mercado no funciona hay que intervenir . Hemos vuelto a romper un tabú : el mercado libre no es sagrado y , menos aún en tiempos de crisis , cuando el bolsillo del consumidor europeo sufre más que nunca .
Con este acuerdo destinado a establecer unos límites a los abusivos precios de las llamadas y de los SMS en « roaming » , gana el consumidor , gana la comunicación entre los países europeos y gana la Europa útil y positiva .
La factura de teléfono de millones de europeos podría bajar o , al contrario , al costar solo 11 céntimos el SMS , uno podría estar tecleando todo el día y acabar gastando igual .
Especialmente positivas son las medidas de transferencia que consiguen unos cobros por segundo a partir de los treinta segundos . Los precios máximos para los SMS y para el envío de datos podían haber sido algo más bajos , pero , en aras de un acuerdo , hemos llegado a esta transacción .
Gracias Comisaria Reding , gracias señora Vălean , gracias a los ponentes de todos los grupos , porque hemos dado un ejemplo feliz de la acción de la Unión Europea durante estos tiempos de crisis .
"
es,en.20081118.4.2-057,offline,,75.9989375,70.61769556400031,0.9291931951548706," Gracias, señor presidente. En primer lugar, sumame a la felicitación del señor ponente, el señor Capula Santos, por su magnífico trabajo. Creo que ha encontrado equilibrio y moderación en su informe. Creo que lo importante a estas alturas del debate es mandar un mensaje de estabilidad para nuestros agricultores. Los agricultores europeos necesitan más que nunca estabilidad y soluciones. Es necesario periodos transitorios suficientes, así como mantener medidas específicas que sean necesarias para sectores en dificultad. Señora comisaria, no valen las mismas soluciones para todos los sectores y hay que recordar que tenemos sectores que están atravesando verdaderas dificultades. La política agraria común no tiene que ser el problema, sino la solución y para ello necesitamos un primer pilar fuerte. Creemos y apostamos por el desarrollo rural, pero no creemos que la modulación propuesta por la Comisión sea la solución. No se trata de fortalecer el desarrollo rural en detrimento del primer pilar. Estamos de acuerdo en que hay que simplificar el régimen de pago único, en revisar los instrumentos del mercado, pero eso no significa desmantelarlos. Si lo hacemos bien, estaremos poniendo las bases para una política agraria común más allá del 2013. Si no, estaremos acabando con la actividad de muchos agricultores europeos. Gracias. Gracias. No veo una...","Señor Presidente , en primer lugar , quería sumarme a la felicitación al ponente , el señor Capoulas Santos , por su magnífico trabajo . Creo que ha encontrado equilibrio y moderación en su informe .
Creo que lo importante , a estas alturas del debate , es mandar un mensaje de estabilidad a nuestros agricultores . Los agricultores europeos necesitan más que nunca estabilidad y soluciones . Son necesarios períodos transitorios suficientes , así como mantener medidas específicas que sean necesarias para sectores en dificultad .
Señora Comisaria , no valen las mismas soluciones para todos los sectores . Hay que recordar que tenemos sectores que están atravesando verdaderas dificultades . La Política Agrícola Común no tiene que ser el problema , sino la solución , y para ello necesitamos un primer pilar fuerte .
Creemos en el desarrollo rural y apostamos por él , pero no creemos que la modulación propuesta por la Comisión sea la solución . No se trata de fortalecer el desarrollo rural en detrimento del primer pilar . Estamos de acuerdo en que hay que simplificar el régimen de pago único , en revisar los instrumentos de mercado . Pero eso no significa desmantelarlos .
Si lo hacemos bien , estaremos poniendo las bases para una Política Agrícola Común más allá de 2013 ; si no , estaremos acabando con la actividad de muchos agricultores europeos .
"
es,en.20081118.4.2-057,streaming,,75.9989375,71.61578862100214,0.9423261821390877," Gracias, señor presidente. En primer lugar, sumame a la felicitación del señor ponente, el señor Capula Santos, por su magnífico trabajo. Creo que ha encontrado equilibrio y moderación en su informe. Creo que lo importante a estas alturas del debate es mandar un mensaje de estabilidad para nuestros agricultores. Los agricultores europeos necesitan más que nunca estabilidad y soluciones. Es necesario periodos transitorios suficientes, así como mantener medidas específicas que sean necesarias para sectores en dificultad. Señora comisaria, no valen las mismas soluciones para todos los sectores y hay que recordar que tenemos sectores que están atravesando verdaderas dificultades. La política agraria común no tiene que ser el problema, sino la solución y para ello necesitamos un primer pilar fuerte. Creemos y apostamos por el desarrollo rural, pero no creemos que la modulación propuesta por la Comisión sea la solución. No se trata de fortalecer el desarrollo rural en detrimento del primer pilar. Estamos de acuerdo en que hay que simplificar el régimen de pago único, en revisar los instrumentos del mercado, pero eso no significa desmantelarlos. Si lo hacemos bien, estaremos poniendo las bases para una política agraria común más allá del 2013. Si no, estaremos acabando con la actividad de muchos agricultores europeos. Gracias. Gracias. No veo una...","Señor Presidente , en primer lugar , quería sumarme a la felicitación al ponente , el señor Capoulas Santos , por su magnífico trabajo . Creo que ha encontrado equilibrio y moderación en su informe .
Creo que lo importante , a estas alturas del debate , es mandar un mensaje de estabilidad a nuestros agricultores . Los agricultores europeos necesitan más que nunca estabilidad y soluciones . Son necesarios períodos transitorios suficientes , así como mantener medidas específicas que sean necesarias para sectores en dificultad .
Señora Comisaria , no valen las mismas soluciones para todos los sectores . Hay que recordar que tenemos sectores que están atravesando verdaderas dificultades . La Política Agrícola Común no tiene que ser el problema , sino la solución , y para ello necesitamos un primer pilar fuerte .
Creemos en el desarrollo rural y apostamos por él , pero no creemos que la modulación propuesta por la Comisión sea la solución . No se trata de fortalecer el desarrollo rural en detrimento del primer pilar . Estamos de acuerdo en que hay que simplificar el régimen de pago único , en revisar los instrumentos de mercado . Pero eso no significa desmantelarlos .
Si lo hacemos bien , estaremos poniendo las bases para una Política Agrícola Común más allá de 2013 ; si no , estaremos acabando con la actividad de muchos agricultores europeos .
"
es,en.20111114.20.1-233-000,offline,,82.0129375,84.19813892899765,1.026644594080021," Muchas gracias, presidente. Señorías, nos encontramos ante un tema extremadamente sensible. Por un lado, debemos tener en cuenta las tradiciones culturales y la importante contribución sostenible en algunos estados, como el mío, del juego a la sociedad a través de la educación, la cultura y el deporte. Y por otro lado, debemos luchar contra la criminalidad ligada a los juegos de azar y proteger a los consumidores, especialmente a los más vulnerables, para evitar el juego excesivo o patológico. Por ello, creo que en este ámbito debe prevalecer el principio de subsidiariedad activa basado en la cooperación entre las administraciones nacionales. No obstante, debemos ser ambiciosos y apostar por el desarrollo de normas comunes y la actuación conjunta coordinada contra los operadores de juegos de azar en línea irregulares que funcionan sin las necesarias licencias nacionales. Asimismo, debemos garantizar la transparencia y hacer posible una competencia no discriminatoria que persiga el interés público y la protección del consumidor. Por último, debemos impulsar la formación de una red de organizaciones nacionales que se ocupen de los adictos al juego para hacer posible un intercambio de experiencia y prácticas acreditadas. Muchas gracias.","Señor Presidente , Señorías , nos encontramos ante un tema extremadamente sensible . Por un lado , debemos tener en cuenta las tradiciones culturales y la importante contribución sostenible en algunos Estados , como el mío , del juego a la sociedad , a través de la educación , la cultura y el deporte .
Y por otro lado , debemos luchar contra la criminalidad ligada a los juegos de azar y proteger a los consumidores , especialmente a los más vulnerables , para evitar el juego excesivo o patológico . Por ello , creo que en este ámbito debe prevalecer el principio de subsidiariedad activa basado en la cooperación entre las administraciones nacionales .
No obstante , debemos ser ambiciosos y apostar por el desarrollo de normas comunes y la actuación conjunta coordinada contra los operadores de juegos de azar en línea irregulares , que funcionan sin las necesarias licencias nacionales . Asimismo , debemos garantizar la transparencia y hacer posible una competencia no discriminatoria que persiga el interés público y la protección del consumidor .
Por último , debemos impulsar la formación de una red de organizaciones nacionales que se ocupe de los adictos al juego para hacer posible un intercambio de experiencias y prácticas acreditadas .
"
es,en.20111114.20.1-233-000,streaming,,82.0129375,78.49658366099902,0.9571244007812671," Muchas gracias, presidente. Señorías, nos encontramos ante un tema extremadamente sensible. Por un lado, debemos tener en cuenta las tradiciones culturales y la importante contribución sostenible en algunos estados, como el mío, del juego a la sociedad a través de la educación, la cultura y el deporte. Y por otro lado, debemos luchar contra la criminalidad ligada a los juegos de azar y proteger a los consumidores, especialmente a los más vulnerables, para evitar el juego excesivo o patológico. Por ello, creo que en este ámbito debe prevalecer el principio de subsidiariedad activa basado en la cooperación entre las administraciones nacionales. No obstante, debemos ser ambiciosos y apostar por el desarrollo de normas comunes y la actuación conjunta coordinada contra los operadores de juegos de azar en línea irregulares que funcionan sin las necesarias licencias nacionales. Asimismo, debemos garantizar la transparencia y hacer posible una competencia no discriminatoria que persiga el interés público y la protección del consumidor. Por último, debemos impulsar la formación de una red de organizaciones nacionales que se ocupen de los adictos al juego para hacer posible un intercambio de experiencia y prácticas acreditadas. Muchas gracias.","Señor Presidente , Señorías , nos encontramos ante un tema extremadamente sensible . Por un lado , debemos tener en cuenta las tradiciones culturales y la importante contribución sostenible en algunos Estados , como el mío , del juego a la sociedad , a través de la educación , la cultura y el deporte .
Y por otro lado , debemos luchar contra la criminalidad ligada a los juegos de azar y proteger a los consumidores , especialmente a los más vulnerables , para evitar el juego excesivo o patológico . Por ello , creo que en este ámbito debe prevalecer el principio de subsidiariedad activa basado en la cooperación entre las administraciones nacionales .
No obstante , debemos ser ambiciosos y apostar por el desarrollo de normas comunes y la actuación conjunta coordinada contra los operadores de juegos de azar en línea irregulares , que funcionan sin las necesarias licencias nacionales . Asimismo , debemos garantizar la transparencia y hacer posible una competencia no discriminatoria que persiga el interés público y la protección del consumidor .
Por último , debemos impulsar la formación de una red de organizaciones nacionales que se ocupe de los adictos al juego para hacer posible un intercambio de experiencias y prácticas acreditadas .
"
es,en.20081216.39.2-422,offline,,78.0190625,72.55146383099782,0.9299197081610384," Gracias, presidente. Señor comisario, esta era una buena propuesta, tal y como salió de la comisión, no solamente por las reducciones de azufre, sino también por su nuevo artículo 7 bis, que exigía a los proveedores una reducción gradual de las emisiones de gases de efecto invernadero, y porque resolvía el viejo problema de la presión de vapor para las mezclas de las gasolinas con bialcol en países como el mío de veranos cálidos. Precisamente esto no pasó el filtro del voto en la Comisión de Medio Ambiente y esto nos preocupaba a muchos. Hoy tenemos un acuerdo encima de la mesa que suaviza la aplicación del artículo 7 bis y que retoma el waiver de la presión de vapor endureciendo, por supuesto, las condiciones para acceder a la excepción. Y que, como en el resto de este paquete clima, el acuerdo no satisface a todos al 100%, pero, sin embargo, es asumible para todos. Quiero agradecer a la señora Corby por su excelente trabajo, por la receptividad que ha tenido para solucionar problemas, también al señor Turmes y, por supuesto, a la presidencia francesa, que aquí también han hecho un gran alarde de efectividad. Muchas gracias.","Señor Presidente , señor Comisario , ésta era una buena propuesta tal y como salió de la Comisión , no solamente por las reducciones de azufre sino también por su nuevo artículo 7
que exigía de los proveedores una reducción gradual de las emisiones de gases de efecto invernadero , y porque resolvía el viejo problema de la presión de vapor para las mezclas de las gasolinas con bioalcohol en países como el mío , de veranos cálidos .
Precisamente esto no pasó el filtro de la votación en la Comisión de Medio Ambiente y esto nos preocupaba a muchos .
Hoy tenemos un acuerdo encima de la mesa que suaviza la aplicación del artículo 7
y que retoma el
de la presión de vapor endureciendo , por supuesto , las condiciones para acceder a la excepción y que , como el resto de este paquete sobre el clima , no satisface a todos al 100 % pero , sin embargo , es asumible por todos .
Quiero agradecer a la señora Corbey su excelente trabajo y la receptividad que ha tenido para solucionar problemas , y también dar las gracias al señor Turmes y , por supuesto , a la Presidencia francesa , que aquí también han hecho un gran alarde de efectividad .
"
es,en.20081216.39.2-422,streaming,,78.0190625,75.03924934099996,0.9618066013161841," Gracias, presidente. Señor comisario, esta era una buena propuesta, tal y como salió de la comisión, no solamente por las reducciones de azufre, sino también por su nuevo artículo 7 bis, que exigía a los proveedores una reducción gradual de las emisiones de gases de efecto invernadero. Y porque resolvía el viejo problema de la presión de vapor para las mezclas de las gasolinas con bialcol en países como el mío de veranos cálidos. Precisamente esto no pasó el filtro del voto en la Comisión de Medio Ambiente y esto nos preocupaba a muchos. Hoy tenemos un acuerdo encima de la mesa que suaviza la aplicación del artículo 7 bis y que retoma el waiver de la presión de vapor endureciendo, por supuesto, las condiciones para acceder a la excepción. Y que, como en el resto de este paquete clima, el acuerdo no satisface a todos al 100%, pero, sin embargo, es asumible para todos. Quiero agradecer a la señora Corby por su excelente trabajo, por la receptividad que ha tenido para solucionar problemas, también al señor Turmes y, por supuesto, a la presidencia francesa, que aquí también han hecho un gran alarde de efectividad. Muchas gracias.","Señor Presidente , señor Comisario , ésta era una buena propuesta tal y como salió de la Comisión , no solamente por las reducciones de azufre sino también por su nuevo artículo 7
que exigía de los proveedores una reducción gradual de las emisiones de gases de efecto invernadero , y porque resolvía el viejo problema de la presión de vapor para las mezclas de las gasolinas con bioalcohol en países como el mío , de veranos cálidos .
Precisamente esto no pasó el filtro de la votación en la Comisión de Medio Ambiente y esto nos preocupaba a muchos .
Hoy tenemos un acuerdo encima de la mesa que suaviza la aplicación del artículo 7
y que retoma el
de la presión de vapor endureciendo , por supuesto , las condiciones para acceder a la excepción y que , como el resto de este paquete sobre el clima , no satisface a todos al 100 % pero , sin embargo , es asumible por todos .
Quiero agradecer a la señora Corbey su excelente trabajo y la receptividad que ha tenido para solucionar problemas , y también dar las gracias al señor Turmes y , por supuesto , a la Presidencia francesa , que aquí también han hecho un gran alarde de efectividad .
"
es,en.20081020.15.1-139,offline,,61.9973125,57.921768349999184,0.934262567429825," Gracias, señor presidente. Señor comisario, el terrorismo es un fenómeno global y la actuación de la delincuencia grave organizada también. Y, por tanto, los medios tienen que ser proporcionales y tienen que lucharse con eficacia. Yo he tomado buena nota de las respuestas que ha dado a las preguntas que eran oportunas. Es verdad que hay que exigir garantías, es verdad que es un tema delicado, pero no es menos cierto que es absolutamente inexcusable montar, formar una respuesta globalizada y armonizada. Para algunos que el terrorismo les pilla un poco lejos, les preocupan más las garantías individuales. A mí me preocupan las individuales y las colectivas. Y es absolutamente necesario que empecemos por donde podamos. Si hemos de empezar por el transporte aéreo, donde ya las compañías tienen esos datos, empecemos por ahí. Exijamos garantías, veamos cuál es el ámbito de aplicación, empecemos por las relaciones de los transportes internacionales. Y, ojo, tendremos que seguir por las interiores, porque los terroristas muchas veces no vienen de fuera, sino que vienen de dentro. Que se lo pregunten a Estados Unidos y que se lo pregunten a los demás, que así es y así tendremos que plantearlo.","Señor Presidente , señor Comisario , el terrorismo es un fenómeno global y la actuación de la delincuencia grave organizada también , y por tanto los medios tienen que ser proporcionales y hay que luchar con eficacia .
He tomado buena nota de las respuestas que ha dado a las preguntas , y eran oportunas : es verdad que hay que exigir garantías , es verdad que es un tema delicado , pero no es menos cierto que es absolutamente inexcusable montar , formar una respuesta globalizada y armonizada .
A algunos , a los que el terrorismo les queda un poco lejos , les preocupan más las garantías individuales . A mí me preocupan las individuales y las colectivas , y es absolutamente necesario que empecemos por donde podamos . Si hemos de empezar por el transporte aéreo , donde ya las compañías tienen esos datos , empecemos por ahí .
Exijamos garantías , veamos cuál es el ámbito de aplicación , empecemos por las relaciones de los transportes internacionales , y ¡ ojo ! tendremos que seguir por las interiores porque los terroristas muchas veces no vienen de fuera , sino que vienen de dentro . Que se lo pregunten a Estados Unidos , que se lo pregunten a los demás , que así es y así tendremos que plantearlo en el futuro .
"
es,en.20081020.15.1-139,streaming,,61.9973125,59.491357341001276,0.9595796163100018," Gracias, señor presidente. Señor comisario, el terrorismo es un fenómeno global y la actuación de la delincuencia grave organizada también. Y, por tanto, los medios tienen que ser proporcionales y tienen que lucharse con eficacia. Yo he tomado buena nota de las respuestas que ha dado a las preguntas que eran oportunas. Es verdad que hay que exigir garantías, es verdad que es un tema delicado, pero no es menos cierto que es absolutamente inexcusable montar, formar una respuesta globalizada y armonizada. Para algunos que el terrorismo les pilla un poco lejos, les preocupan más las garantías individuales. A mí me preocupan las individuales y las colectivas. Y es absolutamente necesario que empecemos por donde podamos. Si hemos de empezar por el transporte aéreo, donde ya las compañías tienen esos datos, empecemos por ahí. Exijamos garantías, veamos cuál es el ámbito de aplicación, empecemos por las relaciones de los transportes internacionales. Y, ojo, tendremos que seguir por las interiores, porque los terroristas muchas veces no vienen de fuera, sino que vienen de dentro. Que se lo pregunten a Estados Unidos y que se lo pregunten a los demás, que así es y así tendremos que plantearlo.","Señor Presidente , señor Comisario , el terrorismo es un fenómeno global y la actuación de la delincuencia grave organizada también , y por tanto los medios tienen que ser proporcionales y hay que luchar con eficacia .
He tomado buena nota de las respuestas que ha dado a las preguntas , y eran oportunas : es verdad que hay que exigir garantías , es verdad que es un tema delicado , pero no es menos cierto que es absolutamente inexcusable montar , formar una respuesta globalizada y armonizada .
A algunos , a los que el terrorismo les queda un poco lejos , les preocupan más las garantías individuales . A mí me preocupan las individuales y las colectivas , y es absolutamente necesario que empecemos por donde podamos . Si hemos de empezar por el transporte aéreo , donde ya las compañías tienen esos datos , empecemos por ahí .
Exijamos garantías , veamos cuál es el ámbito de aplicación , empecemos por las relaciones de los transportes internacionales , y ¡ ojo ! tendremos que seguir por las interiores porque los terroristas muchas veces no vienen de fuera , sino que vienen de dentro . Que se lo pregunten a Estados Unidos , que se lo pregunten a los demás , que así es y así tendremos que plantearlo en el futuro .
"
es,en.20120913.8.4-082-000,offline,,78.9943125,74.95991827000034,0.9489280417498455," El trabajo del ponente, señor presidente, es muy bueno, pero yo quiero aprovechar esta ocasión para decir aquí, en este marco, que nuestra prosa es muy confusa, según puede advertir cualquiera que se acerque a la legislación europea. Olvidamos lo que ya enseñaba Pufendorf, que las leyes generales deben ser pocas y su sentido ha de comprenderse correctamente. Por ello, quienes la promulgan deben emplear toda la claridad que sea posible. Y Montesquieu insistió siempre en que el lenguaje legal ha de ser preciso y conciso. Es decir, debemos evitar la palabrería esotérica, llena de neologismos y de injustificados préstamos lingüísticos, porque genera una red maligna donde anidan las trampas y se asienta la arbitrariedad. Nosotros tratamos asuntos muy complejos en este Parlamento, pero es nuestra obligación hacerlos llegar a la ciudadanía de una forma comprensible y accesible. Es frecuente que incluso los mismos profesionales del derecho, los jueces, los abogados, se desesperen ante nuestros textos. La buena prosa, queridos colegas, es la cortesía del legislador y una forma de demostrar su respeto al ciudadano. Muchas gracias.","Señor Presidente , el trabajo del ponente es muy bueno , pero yo quiero aprovechar esta ocasión para decir aquí , en este marco , que nuestra prosa es muy confusa , según puede advertir cualquiera que se acerque a la legislación europea . Olvidamos lo que ya enseñaba von Pufendorf , que las leyes generales deben ser pocas y su sentido ha de comprenderse correctamente . Por ello , quienes las promulgan deben emplear toda la claridad que sea posible . Y Montesquieu insistió siempre en que el lenguaje legal ha de ser preciso y conciso .
Es decir , debemos evitar la palabrería esotérica , llena de neologismos y de injustificados préstamos lingüísticos , porque genera una red maligna donde anidan las trampas y se asienta la arbitrariedad . Nosotros tratamos asuntos muy complejos en este Parlamento , pero es nuestra obligación hacerlos llegar a la ciudadanía de una forma comprensible y accesible . Es frecuente que incluso los mismos profesionales del Derecho — los jueces , los abogados — se desesperen ante nuestros textos .
La buena prosa , queridos colegas , es la cortesía del legislador y una forma de demostrar su respeto al ciudadano .
"
es,en.20120913.8.4-082-000,streaming,,78.9943125,76.1679485120003,0.9642206647725466," El trabajo del ponente, señor presidente, es muy bueno, pero yo quiero aprovechar esta ocasión para decir aquí, en este marco, que nuestra prosa es muy confusa, según puede advertir cualquiera que se acerque a la legislación europea. Olvidamos lo que ya enseñaba Pufendorf, que las leyes generales deben ser pocas y su sentido ha de comprenderse correctamente. Por ello, quienes la promulgan deben emplear toda la claridad que sea posible. Y Montesquieu insistió siempre en que el lenguaje legal ha de ser preciso y conciso. Es decir, debemos evitar la palabrería esotérica, llena de neologismos y de injustificados préstamos lingüísticos, porque genera una red maligna donde anidan las trampas y se asienta la arbitrariedad. Nosotros tratamos asuntos muy complejos en este Parlamento, pero es nuestra obligación hacerlos llegar a la ciudadanía de una forma comprensible y accesible. Es frecuente que incluso los mismos profesionales del derecho, los jueces, los abogados, se desesperen ante nuestros textos. La buena prosa, queridos colegas, es la cortesía del legislador y una forma de demostrar su respeto al ciudadano. Muchas gracias.","Señor Presidente , el trabajo del ponente es muy bueno , pero yo quiero aprovechar esta ocasión para decir aquí , en este marco , que nuestra prosa es muy confusa , según puede advertir cualquiera que se acerque a la legislación europea . Olvidamos lo que ya enseñaba von Pufendorf , que las leyes generales deben ser pocas y su sentido ha de comprenderse correctamente . Por ello , quienes las promulgan deben emplear toda la claridad que sea posible . Y Montesquieu insistió siempre en que el lenguaje legal ha de ser preciso y conciso .
Es decir , debemos evitar la palabrería esotérica , llena de neologismos y de injustificados préstamos lingüísticos , porque genera una red maligna donde anidan las trampas y se asienta la arbitrariedad . Nosotros tratamos asuntos muy complejos en este Parlamento , pero es nuestra obligación hacerlos llegar a la ciudadanía de una forma comprensible y accesible . Es frecuente que incluso los mismos profesionales del Derecho — los jueces , los abogados — se desesperen ante nuestros textos .
La buena prosa , queridos colegas , es la cortesía del legislador y una forma de demostrar su respeto al ciudadano .
"
es,en.20090218.22.3-198,offline,,80.99125,75.0220220930023,0.9262978666584639," Gracias, Presidente. El referéndum de Venezuela se ha saldado con un triunfo del sí, reconocido elegantemente por la oposición democrática. No es menos cierto que no ha existido igualdad de oportunidades en la campaña y que el oficialismo ha contado con el abrumador apoyo de todo el aparato del Estado, mientras que la oposición ha sufrido constantes hostigamientos y coacciones. Aún en esas condiciones, el país ha quedado prácticamente dividido en dos mitades y será muy difícil construir el futuro solo con una de ellas. La Unión Europea debe promover el diálogo, la inclusión y el consenso entre los actores políticos y sociales venezolanos para el bien del país. No es con actitudes viscerales, descalificaciones o insultos como ayudaremos a Venezuela a encontrar su camino democrático, pluralista y libre. En ese sentido, criticamos la decisión del Gobierno venezolano de expulsar a un eurodiputado español y mucho más las maneras en que tal expulsión se realizó. Pero hacemos un llamamiento a esta Cámara a evitar que nuestros representantes hagan declaraciones en su visita a países terceros que violen la legislación local vigente y aún menos que insulten a un jefe del Estado, por mucho que sea este criticable. Con estas actitudes estamos comprometiendo futuras misiones del Parlamento Europeo a otros países. Gracias.","Señor Presidente , el referéndum de Venezuela se ha saldado con un triunfo del « sí » reconocido elegantemente por la oposición democrática .
No es menos cierto que no ha existido igualdad de oportunidades en la campaña y que el oficialismo ha contado con el abrumador apoyo de todo el aparato del Estado , mientras que la oposición ha sufrido constantes hostigamientos y coacciones .
Aun en esas condiciones el país ha quedado prácticamente dividido en dos mitades y será muy difícil construir el futuro sólo con una de ellas . La Unión Europea debe promover el diálogo , la inclusión y el consenso entre los actores políticos y sociales venezolanos para el bien del país .
No es con actitudes viscerales , descalificaciones o insultos como ayudaremos a Venezuela a encontrar su camino democrático , pluralista y libre .
En este sentido criticamos la decisión del Gobierno venezolano de expulsar a un eurodiputado español y mucho más la manera en que tal expulsión se realizó , pero hacemos un llamamiento a esta Cámara instándola a evitar que nuestros representantes , en sus visitas a países terceros , hagan declaraciones que violen la legislación local vigente y , aún menos , que insulten a un jefe de Estado , por mucho que sea éste criticable . Con estas actitudes estamos comprometiendo futuras misiones del Parlamento Europeo en otros países .
"
es,en.20090218.22.3-198,streaming,,80.99125,77.35939837200203,0.9551574814810494," Gracias, Presidente. El referéndum de Venezuela se ha saldado con un triunfo del sí, reconocido elegantemente por la oposición democrática. No es menos cierto que no ha existido igualdad de oportunidades en la campaña y que el oficialismo ha contado con el abrumador apoyo de todo el aparato del Estado, mientras que la oposición ha sufrido constantes hostigamientos y coacciones. Aún en esas condiciones, el país ha quedado prácticamente dividido en dos mitades y será muy difícil construir el futuro solo con una de ellas. La Unión Europea debe promover el diálogo, la inclusión y el consenso entre los actores políticos y sociales venezolanos para el bien del país. No es con actitudes viscerales, descalificaciones o insultos como ayudaremos a Venezuela a encontrar su camino democrático, pluralista y libre. En ese sentido, criticamos la decisión del Gobierno venezolano de expulsar a un eurodiputado español y mucho más las maneras en que tal expulsión se realizó. Pero hacemos un llamamiento a esta Cámara a evitar que nuestros representantes hagan declaraciones en su visita a países terceros que violen la legislación local vigente y aún menos que insulten a un jefe del Estado, por mucho que sea este criticable. Con estas actitudes estamos comprometiendo futuras misiones del Parlamento Europeo a otros países. Gracias.","Señor Presidente , el referéndum de Venezuela se ha saldado con un triunfo del « sí » reconocido elegantemente por la oposición democrática .
No es menos cierto que no ha existido igualdad de oportunidades en la campaña y que el oficialismo ha contado con el abrumador apoyo de todo el aparato del Estado , mientras que la oposición ha sufrido constantes hostigamientos y coacciones .
Aun en esas condiciones el país ha quedado prácticamente dividido en dos mitades y será muy difícil construir el futuro sólo con una de ellas . La Unión Europea debe promover el diálogo , la inclusión y el consenso entre los actores políticos y sociales venezolanos para el bien del país .
No es con actitudes viscerales , descalificaciones o insultos como ayudaremos a Venezuela a encontrar su camino democrático , pluralista y libre .
En este sentido criticamos la decisión del Gobierno venezolano de expulsar a un eurodiputado español y mucho más la manera en que tal expulsión se realizó , pero hacemos un llamamiento a esta Cámara instándola a evitar que nuestros representantes , en sus visitas a países terceros , hagan declaraciones que violen la legislación local vigente y , aún menos , que insulten a un jefe de Estado , por mucho que sea éste criticable . Con estas actitudes estamos comprometiendo futuras misiones del Parlamento Europeo en otros países .
"
es,en.20090423.68.4-456,offline,,61.9973125,56.140084972001205,0.9055244930496174," Sí, señor presidente. La información que usted me da es correcta. Pero la impresión que tenemos los parlamentarios europeos y en definitiva los ciudadanos europeos es que tenemos una laguna muy peligrosa en el derecho comunitario. En este momento, a medida que se van reforzando las exigencias fiscales en cada uno de los Estados miembros, La movilidad es casi imposible. Y cuando preguntamos a la Comisión, la razón del enfoque pragmático es que la Comisión no encuentra nunca apoyo en el Consejo. Estamos en una especie de círculo vicioso en virtud del cual la Comisión nos remite al Consejo y el Consejo nos remite a la Comisión. Pero entre tanto, la realidad es que los ciudadanos que viven en esta Europa que queremos construir no tienen la posibilidad de vivir en diferentes países o establecer relaciones a consecuencia de la pesada carga fiscal que puede suponer la falta de armonización fiscal. ¿Puede el Consejo hacer algo para que salgamos de este círculo vicioso? Muchas gracias.","Señor Presidente , la información que usted me da es correcta , pero la impresión que tenemos los parlamentarios europeos y , en definitiva , los ciudadanos europeos , es que tenemos una laguna muy peligrosa en el Derecho comunitario .
En este momento , a medida que se van reforzando las exigencias fiscales en cada uno de los Estados miembros , la movilidad es casi imposible .
Y cuando preguntamos a la Comisión la razón del enfoque pragmático , resulta que la Comisión no encuentra nunca apoyo en el Consejo . Estamos en una especie de círculo vicioso en virtud del cual la Comisión nos remite al Consejo y el Consejo nos remite a la Comisión pero , entre tanto , la realidad es que los ciudadanos que viven en esta Europa que queremos construir no tienen la posibilidad de vivir en diferentes países , de establecer relaciones , a consecuencia de la pesada carga fiscal que puede suponer la falta de armonización fiscal .
¿ Puede el Consejo hacer algo para que salgamos de este círculo vicioso ?
"
es,en.20090423.68.4-456,streaming,,61.9973125,59.324269006003306,0.956884526341417," Sí, señor presidente. La información que usted me da es correcta. Pero la impresión que tenemos los parlamentarios europeos y en definitiva los ciudadanos europeos es que tenemos una laguna muy peligrosa en el derecho comunitario. En este momento, a medida que se van reforzando las exigencias fiscales en cada uno de los Estados miembros, La movilidad es casi imposible. Y cuando preguntamos a la Comisión, la razón del enfoque pragmático es que la Comisión no encuentra nunca apoyo en el Consejo. Estamos en una especie de círculo vicioso en virtud del cual la Comisión nos remite al Consejo y el Consejo nos remite a la Comisión. Pero entre tanto, la realidad es que los ciudadanos que viven en esta Europa que queremos construir no tienen la posibilidad de vivir en diferentes países o establecer relaciones a consecuencia de la pesada carga fiscal que puede suponer la falta de armonización fiscal. ¿Puede el Consejo hacer algo para que salgamos de este círculo vicioso? Muchas gracias.","Señor Presidente , la información que usted me da es correcta , pero la impresión que tenemos los parlamentarios europeos y , en definitiva , los ciudadanos europeos , es que tenemos una laguna muy peligrosa en el Derecho comunitario .
En este momento , a medida que se van reforzando las exigencias fiscales en cada uno de los Estados miembros , la movilidad es casi imposible .
Y cuando preguntamos a la Comisión la razón del enfoque pragmático , resulta que la Comisión no encuentra nunca apoyo en el Consejo . Estamos en una especie de círculo vicioso en virtud del cual la Comisión nos remite al Consejo y el Consejo nos remite a la Comisión pero , entre tanto , la realidad es que los ciudadanos que viven en esta Europa que queremos construir no tienen la posibilidad de vivir en diferentes países , de establecer relaciones , a consecuencia de la pesada carga fiscal que puede suponer la falta de armonización fiscal .
¿ Puede el Consejo hacer algo para que salgamos de este círculo vicioso ?
"
es,en.20090504.23.1-214,offline,,64.9694375,60.52268613100023,0.9315562587562841," Sí, gracias, señor presidente. Con toda brevedad, que me agradecerá a sus señorías a estas horas. Señor vicepresidente de la Comisión, muchas gracias una vez más, porque ha demostrado, como lo hizo en el tercer paquete marítimo, que su impulso, su categoría política, ha sido capaz de impulsar un acuerdo cerca del Consejo y hacer posible que Parlamento, Consejo y Comisión nos pusiéramos de acuerdo en esta instancia y en estos postreros días donde acaba la legislatura. Creo que tenemos que felicitarnos. Yo agradezco sin duda la colaboración estrecha que han tenido los ponentes de opinión, tanto en la comisión de Yuri como en la de Medio Ambiente. Agradezco y lo reitero el trabajo y la colaboración de los ponentes en la sombra. Y, en definitiva, creo que el que mañana adotemos un acuerdo de primera lectura sobre una norma tan importante, que sin duda viene a completar el trabajo del tercer paquete marítimo, significa un éxito para este Parlamento y para la Unión Europea en las tres instituciones y justifica, una vez más, el procedimiento de co-decisión, que es útil y que permite un diálogo constructivo en favor de toda la ciudadanía de la Unión Europea. Muchas gracias.","Señor Presidente , con toda brevedad — que me agradecerán sus Señorías a estas horas — : señor Vicepresidente de la Comisión , muchas gracias una vez más porque ha demostrado , como lo hizo en el tercer paquete marítimo , que su impulso y su categoría política han sido capaces de impulsar un acuerdo cerca del Consejo y hacer posible que Parlamento , Consejo y Comisión nos pusiéramos de acuerdo en esta instancia y en estos postreros días en que acaba la legislatura .
Creo que tenemos que felicitarnos . Agradezco , sin duda , la colaboración estrecha que han tenido los ponentes de opinión , tanto de la Comisión de Asuntos Jurídicos como de la de Medio Ambiente .
Agradezco , y lo reitero , el trabajo y la colaboración de los ponentes en la sombra y , en definitiva , creo que el que mañana adoptemos un acuerdo en primera lectura sobre una norma tan importante , que sin duda viene a completar el trabajo del tercer paquete marítimo , significa un éxito para este Parlamento y para la Unión Europea en las tres instituciones y justifica una vez más el procedimiento de codecisión , que es útil y que permite un diálogo constructivo en favor de toda la ciudadanía de la Unión Europea .
"
es,en.20090504.23.1-214,streaming,,64.9694375,61.180733140001394,0.9416848212669441," Sí, gracias, señor presidente. Con toda brevedad, que me agradecerá a sus señorías a estas horas. Señor vicepresidente de la Comisión, muchas gracias una vez más, porque ha demostrado, como lo hizo en el tercer paquete marítimo, que su impulso, su categoría política, ha sido capaz de impulsar un acuerdo cerca del Consejo y hacer posible que Parlamento, Consejo y Comisión nos pusiéramos de acuerdo en esta instancia y en estos postreros días donde acaba la legislatura. Creo que tenemos que felicitarnos. Yo agradezco sin duda la colaboración estrecha que han tenido los ponentes de opinión, tanto en la comisión de Yuri como en la de Medio Ambiente. Agradezco y lo reitero el trabajo y la colaboración de los ponentes en la sombra. Y, en definitiva, creo que el que mañana adotemos un acuerdo de primera lectura sobre una norma tan importante, que sin duda viene a completar el trabajo del tercer paquete marítimo, significa un éxito para este Parlamento y para la Unión Europea en las tres instituciones y justifica, una vez más, el procedimiento de co-decisión, que es útil y que permite un diálogo constructivo en favor de toda la ciudadanía de la Unión Europea. Muchas gracias.","Señor Presidente , con toda brevedad — que me agradecerán sus Señorías a estas horas — : señor Vicepresidente de la Comisión , muchas gracias una vez más porque ha demostrado , como lo hizo en el tercer paquete marítimo , que su impulso y su categoría política han sido capaces de impulsar un acuerdo cerca del Consejo y hacer posible que Parlamento , Consejo y Comisión nos pusiéramos de acuerdo en esta instancia y en estos postreros días en que acaba la legislatura .
Creo que tenemos que felicitarnos . Agradezco , sin duda , la colaboración estrecha que han tenido los ponentes de opinión , tanto de la Comisión de Asuntos Jurídicos como de la de Medio Ambiente .
Agradezco , y lo reitero , el trabajo y la colaboración de los ponentes en la sombra y , en definitiva , creo que el que mañana adoptemos un acuerdo en primera lectura sobre una norma tan importante , que sin duda viene a completar el trabajo del tercer paquete marítimo , significa un éxito para este Parlamento y para la Unión Europea en las tres instituciones y justifica una vez más el procedimiento de codecisión , que es útil y que permite un diálogo constructivo en favor de toda la ciudadanía de la Unión Europea .
"
es,en.20110510.67.2-690-000,offline,,69.985,70.75491469299959,1.0110011387154332," Muchas gracias, presidente. Quisiera comenzar mi intervención felicitando a todos los que han hecho posible alcanzar un acuerdo. Es un acuerdo del que todos nos debemos congratular porque afecta a la vida diaria de todos los ciudadanos. Pero con el ánimo constructivo que me caracteriza, quisiera hacer algunas puntualizaciones. En primer lugar, quisiera llamar la atención sobre la importancia de proporcionar una información precisa, pertinente, pero ante todo comprensible y uniforme para los consumidores sobre los componentes de los productos textiles. De nada servirá una información exhaustiva si luego los ciudadanos no son capaces de descifrarla. Hemos conseguido un paso positivo necesario, pero no suficiente. Deberíamos avanzar más y proteger a los ciudadanos que pudieran llegar a ser más vulnerables. Señorías, es imprescindible establecer un sistema europeo de etiquetado de tallas en base a las dimensiones corporales, porque lo primero que nos encontramos cuando vamos a adquirir una prenda es la talla. Por eso deberíamos ser mucho más ambiciosos y buscar la armonización de tallas. Gracias.","Señor Presidente , quisiera comenzar mi intervención felicitando a todos los que han hecho posible alcanzar un acuerdo .
Es un acuerdo del que todos nos debemos congratular porque afecta a la vida diaria de todos los ciudadanos , pero , con el ánimo constructivo que me caracteriza , quisiera hacer algunas puntualizaciones .
En primer lugar , quisiera llamar la atención sobre la importancia de proporcionar una información precisa , pertinente pero , ante todo , comprensible y uniforme para los consumidores sobre los componentes de los productos textiles : de nada servirá una información exhaustiva si luego los ciudadanos no son capaces de descifrarla . Hemos conseguido un paso positivo , necesario pero no suficiente ; deberíamos avanzar más y proteger a los ciudadanos que puedan ser más vulnerables .
Señorías , es imprescindible establecer un sistema europeo de etiquetado de tallas basado en las dimensiones corporales , porque lo primero que nos encontramos cuando vamos a adquirir una prenda es la talla . Por eso , deberíamos ser mucho más ambiciosos y buscar la armonización de tallas .
"
es,en.20110510.67.2-690-000,streaming,,69.985,66.91229137699702,0.9560947542615849," Muchas gracias, presidente. Quisiera comenzar mi intervención felicitando a todos los que han hecho posible alcanzar un acuerdo. Es un acuerdo del que todos nos debemos congratular porque afecta a la vida diaria de todos los ciudadanos. Pero con el ánimo constructivo que me caracteriza, quisiera hacer algunas puntualizaciones. En primer lugar, quisiera llamar la atención sobre la importancia de proporcionar una información precisa, pertinente, pero ante todo comprensible y uniforme para los consumidores sobre los componentes de los productos textiles. De nada servirá una información exhaustiva si luego los ciudadanos no son capaces de descifrarla. Hemos conseguido un paso positivo necesario, pero no suficiente. Deberíamos avanzar más y proteger a los ciudadanos que pudieran llegar a ser más vulnerables. Señorías, es imprescindible establecer un sistema europeo de etiquetado de tallas en base a las dimensiones corporales, porque lo primero que nos encontramos cuando vamos a adquirir una prenda es la talla. Por eso deberíamos ser mucho más ambiciosos y buscar la armonización de tallas. Gracias.","Señor Presidente , quisiera comenzar mi intervención felicitando a todos los que han hecho posible alcanzar un acuerdo .
Es un acuerdo del que todos nos debemos congratular porque afecta a la vida diaria de todos los ciudadanos , pero , con el ánimo constructivo que me caracteriza , quisiera hacer algunas puntualizaciones .
En primer lugar , quisiera llamar la atención sobre la importancia de proporcionar una información precisa , pertinente pero , ante todo , comprensible y uniforme para los consumidores sobre los componentes de los productos textiles : de nada servirá una información exhaustiva si luego los ciudadanos no son capaces de descifrarla . Hemos conseguido un paso positivo , necesario pero no suficiente ; deberíamos avanzar más y proteger a los ciudadanos que puedan ser más vulnerables .
Señorías , es imprescindible establecer un sistema europeo de etiquetado de tallas basado en las dimensiones corporales , porque lo primero que nos encontramos cuando vamos a adquirir una prenda es la talla . Por eso , deberíamos ser mucho más ambiciosos y buscar la armonización de tallas .
"
es,en.20100310.23.3-387,offline,,75.0005,72.16971122099858,0.9622564012373062," La historia me absolverá. Fue el famoso alegato de un joven abogado que hizo vibrar a su pueblo. La historia le absuelve en efecto de su rebeldía contra la tiranía y luego contra el bloqueo norteamericano. Pero con el mismo enfático enjuiciamiento, este Parlamento que representa al mayor espacio de libertad y democracia del mundo, condena a la dictadura que padece el pueblo de Cuba, la violación de los derechos humanos en la isla, la impiedad con los presos políticos, el desprecio hacia sus nacionales exiliados. El juicio de la historia está claro. Con esta resolución, diputados de todas las ideologías, nos ponemos al lado de los cubanos que luchan. Hay que evitar por todos los medios posibles la represión brutal que sufren, incluso superando la paralizante llamada posición común. Homenajeo al poeta Raúl Rivero, en el último verso de su Habana. No le impongan impuestos al cariño al vacío, la asfixia, la amargura. La ruina de la patria están seguras. Tranquilos, compañeros, ya nos vamos.","¡ La historia me absolverá ! fue el famoso alegato de un joven abogado que hizo vibrar a su pueblo . La historia le absuelve , en efecto , de su rebeldía contra la tiranía y luego contra el bloqueo estadounidense .
Pero con el mismo enfático enjuiciamiento , este Parlamento , que representa el mayor espacio de libertad y democracia del mundo , condena la dictadura que padece el pueblo de Cuba , la violación de los derechos humanos en la isla , la impiedad con los presos políticos , el desprecio hacia sus nacionales exiliados . El juicio de la historia está claro .
Con esta Resolución , diputados de todas las ideologías nos ponemos al lado de los cubanos que luchan . Hay que evitar por todos los medios posibles la represión brutal que sufren , incluso superando la paralizante llamada Posición Común .
Homenajeo al poeta Raúl Rivero en los últimos versos escritos en su Habana : « No le impongan impuestos al cariño , al vacío , la asfixia , la amargura . Las ruinas de la patria están seguras . Tranquilos compañeros . Ya nos vamos » .
"
es,en.20100310.23.3-387,streaming,,75.0005,69.86532296299993,0.931531429297137," La historia me absolverá. Fue el famoso alegato de un joven abogado que hizo vibrar a su pueblo. La historia le absuelve en efecto de su rebeldía contra la tiranía y luego contra el bloqueo norteamericano. Pero con el mismo enfático enjuiciamiento, este Parlamento que representa al mayor espacio de libertad y democracia del mundo, condena a la dictadura que padece el pueblo de Cuba, la violación de los derechos humanos en la isla, la impiedad con los presos políticos, el desprecio hacia sus nacionales exiliados. El juicio de la historia está claro. Con esta resolución, diputados de todas las ideologías, nos ponemos al lado de los cubanos que luchan. Hay que evitar por todos los medios posibles la represión brutal que sufren, incluso superando la paralizante llamada posición común. Homenajeo al poeta Raúl Rivero, en el último verso de su Habana. No le impongan impuestos al cariño al vacío, la asfixia, la amargura. La ruina de la patria están seguras. Tranquilos, compañeros, ya nos vamos.","¡ La historia me absolverá ! fue el famoso alegato de un joven abogado que hizo vibrar a su pueblo . La historia le absuelve , en efecto , de su rebeldía contra la tiranía y luego contra el bloqueo estadounidense .
Pero con el mismo enfático enjuiciamiento , este Parlamento , que representa el mayor espacio de libertad y democracia del mundo , condena la dictadura que padece el pueblo de Cuba , la violación de los derechos humanos en la isla , la impiedad con los presos políticos , el desprecio hacia sus nacionales exiliados . El juicio de la historia está claro .
Con esta Resolución , diputados de todas las ideologías nos ponemos al lado de los cubanos que luchan . Hay que evitar por todos los medios posibles la represión brutal que sufren , incluso superando la paralizante llamada Posición Común .
Homenajeo al poeta Raúl Rivero en los últimos versos escritos en su Habana : « No le impongan impuestos al cariño , al vacío , la asfixia , la amargura . Las ruinas de la patria están seguras . Tranquilos compañeros . Ya nos vamos » .
"
en,en.20081022.17.3-162,offline,,66.989625,65.37294327400014,0.9758666849381548," Thank you, Mr Chairman. I share with my friend and colleague, Mr Gill, delight that we are closing loopholes in this directive. Timeshare is a big industry, but it also can be a big scam. For example, I've been dealing with a company called the European Timeshare Owners Association, which operates in Spain, but conveniently from an address in Gibraltar. And I've had constituents tell me that they were approached by this company who offered to resell their timeshare when they went to Spain at great expense. They found there was nobody to buy their timeshare but this company wanting to sell them other timeshare. I've been trying to get in touch with this company for several weeks and only finally this week managed to do so because miraculously their phone numbers they give don't have people at the other end to answer and they don't seem to respond to letters either and I would hope we would start now to crack down an organisations like the European Timeshare Owners Organisation because they give timeshare a bad name and frankly they damage the image of the Spanish holiday industry which I know you care so much about.","Mr President , I share in the delight of my friend and colleague , Ms Gill , that we are closing loopholes in this directive .
Timeshare is a big industry , but it also can be a big scam . For example , I have been dealing with a company called the European Timeshare Owners Organisation , which operates in Spain – but conveniently from an address in Gibraltar – and constituents have told me that they were approached by this company which offered to resell their timeshare . When they went to Spain at great expense , they found there was nobody to buy their timeshare , but this company wanting to sell them other timeshares .
I have been trying to get in touch with this company for several weeks and only finally this week managed to do so , because , miraculously , the phone numbers they give do not have people at the other end to answer – and they do not seem to respond to letters either .
I hope that we will start now to crack down on organisations like the European Timeshare Owners Organisation , because they give timeshare a bad name and , frankly , they damage the image of the Spanish holiday industry , which I know you care so much about .
"
en,en.20081022.17.3-162,streaming,,66.989625,66.53848730000027,0.993265558659274," Thank you, Mr Chairman. I share with my friend and colleague, Mr Gill, delight that we are closing loopholes in this directive. Timeshare is a big industry, but it also can be a big scam. For example, I've been dealing with a company called the European Timeshare Owners Association, which operates in Spain, but conveniently from an address in Gibraltar. And I've had constituents tell me that they were approached by this company who offered to resell their timeshare when they went to Spain at great expense. They found there was nobody to buy their timeshare but this company wanting to sell them other timeshare. I've been trying to get in touch with this company for several weeks and only finally this week managed to do so because miraculously their phone numbers they give don't have people at the other end to answer and they don't seem to respond to letters either and I would hope we would start now to crack down an organisations like the European Timeshare Owners Organisation because they give timeshare a bad name and frankly they damage the image of the Spanish holiday industry which I know you care so much about.","Mr President , I share in the delight of my friend and colleague , Ms Gill , that we are closing loopholes in this directive .
Timeshare is a big industry , but it also can be a big scam . For example , I have been dealing with a company called the European Timeshare Owners Organisation , which operates in Spain – but conveniently from an address in Gibraltar – and constituents have told me that they were approached by this company which offered to resell their timeshare . When they went to Spain at great expense , they found there was nobody to buy their timeshare , but this company wanting to sell them other timeshares .
I have been trying to get in touch with this company for several weeks and only finally this week managed to do so , because , miraculously , the phone numbers they give do not have people at the other end to answer – and they do not seem to respond to letters either .
I hope that we will start now to crack down on organisations like the European Timeshare Owners Organisation , because they give timeshare a bad name and , frankly , they damage the image of the Spanish holiday industry , which I know you care so much about .
"
en,en.20100615.8.2-145,offline,,29.025,29.82307083699925,1.0274959806029027," President, I hate to have to prolong this further, but So what I would like to ask is if indeed this is the correct way to do it, to do it the last time. Thank you.","Mr President , I hate to have to prolong this further . What you said in your instructions was that people could either vote in favour or abstain . The final results show , however , ‘ in favour ’ , ‘ abstentions ’ and ‘ against ’ . I understand that there may be many people who would have voted differently if they had known they had the choice of the three . What I would like to ask is , if indeed this is the correct way to do it , to do it one last time .
"
en,en.20100615.8.2-145,streaming,,29.025,27.837589074999414,0.9590900628768102," President, I hate to have to prolong this further, but So what I would like to ask is if indeed this is the correct way to do it, to do it the last time. Thank you.","Mr President , I hate to have to prolong this further . What you said in your instructions was that people could either vote in favour or abstain . The final results show , however , ‘ in favour ’ , ‘ abstentions ’ and ‘ against ’ . I understand that there may be many people who would have voted differently if they had known they had the choice of the three . What I would like to ask is , if indeed this is the correct way to do it , to do it one last time .
"
en,en.20090914.23.1-076,offline,,50.9910625,48.5528411790001,0.9521833591720137," President, I want to raise the case of Mr. John Zafiropoulos, who is in prison in Greece. His family, who are my constituents, are convinced of his innocence. At the beginning of this year, I wrote to the Minister of Justice in Athens, raising the case. I didn't get a reply. So in a one-minute speech here in May in this hemicycle, I raised the question. Immediately after I'd spoken, the Greek permanent representation rushed to my office and promised me an immediate reply from the minister in person. Four months later, nothing. So if the Greek permanent representation is listening to us now in the hemicycle, I would like to express my surprise and dismay that nothing has happened. Would they please get me a reply from the minister and look at the case of Mr. John Zafiropoulos again?","Mr President , I want to raise the case of Mr John Zafiropoulos , who is in prison in Greece . His family , who are my constituents , are convinced of his innocence . At the beginning of this year , I wrote to the Minister of Justice in Athens raising the case . I did not get a reply , so in a one-minute speech here in May in this Hemicycle I raised the question . Immediately after I had spoken , the Greek Permanent Representation rushed to my office and promised me an immediate reply from the Minister in person . Four months later : nothing .
If the Greek Permanent Representation is listening to us now in the Hemicycle , I would like to express my surprise and dismay that nothing has happened . Would they please get me a reply from the Minister and look at the case of Mr John Zafiropoulos again ?
"
en,en.20090914.23.1-076,streaming,,50.9910625,48.492752084999665,0.9510049351295566," President, I want to raise the case of Mr. John Zafiropoulos, who is in prison in Greece. His family, who are my constituents, are convinced of his innocence. At the beginning of this year, I wrote to the Minister of Justice in Athens, raising the case. I didn't get a reply. So in a one-minute speech here in May in this hemicycle, I raised the question. Immediately after I'd spoken, the Greek permanent representation rushed to my office and promised me an immediate reply from the minister in person. Four months later, nothing. So if the Greek permanent representation is listening to us now in the hemicycle, I would like to express my surprise and dismay that nothing has happened. Would they please get me a reply from the minister and look at the case of Mr. John Zafiropoulos again?","Mr President , I want to raise the case of Mr John Zafiropoulos , who is in prison in Greece . His family , who are my constituents , are convinced of his innocence . At the beginning of this year , I wrote to the Minister of Justice in Athens raising the case . I did not get a reply , so in a one-minute speech here in May in this Hemicycle I raised the question . Immediately after I had spoken , the Greek Permanent Representation rushed to my office and promised me an immediate reply from the Minister in person . Four months later : nothing .
If the Greek Permanent Representation is listening to us now in the Hemicycle , I would like to express my surprise and dismay that nothing has happened . Would they please get me a reply from the Minister and look at the case of Mr John Zafiropoulos again ?
"
en,en.20090112.13.1-045,offline,,70.0314375,64.63595857199834,0.9229563304622778," Republic. President, the gas crisis has left hundreds of thousands of households across 17 European countries without heating during freezing temperature. Eastern and Central Europe has been affected the most by the dispute which has shut down factories and schools. Even if Kiev and Moscow sign the EU-brokered deal after hours of talks with EU official Gazprom says that the deal to restart gas supplies to Europe via Ukraine will be delayed as it has not received a copy of the agreement. The team of technical experts sent by the European Commission will check flows into Ukraine pipelines from Russia and even if the gas starts to flow in Ukraine it may take about 36 hours for it to reach EU states. As a result, Europe needs a single policy on energy security in order to avoid future conflict and it needs to diversify its energy sources of supplies. I welcome the intervention of the Parliament in the dispute and hope that an agreement will be reached as soon as possible in order to avoid a deepening conflict. Thank you.","Mr President , the gas crisis has left hundreds of thousands of households across 17 European countries without heating during freezing temperatures . Eastern and central Europe have been affected the most by the dispute , which has shut down factories and schools .
Even if Kiev and Moscow sign the EU-brokered deal after hours of talks with EU officials , Gazprom says that the deal to restart gas supplies to Europe via Ukraine will be delayed as it has not received a copy of the agreement .
The team of technical experts sent by the European Commission will check flows into Ukrainian pipelines from Russia and , even if the gas starts to flow in Ukraine , it may take about 36 hours to reach EU Member States . As a result , Europe needs a single policy on energy security in order to avoid future conflicts and it needs to diversity its sources of energy supplies .
I welcome the intervention of Parliament in the dispute and hope that an agreement will be reached as soon as possible in order to avoid a deepening conflict .
"
en,en.20090112.13.1-045,streaming,,70.0314375,66.98587866700109,0.9565115476460282," Republic. President, the gas crisis has left hundreds of thousands of households across 17 European countries without heating during freezing temperature. Eastern and Central Europe has been affected the most by the dispute which has shut down factories and schools. Even if Kiev and Moscow sign the EU-brokered deal after hours of talks with EU official Gazprom says that the deal to restart gas supplies to Europe via Ukraine will be delayed as it has not received a copy of the agreement. The team of technical experts sent by the European Commission will check flows into Ukraine pipelines from Russia and even if the gas starts to flow in Ukraine it may take about 36 hours for it to reach EU states. As a result, Europe needs a single policy on energy security in order to avoid future conflict and it needs to diversify its energy sources of supplies. I welcome the intervention of the Parliament in the dispute and hope that an agreement will be reached as soon as possible in order to avoid a deepening conflict. Thank you.","Mr President , the gas crisis has left hundreds of thousands of households across 17 European countries without heating during freezing temperatures . Eastern and central Europe have been affected the most by the dispute , which has shut down factories and schools .
Even if Kiev and Moscow sign the EU-brokered deal after hours of talks with EU officials , Gazprom says that the deal to restart gas supplies to Europe via Ukraine will be delayed as it has not received a copy of the agreement .
The team of technical experts sent by the European Commission will check flows into Ukrainian pipelines from Russia and , even if the gas starts to flow in Ukraine , it may take about 36 hours to reach EU Member States . As a result , Europe needs a single policy on energy security in order to avoid future conflicts and it needs to diversity its sources of energy supplies .
I welcome the intervention of Parliament in the dispute and hope that an agreement will be reached as soon as possible in order to avoid a deepening conflict .
"
en,en.20101214.32.2-175,offline,,65.991125,62.654842193998775,0.9494434621928143," Thank you very much. I just want to say that my voting machine didn't work at the voting on the European Protection Order. But I would have voted in favor because this is a very important issue and it was important that the Parliament adopted the European Protection Order today. This legislation is essential for Europe. The mutual recognition of judgment and judicial decisions is fundamental in the area of freedom, security and justice. In order to prevent a crime or a new crime being committed against a protected person, the executing state is now given a legal base for recognizing a decision previously adopted in another member state. This legislation is needed for the protection of violence against women and the other victims of violence. It is an essential and important step in making victims able to reside or stay wherever they want to in the EU. And thereby be included in the freedom of movement. Thank you, Mr. President.","Mr President , I just want to say that my voting machine did not work for the vote on the European Protection Order , but I would have voted in favour because this is a very important issue and it was important for Parliament to adopt the European Protection Order today .
This legislation is essential for Europe . The mutual recognition of judgment and judicial decisions is fundamental in an area of freedom , security and justice . In order to prevent a crime , or a new crime , being committed against a protected person , the executing state is now given a legal base for recognising a decision previously adopted in another Member State .
This legislation is needed for the prevention of violence against women and the other victims of violence . It is an essential and important step in enabling victims to reside or stay wherever they want in the EU and thereby be included in the freedom of movement .
"
en,en.20101214.32.2-175,streaming,,65.991125,63.62459349300116,0.9641386397489232," Thank you very much. I just want to say that my voting machine didn't work at the voting on the European Protection Order. But I would have voted in favor because this is a very important issue and it was important that the Parliament adopted the European Protection Order today. This legislation is essential for Europe. The mutual recognition of judgment and judicial decisions is fundamental in the area of freedom, security and justice. In order to prevent a crime or a new crime being committed against a protected person, the executing state is now given a legal base for recognizing a decision previously adopted in another member state. This legislation is needed for the protection of violence against women and the other victims of violence. It is an essential and important step in making victims able to reside or stay wherever they want to in the EU. And thereby be included in the freedom of movement. Thank you, Mr. President.","Mr President , I just want to say that my voting machine did not work for the vote on the European Protection Order , but I would have voted in favour because this is a very important issue and it was important for Parliament to adopt the European Protection Order today .
This legislation is essential for Europe . The mutual recognition of judgment and judicial decisions is fundamental in an area of freedom , security and justice . In order to prevent a crime , or a new crime , being committed against a protected person , the executing state is now given a legal base for recognising a decision previously adopted in another Member State .
This legislation is needed for the prevention of violence against women and the other victims of violence . It is an essential and important step in enabling victims to reside or stay wherever they want in the EU and thereby be included in the freedom of movement .
"
en,en.20101215.23.3-279,offline,,44.0250625,43.442093104997184,0.9867582381057878," I hope that you appreciate the fact that we allowed you, that I allowed you to speak, although what you raised was really not a point of order. My job is not to monitor what members decide to say. My job is to ensure that they say it when they have the time to say it, as opposed to interrupting each other and doing so, I might add, in a rather rude and loud way. So thank you for your comment. I will insist when I chair at least that members conduct themselves in a civil way among each other and try to keep the time as best I can. What members say in the room in a democratic room such as this is their business, not mine. Now, Mr. Kelly, for one minute.","I hope that you appreciate the fact that I allowed you to speak , although what you raised was not really a point of order . My job is not to monitor what Members decide to say . My job is to ensure that they say it when they have the time to say it , as opposed to interrupting each other and doing so , I might add , in a rather rude and loud way . So thank you for your comment . I will insist , when I chair at least , that Members conduct themselves in a civil way with each other , and I will try to keep the time as best I can . What Members say in the room , in a democratic room such as this , is their business , not mine .
"
en,en.20101215.23.3-279,streaming,,44.0250625,44.482848728002864,1.0103983095538562," I hope that you appreciate the fact that we allowed you, that I allowed you to speak, although what you raised was really not a point of order. My job is not to monitor what members decide to say. My job is to ensure that they say it when they have the time to say it, as opposed to interrupting each other and doing so, I might add, in a rather rude and loud way. So thank you for your comment. I will insist when I chair at least that members conduct themselves in a civil way among each other and try to keep the time as best I can. What members say in the room in a democratic room such as this is their business, not mine. Now, Mr. Kelly, for one minute.","I hope that you appreciate the fact that I allowed you to speak , although what you raised was not really a point of order . My job is not to monitor what Members decide to say . My job is to ensure that they say it when they have the time to say it , as opposed to interrupting each other and doing so , I might add , in a rather rude and loud way . So thank you for your comment . I will insist , when I chair at least , that Members conduct themselves in a civil way with each other , and I will try to keep the time as best I can . What Members say in the room , in a democratic room such as this , is their business , not mine .
"
en,en.20090507.29.4-153,offline,,69.985,66.30261432399857,0.9473832153175477," Thank you very much, President. After 15 years, this will be my last speech in the European Parliament, and I think there are few more important issues than the whole question of asylum and how European countries face this challenge. President, there's no easy response to this issue either. If there was, some country would have found it by now. In reality, I would suggest that the only way to reduce the number of desperate people who seek refuge or asylum in a country other than their own is to address the root causes that force them to leave their homes and country of origin. That is why it is so important, colleagues, that we in the EU and in all developed democratic countries offer advice, help and support, including financial support, to those countries that are affected by war, internal violence, lack of human rights or discrimination. Equally, we have to address the poverty around the world which contributes to migratory pressures. We should never condemn people who are forced to seek asylum or refugee status. Instead, we should offer sympathy and offer our support. That today, colleagues, is our challenge. Thank you, President. Thank you, Parliament.","Mr President , after 15 years this will be my last speech in the European Parliament and I think there are few more important issues than the whole question of asylum and how European countries face this challenge .
There is no easy response to this issue either . If there was , some country would have found it by now . In reality , I would suggest that the only way to reduce the number of desperate people who seek refuge or asylum in a country other than their own is to address the root causes that force them to leave their homes and countries of origin . That is why it is so important that we in the EU , and in all developed democratic countries , offer advice , help and support – including financial support – to those countries that are affected by war , internal violence , lack of human rights or discrimination .
Equally , we have to address the poverty around the world which contributes to migratory pressures . We should never condemn people who are forced to seek asylum or refugee status . Instead , we should offer sympathy and offer our support . That is our challenge today .
"
en,en.20090507.29.4-153,streaming,,69.985,71.28686520100018,1.0186020604558146," Thank you very much, President. After 15 years, this will be my last speech in the European Parliament, and I think there are few more important issues than the whole question of asylum and how European countries face this challenge. President, there's no easy response to this issue either. If there was, some country would have found it by now. In reality, I would suggest that the only way to reduce the number of desperate people who seek refuge or asylum in a country other than their own is to address the root causes that force them to leave their homes and country of origin. That is why it is so important, colleagues, that we in the EU and in all developed democratic countries offer advice, help and support, including financial support, to those countries that are affected by war, internal violence, lack of human rights or discrimination. Equally, we have to address the poverty around the world which contributes to migratory pressures. We should never condemn people who are forced to seek asylum or refugee status. Instead, we should offer sympathy and offer our support. That today, colleagues, is our challenge. Thank you, President. Thank you, Parliament.","Mr President , after 15 years this will be my last speech in the European Parliament and I think there are few more important issues than the whole question of asylum and how European countries face this challenge .
There is no easy response to this issue either . If there was , some country would have found it by now . In reality , I would suggest that the only way to reduce the number of desperate people who seek refuge or asylum in a country other than their own is to address the root causes that force them to leave their homes and countries of origin . That is why it is so important that we in the EU , and in all developed democratic countries , offer advice , help and support – including financial support – to those countries that are affected by war , internal violence , lack of human rights or discrimination .
Equally , we have to address the poverty around the world which contributes to migratory pressures . We should never condemn people who are forced to seek asylum or refugee status . Instead , we should offer sympathy and offer our support . That is our challenge today .
"
en,en.20090324.30.2-363,offline,,60.000375,57.27705620400229,0.9546116370773065," Mr. President, what worries me most is the suggestion that the European Investment Bank has a significant role to play in solving the financial crisis, that it can somehow act as the Europe-wide body to provide stimulus where member states have singularly failed to coordinate their own stimuli. The danger is that if it expands its activities too far into supporting commercial banks and governments, as has been suggested, then its enviable high credit rating may be downgraded like some of our governments. The EIB has a leverage of about 35 times, and its shareholders are member state governments. It would be a serious issue if it were to go bust like some of our commercial banks. The report, even encourages the EIB and the Commission to increase lending by experimenting with new innovative financial instruments. I thought the world had seen enough of clever financial tricks.","Mr President , what worries me most is the suggestion that the European Investment Bank ( EIB ) has a significant role to play in solving the financial crisis – that it can somehow act as the Europe-wide body to provide stimulus where Member States have singularly failed to coordinate their own stimuli .
The danger is that , if it expands its activities too far into supporting commercial banks and governments – as has been suggested – then its enviable high credit rating may be downgraded , like some of our governments .
The EIB has a leverage of about 35 times , and its shareholders are Member State governments . It would be a serious issue if it were to go bust , like some of our commercial banks . The report even encourages the EIB and the Commission to increase lending by experimenting with new innovative financial instruments . I thought the world had seen enough of clever financial tricks .
"
en,en.20090324.30.2-363,streaming,,60.000375,61.093946722998226,1.0182260814702946," Mr. President, what worries me most is the suggestion that the European Investment Bank has a significant role to play in solving the financial crisis, that it can somehow act as the Europe-wide body to provide stimulus where member states have singularly failed to coordinate their own stimuli. The danger is that if it expands its activities too far into supporting commercial banks and governments, as has been suggested, then its enviable high credit rating may be downgraded like some of our governments. The EIB has a leverage of about 35 times, and its shareholders are member state governments. It would be a serious issue if it were to go bust like some of our commercial banks. The report, even encourages the EIB and the Commission to increase lending by experimenting with new innovative financial instruments. I thought the world had seen enough of clever financial tricks.","Mr President , what worries me most is the suggestion that the European Investment Bank ( EIB ) has a significant role to play in solving the financial crisis – that it can somehow act as the Europe-wide body to provide stimulus where Member States have singularly failed to coordinate their own stimuli .
The danger is that , if it expands its activities too far into supporting commercial banks and governments – as has been suggested – then its enviable high credit rating may be downgraded , like some of our governments .
The EIB has a leverage of about 35 times , and its shareholders are Member State governments . It would be a serious issue if it were to go bust , like some of our commercial banks . The report even encourages the EIB and the Commission to increase lending by experimenting with new innovative financial instruments . I thought the world had seen enough of clever financial tricks .
"
en,en.20090324.3.2-029,offline,,67.0128125,64.9856770639999,0.9697500319659006," Commissioner, I speak to the Van Nisselrooy report, and to emphasize three points. First, that territorial cohesion involves promoting polycentric development across the European Union. This means eliminating disparities within as well as between regions. There is consequently a need for improved spatial analysis and the development of indicators against which policies can be designed and their impact assessed. Second, there must be an integrated approach with measurement in advance of the effect that sectoral policies would have at regional levels and the achievement of greater synergy between them. Certainly, such impact assessment could pre-empt certain problems, such as those posed by the electronic identification of sheep in Scotland. Third, an integrated approach demands proper multi-level governance involving all stakeholders in the design and implementation of strategies. What the Commissioner has said in these respects has been very welcome and I hope for great support for this excellent report.","Madam President , I speak on the van Nistelrooij report and to emphasise three points .
First , that territorial cohesion involves promoting polycentric development across the European Union . This means eliminating disparities within , as well as between , regions . There is consequently a need for improved spatial analysis and the development of indicators against which policies can be designed and their impact assessed .
Second , there must be an integrated approach , with measurement in advance of the effect that sectoral policies would have at regional levels and the achievement of greater synergy between them . Certainly , such impact assessment could pre-empt certain problems , such as those posed by the electronic identification of sheep in Scotland .
Third , an integrated approach demands proper multilevel governance , involving all stakeholders in the design and implementation of strategies .
What the Commissioner has said in these respects has been very welcome , and I hope for great support for this excellent report .
"
en,en.20090324.3.2-029,streaming,,67.0128125,68.31782867799848,1.0194741293390497," Commissioner, I speak to the Van Nisselrooy report, and to emphasize three points. First, that territorial cohesion involves promoting polycentric development across the European Union. This means eliminating disparities within as well as between regions. There is consequently a need for improved spatial analysis and the development of indicators against which policies can be designed and their impact assessed. Second, there must be an integrated approach with measurement in advance of the effect that sectoral policies would have at regional levels and the achievement of greater synergy between them. Certainly, such impact assessment could pre-empt certain problems, such as those posed by the electronic identification of sheep in Scotland. Third, an integrated approach demands proper multi-level governance involving all stakeholders in the design and implementation of strategies. What the Commissioner has said in these respects has been very welcome and I hope for great support for this excellent report.","Madam President , I speak on the van Nistelrooij report and to emphasise three points .
First , that territorial cohesion involves promoting polycentric development across the European Union . This means eliminating disparities within , as well as between , regions . There is consequently a need for improved spatial analysis and the development of indicators against which policies can be designed and their impact assessed .
Second , there must be an integrated approach , with measurement in advance of the effect that sectoral policies would have at regional levels and the achievement of greater synergy between them . Certainly , such impact assessment could pre-empt certain problems , such as those posed by the electronic identification of sheep in Scotland .
Third , an integrated approach demands proper multilevel governance , involving all stakeholders in the design and implementation of strategies .
What the Commissioner has said in these respects has been very welcome , and I hope for great support for this excellent report .
"
en,en.20091125.17.3-142,offline,,48.018875,48.94148729299923,1.0192135341154749," Thank you, Mr. President. It is a very important issue, and I voted for this resolution because I believe that we need to have peace of legislation protecting our citizens in case of island bankruptcies. Millions of our citizens are using low-cost islands every day. However, a higher number of low-cost island bankruptcies in the European Union since 2000, and the recent case of SkyEurope clearly demonstrated the vulnerability of the low-cost carriers to the changing oil prices and the current difficult economic conditions. We must rectify this situation and we ask the Commission to consider the most adequate compensation measures for our passengers. Thank you.","Mr President , this is a very important issue and I voted for this resolution because I believe that we need to have a piece of legislation protecting our citizens in case of airline bankruptcies . Millions of our citizens use low-cost airlines every day . However , the high number of low-cost airline bankruptcies in the European Union since 2000 , and the recent case of Sky Europe , have clearly demonstrated the vulnerability of the low-cost carriers to the changing oil prices and the current difficult economic conditions .
We must rectify this situation , and we ask the Commission to consider the most adequate compensation measures for our passengers .
"
en,en.20091125.17.3-142,streaming,,48.018875,47.827778322000086,0.9960203841093754," Thank you, Mr. President. It is a very important issue, and I voted for this resolution because I believe that we need to have peace of legislation protecting our citizens in case of island bankruptcies. Millions of our citizens are using low-cost islands every day. However, a higher number of low-cost island bankruptcies in the European Union since 2000, and the recent case of SkyEurope clearly demonstrated the vulnerability of the low-cost carriers to the changing oil prices and the current difficult economic conditions. We must rectify this situation and we ask the Commission to consider the most adequate compensation measures for our passengers. Thank you.","Mr President , this is a very important issue and I voted for this resolution because I believe that we need to have a piece of legislation protecting our citizens in case of airline bankruptcies . Millions of our citizens use low-cost airlines every day . However , the high number of low-cost airline bankruptcies in the European Union since 2000 , and the recent case of Sky Europe , have clearly demonstrated the vulnerability of the low-cost carriers to the changing oil prices and the current difficult economic conditions .
We must rectify this situation , and we ask the Commission to consider the most adequate compensation measures for our passengers .
"
en,en.20110324.4.4-016-000,offline,,75.97575,72.27380760400047,0.9512746844091761," Thank you, President. We also welcome the successful conclusion of the second phase of the EU Open Skies Agreement. Indeed, after several years, it was rather overdue. Obviously, this agreement is a significant breakthrough, and it's to be welcomed. And I acknowledge that negotiators have made huge progress in the areas of security, competition, market access and environmental cooperation. But like the Commissioner, I am disappointed that this agreement did not achieve its ultimate objective of a complete opening of the market, without restrictions on either side. The failure to resolve fully issues of foreign ownership and control, cabotage, must be addressed in future discussions if European carriers are to truly benefit. Of course, agreements mean compromise, but that doesn't mean getting a deal at any price. President, the aviation industry is massively important to Europe. It facilitates economic growth, trade, investment and tourism. Air agreements with third countries offer our airlines great opportunities in foreign markets. And I therefore urge the Commission to continue to strive to conclude air agreements which are fair, robust and lead to full liberalisation, which will benefit both European carriers and consumers. And finally, can we just add our support to the EU-Vietnam agreement? Thank you.","Madam President , we also welcome the successful conclusion of the second phase of the EU open skies agreement . Indeed , after several years it was rather overdue . Obviously this agreement is a significant breakthrough and it is to be welcomed . I acknowledge that negotiators have made huge progress in the areas of security , competition , market access and environmental cooperation . But , like the Commissioner , I am disappointed that this agreement did not achieve its ultimate objective of a complete opening of the market without restrictions on either side . The failure to resolve fully issues of foreign ownership and control ( cabotage ) must be addressed in future discussions if European carriers are to truly benefit . Of course agreements mean compromise , but that does not mean getting a deal at any price .
The aviation industry is massively important to Europe . It facilitates economic growth , trade , investment and tourism . Air agreements with third countries offer our airlines great opportunities in foreign markets , and I therefore urge the Commission to continue to strive to conclude air agreements which are fair , robust and lead to full liberalisation , which will benefit both European carriers and consumers . Finally , can we just add our support to the EU-Vietnam agreement .
"
en,en.20110324.4.4-016-000,streaming,,75.97575,73.07237499400071,0.9617855038482767," Thank you, President. We also welcome the successful conclusion of the second phase of the EU Open Skies Agreement. Indeed, after several years, it was rather overdue. Obviously, this agreement is a significant breakthrough, and it's to be welcomed. And I acknowledge that negotiators have made huge progress in the areas of security, competition, market access and environmental cooperation. But like the Commissioner, I am disappointed that this agreement did not achieve its ultimate objective of a complete opening of the market, without restrictions on either side. The failure to resolve fully issues of foreign ownership and control, cabotage, must be addressed in future discussions if European carriers are to truly benefit. Of course, agreements mean compromise, but that doesn't mean getting a deal at any price. President, the aviation industry is massively important to Europe. It facilitates economic growth, trade, investment and tourism. Air agreements with third countries offer our airlines great opportunities in foreign markets. And I therefore urge the Commission to continue to strive to conclude air agreements which are fair, robust and lead to full liberalisation, which will benefit both European carriers and consumers. And finally, can we just add our support to the EU-Vietnam agreement? Thank you.","Madam President , we also welcome the successful conclusion of the second phase of the EU open skies agreement . Indeed , after several years it was rather overdue . Obviously this agreement is a significant breakthrough and it is to be welcomed . I acknowledge that negotiators have made huge progress in the areas of security , competition , market access and environmental cooperation . But , like the Commissioner , I am disappointed that this agreement did not achieve its ultimate objective of a complete opening of the market without restrictions on either side . The failure to resolve fully issues of foreign ownership and control ( cabotage ) must be addressed in future discussions if European carriers are to truly benefit . Of course agreements mean compromise , but that does not mean getting a deal at any price .
The aviation industry is massively important to Europe . It facilitates economic growth , trade , investment and tourism . Air agreements with third countries offer our airlines great opportunities in foreign markets , and I therefore urge the Commission to continue to strive to conclude air agreements which are fair , robust and lead to full liberalisation , which will benefit both European carriers and consumers . Finally , can we just add our support to the EU-Vietnam agreement .
"
en,en.20090114.13.3-161,offline,,57.02825,54.412216791999526,0.9541274156580208," Ti ringrazio, signor Presidente. Thank you, President. I've just voted on the situation of fundamental rights in the European Union. It is with great regret that together with my two Maltese colleagues in the PES, we have had to abstain. On the report. Although the report refers to numerous issues of fundamental human rights which are laudable, it includes other issues such as abortion, which should never have been included in this report. As the multi-social representatives in the European Parliament are against abortion, we have had to vote against these particular parts of the report. Indeed, there are other issues included in this report, such as living wills and the right to dignity at the end of life, which are sensitive issues regarding which we have had to abstain. That is why we abstained at the end of this vote. May I thank you for this opportunity. Grazie. Procediamo.","Mr President , today we have just voted on the situation of fundamental rights in the European Union . It is with great regret that , together with my two Maltese colleagues in the PSE Group , we have had to abstain from voting on the report .
Although the report refers to numerous issues of fundamental human rights which are laudable , it includes other issues , such as abortion , which should never have been included in this report . As the Maltese social representatives in the European Parliament are against abortion , we have had to vote against these particular parts of the report .
There are , indeed , other issues included in this report , such as living wills and the right to dignity at the end of life , which are sensitive issues , regarding which we have had to abstain . That is why we abstained at the end of this vote . I would like to thank you for this opportunity .
"
en,en.20090114.13.3-161,streaming,,57.02825,59.897922934000235,1.0503201997957194," Ti ringrazio, signor Presidente. Thank you, President. I've just voted on the situation of fundamental rights in the European Union. It is with great regret that together with my two Maltese colleagues in the PES, we have had to abstain. On the report. Although the report refers to numerous issues of fundamental human rights which are laudable, it includes other issues such as abortion, which should never have been included in this report. As the multi-social representatives in the European Parliament are against abortion, we have had to vote against these particular parts of the report. Indeed, there are other issues included in this report, such as living wills and the right to dignity at the end of life, which are sensitive issues regarding which we have had to abstain. That is why we abstained at the end of this vote. May I thank you for this opportunity. Grazie. Procediamo.","Mr President , today we have just voted on the situation of fundamental rights in the European Union . It is with great regret that , together with my two Maltese colleagues in the PSE Group , we have had to abstain from voting on the report .
Although the report refers to numerous issues of fundamental human rights which are laudable , it includes other issues , such as abortion , which should never have been included in this report . As the Maltese social representatives in the European Parliament are against abortion , we have had to vote against these particular parts of the report .
There are , indeed , other issues included in this report , such as living wills and the right to dignity at the end of life , which are sensitive issues , regarding which we have had to abstain . That is why we abstained at the end of this vote . I would like to thank you for this opportunity .
"
en,en.20100210.28.3-481,offline,,83.963375,79.90117811899836,0.9516194188120518," Let's start with the Moneys. A simple letter by council that the negotiating guidelines will fully contain the Parliament's concerns. That negotiations will begin immediately with the United States, not at some point in the future. That the Parliament will be fully involved in these negotiations, might have sufficed. And it wouldn't be that difficult to give, to alleviate this Parliament's concerns about the way there has been treated, ignored and played with in the past. But you couldn't do it even this today. The bulk transfer of data the Commissioner said is not a problem. Some data only will go there. SWIFT tells us that's not the case. The United States administration tells us that's not the case. There's no proof of what you say, and this is the statement. You mentioned that there are negotiating guidelines that you're about done with. Where are they? Given the pressure that exists today, why can't you tell us where exactly you agree and where you disagree with Parliament, instead of general statements? I feel, Mr. President, that it's extremely important to fight together with the United States against terrorism. I urge the United States and Council to work very seriously together with us after a vote tomorrow, not go bilateral routes, not dream about breaking the solidarity, but work together to protect fundamental rights while we protect security.","Mr President , a simple letter from the Council that the negotiation guidelines will fully contain Parliament ’ s concerns , that negotiations will begin immediately with the United States and not at some point in the future , and that Parliament will be fully involved in these negotiations might have sufficed , and it would not be that difficult to give in order to alleviate this Parliament ’ s concerns about the way it has been treated , ignored and played with in the past .
But you could not do even this today . The bulk transfer of data , the Commissioner said , is not a problem . Only some data will go there . SWIFT tells us that is not the case . The United States administration tells us that is not the case . There is no proof of what you say in this statement .
You mentioned the negotiating guidelines that you are nearly done with . Where are they ? Given the pressure that exists today , why can you not tell us exactly where you agree and where you disagree with Parliament , instead of making general statements ?
I feel it is extremely important to fight together with the United States against terrorism . I urge the United States and Council to work very seriously together with us after our vote tomorrow , and not to choose bilateral routes or dream about breaking the solidarity , but to work together to protect fundamental rights while we protect security .
"
en,en.20100210.28.3-481,streaming,,83.963375,79.32140032099778,0.9447142914514547," Let's start with the Moneys. A simple letter by council that the negotiating guidelines will fully contain the Parliament's concerns. That negotiations will begin immediately with the United States, not at some point in the future. That the Parliament will be fully involved in these negotiations, might have sufficed. And it wouldn't be that difficult to give, to alleviate this Parliament's concerns about the way there has been treated, ignored and played with in the past. But you couldn't do it even this today. The bulk transfer of data the Commissioner said is not a problem. Some data only will go there. SWIFT tells us that's not the case. The United States administration tells us that's not the case. There's no proof of what you say, and this is the statement. You mentioned that there are negotiating guidelines that you're about done with. Where are they? Given the pressure that exists today, why can't you tell us where exactly you agree and where you disagree with Parliament, instead of general statements? I feel, Mr. President, that it's extremely important to fight together with the United States against terrorism. I urge the United States and Council to work very seriously together with us after a vote tomorrow, not go bilateral routes, not dream about breaking the solidarity, but work together to protect fundamental rights while we protect security.","Mr President , a simple letter from the Council that the negotiation guidelines will fully contain Parliament ’ s concerns , that negotiations will begin immediately with the United States and not at some point in the future , and that Parliament will be fully involved in these negotiations might have sufficed , and it would not be that difficult to give in order to alleviate this Parliament ’ s concerns about the way it has been treated , ignored and played with in the past .
But you could not do even this today . The bulk transfer of data , the Commissioner said , is not a problem . Only some data will go there . SWIFT tells us that is not the case . The United States administration tells us that is not the case . There is no proof of what you say in this statement .
You mentioned the negotiating guidelines that you are nearly done with . Where are they ? Given the pressure that exists today , why can you not tell us exactly where you agree and where you disagree with Parliament , instead of making general statements ?
I feel it is extremely important to fight together with the United States against terrorism . I urge the United States and Council to work very seriously together with us after our vote tomorrow , and not to choose bilateral routes or dream about breaking the solidarity , but to work together to protect fundamental rights while we protect security .
"
en,en.20080924.31.3-266,offline,,59.0019375,55.433276275001845,0.9395162027518478," ISIS has demonstrated that the global financial system is seriously flawed. First, the supervisory agencies failed to prevent irresponsible behavior of investors. We've seen a development of new financial instruments that are, however, not transparent enough and they do not allow for proper risk assessment. Secondly, owners and shareholders of financial institutions fail to supervise properly their own managers who pay themselves exorbitant salaries and bonuses. And for what? For driving their companies to bankruptcies. We need, Mr. President, urgent action at least in these two areas. We don't want in Europe a repetition of a scenario of American meltdown. We don't want in Europe a situation in which chief executive officers of financial companies go away with tens of millions of dollars while taxpayers are left there to pay their bills. We expect the Commission to take a serious action on this.","Mr President , this crisis has demonstrated that the global financial system is seriously flawed . First the supervisory agencies failed to prevent irresponsible behaviour by investors . We have seen the development of new financial instruments that are , however , not transparent enough and do not allow for proper risk assessment . Secondly , owners and shareholders of financial institutions failed to supervise properly their own managers , who paid themselves exorbitant salaries and bonuses , and for what ? For driving their companies into bankruptcy !
We need urgent action at least in these two areas . We do not want a repetition of the American meltdown scenario in Europe . We do not want in Europe a situation in which chief executive officers of financial companies go away with tens of millions of dollars while taxpayers are left to pay their bills . We expect the Commission to take serious action on this .
"
en,en.20080924.31.3-266,streaming,,59.0019375,55.83899692400155,0.9463925981075038," ISIS has demonstrated that the global financial system is seriously flawed. First, the supervisory agencies failed to prevent irresponsible behavior of investors. We've seen a development of new financial instruments that are, however, not transparent enough and they do not allow for proper risk assessment. Secondly, owners and shareholders of financial institutions fail to supervise properly their own managers who pay themselves exorbitant salaries and bonuses. And for what? For driving their companies to bankruptcies. We need, Mr. President, urgent action at least in these two areas. We don't want in Europe a repetition of a scenario of American meltdown. We don't want in Europe a situation in which chief executive officers of financial companies go away with tens of millions of dollars while taxpayers are left there to pay their bills. We expect the Commission to take a serious action on this.","Mr President , this crisis has demonstrated that the global financial system is seriously flawed . First the supervisory agencies failed to prevent irresponsible behaviour by investors . We have seen the development of new financial instruments that are , however , not transparent enough and do not allow for proper risk assessment . Secondly , owners and shareholders of financial institutions failed to supervise properly their own managers , who paid themselves exorbitant salaries and bonuses , and for what ? For driving their companies into bankruptcy !
We need urgent action at least in these two areas . We do not want a repetition of the American meltdown scenario in Europe . We do not want in Europe a situation in which chief executive officers of financial companies go away with tens of millions of dollars while taxpayers are left to pay their bills . We expect the Commission to take serious action on this .
"
en,en.20091216.1.3-005,offline,,70.0314375,65.66809667900088,0.9376945415264522," Yes, please. Thank you, Mr. President. At the beginning of this week's session, you answered a question from my Austrian colleague, Jörg Leichtfried, on the new members joining this Parliament as a result of the Lisbon Treaty, and when that could take place. You answered that this is now up to the Council. I agree as regards them joining this Parliament as full members, but I'm not sure that this is the case when it comes to their status as observers, as an introduction to actually becoming full members. I interpret the decision we took recently on David Martin's report on our own internal rules so that we are actually free to let them start working as observers as soon as they are elected and their election confirmed by their member state. And that we as a parliament can decide ourselves on the conditions for their position as observers. Could you please, Mr. President, discuss this with the rapporteur, Mr. Martin? And in order to come to a solution as soon as possible. It would be unreasonable if new members who are already elected and whose election has been confirmed by the national authorities would have to wait for months and months before they can actually start working. Many of them are prepared to start immediately. Thanks.","Mr President , at the beginning of this week ’ s part-session , you answered a question from my Austrian colleague , Jörg Leichtfried , on the new Members joining this Parliament as a result of the Lisbon Treaty and when that could take place . You answered that this is now up to the Council . I agree as regards them joining this Parliament as full Members , but I am not sure that this is the case when it comes to their status as observers as an introduction to actually becoming full Members .
I interpret the decision we took recently on David Martin ’ s report on our own internal rules so that we are actually free to let them start working as observers as soon as they are elected and their election confirmed by their Member State , and that we as a parliament can decide ourselves on the conditions for their position as observers .
Mr President , could you please discuss this with the rapporteur , Mr Martin , in order to come to a solution as soon as possible ? It would be unreasonable if new Members who are already elected and whose election has been confirmed by the national authorities have to wait for months and months before they can actually start working . Many of them are prepared to start immediately .
"
en,en.20091216.1.3-005,streaming,,70.0314375,64.6891494670017,0.9237158592810794," Yes, please. Thank you, Mr. President. At the beginning of this week's session, you answered a question from my Austrian colleague, Jörg Leichtfried, on the new members joining this Parliament as a result of the Lisbon Treaty, and when that could take place. You answered that this is now up to the Council. I agree as regards them joining this Parliament as full members, but I'm not sure that this is the case when it comes to their status as observers, as an introduction to actually becoming full members. I interpret the decision we took recently on David Martin's report on our own internal rules so that we are actually free to let them start working as observers as soon as they are elected and their election confirmed by their member state. And that we as a parliament can decide ourselves on the conditions for their position as observers. Could you please, Mr. President, discuss this with the rapporteur, Mr. Martin? And in order to come to a solution as soon as possible. It would be unreasonable if new members who are already elected and whose election has been confirmed by the national authorities would have to wait for months and months before they can actually start working. Many of them are prepared to start immediately. Thanks.","Mr President , at the beginning of this week ’ s part-session , you answered a question from my Austrian colleague , Jörg Leichtfried , on the new Members joining this Parliament as a result of the Lisbon Treaty and when that could take place . You answered that this is now up to the Council . I agree as regards them joining this Parliament as full Members , but I am not sure that this is the case when it comes to their status as observers as an introduction to actually becoming full Members .
I interpret the decision we took recently on David Martin ’ s report on our own internal rules so that we are actually free to let them start working as observers as soon as they are elected and their election confirmed by their Member State , and that we as a parliament can decide ourselves on the conditions for their position as observers .
Mr President , could you please discuss this with the rapporteur , Mr Martin , in order to come to a solution as soon as possible ? It would be unreasonable if new Members who are already elected and whose election has been confirmed by the national authorities have to wait for months and months before they can actually start working . Many of them are prepared to start immediately .
"
en,en.20100309.26.2-474,offline,,87.0284375,87.18861417699736,1.0018405096264926," First of all, I'd like to congratulate the Commission on finally having achieved what EU leaders have been talking about for decades. They've actually managed to get ordinary citizens interested in EU politics. ACTA is an issue that people on the net really care about. But having said that, I still feel I must criticize the Commission for the method it has used. The reason so many citizens are following the ACTA issue is because they're furious. They're furious at proposals to limit their freedom and invade their privacy just because some big companies are asking for it. They're furious because they see the fundamental civil liberties balanced against industry interests and coming up short. They're furious at the complete lack of transparency. This is not how it should be in a democracy. Tomorrow we will be voting on a resolution that calls on the Commission to live up to the treaty and put all ACTA papers on the table. I hope the resolution will be adopted by an overwhelming majority. The right to privacy, to information freedom and to fair and proper trial are the cornerstones of a free and open society. Tomorrow we will show that this is a Parliament that is prepared to stand up for those rights in the information age. We will demand the information that is both our right and our duty as elected representatives, and we will respectfully remind the Commission that this is the Parliament, not a doormat. Thank you.","Mr President , first of all , I would like to congratulate the Commission on finally having achieved what EU leaders have been talking about for decades . They have actually managed to get ordinary citizens interested in EU politics .
ACTA is an issue that people on the net really care about . But , having said that , I still feel I must criticise the Commission for the method it has used . The reason so many citizens are following the ACTA issue is because they are furious . They are furious at proposals to limit their freedom and invade their privacy just because some big companies are asking for it .
They are furious because they see their fundamental civil liberties balanced against industry interests and coming up short . They are furious at the complete lack of transparency . This is not how it should be in a democracy .
Tomorrow , we will be voting on a resolution that calls on the Commission to live up to the treaty and put all ACTA papers on the table . I hope the resolution will be adopted by an overwhelming majority . The right to privacy , to information freedom and to fair and proper trial are the cornerstones of a free and open society .
Tomorrow , we will show that this is a parliament that is prepared to stand up for those rights in the information age . We will demand the information that is both our right and our due as the elected representatives , and we will respectfully remind the Commission that this is Parliament , not a doormat .
"
en,en.20100309.26.2-474,streaming,,87.0284375,87.96065445899876,1.010711636170634," First of all, I'd like to congratulate the Commission on finally having achieved what EU leaders have been talking about for decades. They've actually managed to get ordinary citizens interested in EU politics. ACTA is an issue that people on the net really care about. But having said that, I still feel I must criticize the Commission for the method it has used. The reason so many citizens are following the ACTA issue is because they're furious. They're furious at proposals to limit their freedom and invade their privacy just because some big companies are asking for it. They're furious because they see the fundamental civil liberties balanced against industry interests and coming up short. They're furious at the complete lack of transparency. This is not how it should be in a democracy. Tomorrow we will be voting on a resolution that calls on the Commission to live up to the treaty and put all ACTA papers on the table. I hope the resolution will be adopted by an overwhelming majority. The right to privacy, to information freedom and to fair and proper trial are the cornerstones of a free and open society. Tomorrow we will show that this is a Parliament that is prepared to stand up for those rights in the information age. We will demand the information that is both our right and our duty as elected representatives, and we will respectfully remind the Commission that this is the Parliament, not a doormat. Thank you.","Mr President , first of all , I would like to congratulate the Commission on finally having achieved what EU leaders have been talking about for decades . They have actually managed to get ordinary citizens interested in EU politics .
ACTA is an issue that people on the net really care about . But , having said that , I still feel I must criticise the Commission for the method it has used . The reason so many citizens are following the ACTA issue is because they are furious . They are furious at proposals to limit their freedom and invade their privacy just because some big companies are asking for it .
They are furious because they see their fundamental civil liberties balanced against industry interests and coming up short . They are furious at the complete lack of transparency . This is not how it should be in a democracy .
Tomorrow , we will be voting on a resolution that calls on the Commission to live up to the treaty and put all ACTA papers on the table . I hope the resolution will be adopted by an overwhelming majority . The right to privacy , to information freedom and to fair and proper trial are the cornerstones of a free and open society .
Tomorrow , we will show that this is a parliament that is prepared to stand up for those rights in the information age . We will demand the information that is both our right and our due as the elected representatives , and we will respectfully remind the Commission that this is Parliament , not a doormat .
"
en,en.20081008.17.3-130,offline,,64.9926875,61.962706160997186,0.9533796576883697," We are currently receiving conflicting signals from Minsk, and this is already some kind of progress in relation to before. But the recent parliamentary election reinforced the popular Western image of Belarus as a kind of banana republic. On the other hand, the recent release of political dissidents is a welcome development, if it is an attempt by Lukashenko to reach out to the West, let's reward his efforts with our cautious support. But we should be under no illusions about the widespread abuses of human rights and political freedoms in Belarus. Our focus must be the people and civil society of Belarus. A cause that this House has a noble and vital tradition of supporting, even more so after today's speech by Ingrid Betancourt. The people of Belarus yearn to take their place in the new Europe. They need to know that we care and that we will not ignore them. Thank you.","Mr President , we are currently receiving conflicting signals from Minsk , and this is already some kind of progress in relation to before , but the recent parliamentary election reinforced the popular Western image of Belarus as a kind of banana republic . On the other hand , the recent release of political dissidents is a welcome development . If it is an attempt by Lukashenko to reach out to the West , let us reward his efforts with our cautious support . But we should be under no illusions about the widespread abuses of human rights and political freedoms in Belarus . Our focus must be the people and civil society of Belarus – a cause that this House has a noble and vital tradition of supporting , even more so after today ’ s speech by Ingrid Betancourt .
The people of Belarus yearn to take their place in the new Europe . They need to know that we care and that we will not ignore them .
"
en,en.20081008.17.3-130,streaming,,64.9926875,64.01009978000002,0.9848815650222191," We are currently receiving conflicting signals from Minsk, and this is already some kind of progress in relation to before. But the recent parliamentary election reinforced the popular Western image of Belarus as a kind of banana republic. On the other hand, the recent release of political dissidents is a welcome development, if it is an attempt by Lukashenko to reach out to the West, let's reward his efforts with our cautious support. But we should be under no illusions about the widespread abuses of human rights and political freedoms in Belarus. Our focus must be the people and civil society of Belarus. A cause that this House has a noble and vital tradition of supporting, even more so after today's speech by Ingrid Betancourt. The people of Belarus yearn to take their place in the new Europe. They need to know that we care and that we will not ignore them. Thank you.","Mr President , we are currently receiving conflicting signals from Minsk , and this is already some kind of progress in relation to before , but the recent parliamentary election reinforced the popular Western image of Belarus as a kind of banana republic . On the other hand , the recent release of political dissidents is a welcome development . If it is an attempt by Lukashenko to reach out to the West , let us reward his efforts with our cautious support . But we should be under no illusions about the widespread abuses of human rights and political freedoms in Belarus . Our focus must be the people and civil society of Belarus – a cause that this House has a noble and vital tradition of supporting , even more so after today ’ s speech by Ingrid Betancourt .
The people of Belarus yearn to take their place in the new Europe . They need to know that we care and that we will not ignore them .
"
en,en.20080924.31.3-252,offline,,84.9850625,77.89220538999871,0.916539955359787," The financial crisis rages on and Eurozone countries are facing recession. The answer, we're repeatedly told, is that we need more regulation to make the financial sector work better. But we have a problem now, and changing the rules after the problem has arisen is not going to help us with that problem. I urge members to consider a completely different reaction to the current economic difficulties. They're a signal that we cannot continue as we are, and that, thanks to borrowing that has been too cheap and imports that have been too cheap, we've all been living above our means and we cannot go on consuming at the same rate. Adjustment will be painful, but it is necessary. And in these hard times, there's another message that is even more salient but will not be heard in these institutions. That is, the EU cannot continue with its massive legislative programmes in the name of health and safety, consumer protection, social equality, for instance. For the overriding effect of all these schemes... Is to add costs and to crush the productive activity on which our very prosperity depends. In these hard times, the one message that should be heard is that European countries can no longer afford the European Union, its institutions and its immense outpourings of legislation.","Madam President , the financial crisis rages on and euro-zone countries are facing recession . The answer , we are repeatedly told , is that we need more regulation to make the financial sector work better .
But we have a problem now , and changing the rules after the problem has arisen is not going to help us with that problem .
I urge Members to consider a completely different reaction to the current economic difficulties . They are a signal that we cannot continue as we are and that , thanks to borrowing that has been too cheap and imports that have been too cheap , we have all been living above our means and we cannot go on consuming at the same rate .
Adjustment will be painful , but it is necessary , and in these hard times there is another message that is even more salient but will not be heard in these institutions . It is that the EU cannot continue with its massive legislative programmes in the name of health and safety , consumer protection , social equality , for instance , for the overriding effect of all these schemes is to add costs and to crush the productive activity on which our very prosperity depends .
In these hard times , the one message that should be heard is that European countries can no longer afford the European Union , its institutions and its immense outpourings of legislation .
"
en,en.20080924.31.3-252,streaming,,84.9850625,80.91631767100262,0.9521240002736083," The financial crisis rages on and Eurozone countries are facing recession. The answer, we're repeatedly told, is that we need more regulation to make the financial sector work better. But we have a problem now, and changing the rules after the problem has arisen is not going to help us with that problem. I urge members to consider a completely different reaction to the current economic difficulties. They're a signal that we cannot continue as we are, and that, thanks to borrowing that has been too cheap and imports that have been too cheap, we've all been living above our means and we cannot go on consuming at the same rate. Adjustment will be painful, but it is necessary. And in these hard times, there's another message that is even more salient but will not be heard in these institutions. That is, the EU cannot continue with its massive legislative programmes in the name of health and safety, consumer protection, social equality, for instance. For the overriding effect of all these schemes... Is to add costs and to crush the productive activity on which our very prosperity depends. In these hard times, the one message that should be heard is that European countries can no longer afford the European Union, its institutions and its immense outpourings of legislation.","Madam President , the financial crisis rages on and euro-zone countries are facing recession . The answer , we are repeatedly told , is that we need more regulation to make the financial sector work better .
But we have a problem now , and changing the rules after the problem has arisen is not going to help us with that problem .
I urge Members to consider a completely different reaction to the current economic difficulties . They are a signal that we cannot continue as we are and that , thanks to borrowing that has been too cheap and imports that have been too cheap , we have all been living above our means and we cannot go on consuming at the same rate .
Adjustment will be painful , but it is necessary , and in these hard times there is another message that is even more salient but will not be heard in these institutions . It is that the EU cannot continue with its massive legislative programmes in the name of health and safety , consumer protection , social equality , for instance , for the overriding effect of all these schemes is to add costs and to crush the productive activity on which our very prosperity depends .
In these hard times , the one message that should be heard is that European countries can no longer afford the European Union , its institutions and its immense outpourings of legislation .
"
en,en.20090310.28.2-203,offline,,75.0005,70.86121945900231,0.9448099607202927," I welcome this report. We're just one or two small reservations. We've heard from my colleague, Mrs Gill, how important small businesses are to the economy and how they're bearing the brunt of the difficulties at the moment. The trouble is the European Union is geared entirely for big businesses, whether it's about legislation or whether it's about access to markets or about funding. And we often talk about better regulation, but what we mean really is proportionality. We have to ensure that our legislation is proportional to the problems we're dealing with and particularly in the IPPC that we've talked about today it's really about big business not about small businesses and we should be reflect that I do welcome initiatives like Jasmine which I think are moving in the right direction but we do need to think in terms of funding in terms of market access in terms of legislation about the specific needs of small business and can I make one particular plea we've got a single market but we don't have a single community patent we've been at this for years and years and years now and it really is a disgrace that we can't sort out this problem it could by itself be the biggest help for businesses in the European Union let's have some action please","Mr President , I welcome this report , with just one or two small reservations . We have heard from my colleague , Mrs Gill , how important small businesses are to the economy and how they are bearing the brunt of the difficulties at the moment . The trouble is that the European Union is geared entirely for big businesses , whether it is about legislation , access to markets or funding .
We often talk about better regulation , but what we really need is proportionality . We have to ensure that our legislation is proportional to the problems we are dealing with , and particularly in the IPPC , which we have talked about today . It is really about big business , not about small businesses , and we should reflect that .
I welcome initiatives like JASMINE , which I think are moving us in the right direction , but we need to think in terms of funding , market access and legislation and about the specific needs of small business .
Let me make one particular plea : we have a single market but we do not have a single Community patent . We have been at this for years and years now , and it really is a disgrace that we cannot sort out this problem . It could , by itself , be the biggest help for businesses in the European Union . Let us have some action .
"
en,en.20090310.28.2-203,streaming,,75.0005,73.79682874100035,0.9839511568722922," I welcome this report. We're just one or two small reservations. We've heard from my colleague, Mrs Gill, how important small businesses are to the economy and how they're bearing the brunt of the difficulties at the moment. The trouble is the European Union is geared entirely for big businesses, whether it's about legislation or whether it's about access to markets or about funding. And we often talk about better regulation, but what we mean really is proportionality. We have to ensure that our legislation is proportional to the problems we're dealing with and particularly in the IPPC that we've talked about today it's really about big business not about small businesses and we should be reflect that I do welcome initiatives like Jasmine which I think are moving in the right direction but we do need to think in terms of funding in terms of market access in terms of legislation about the specific needs of small business and can I make one particular plea we've got a single market but we don't have a single community patent we've been at this for years and years and years now and it really is a disgrace that we can't sort out this problem it could by itself be the biggest help for businesses in the European Union let's have some action please","Mr President , I welcome this report , with just one or two small reservations . We have heard from my colleague , Mrs Gill , how important small businesses are to the economy and how they are bearing the brunt of the difficulties at the moment . The trouble is that the European Union is geared entirely for big businesses , whether it is about legislation , access to markets or funding .
We often talk about better regulation , but what we really need is proportionality . We have to ensure that our legislation is proportional to the problems we are dealing with , and particularly in the IPPC , which we have talked about today . It is really about big business , not about small businesses , and we should reflect that .
I welcome initiatives like JASMINE , which I think are moving us in the right direction , but we need to think in terms of funding , market access and legislation and about the specific needs of small business .
Let me make one particular plea : we have a single market but we do not have a single Community patent . We have been at this for years and years now , and it really is a disgrace that we cannot sort out this problem . It could , by itself , be the biggest help for businesses in the European Union . Let us have some action .
"
en,en.20100908.3.3-018,offline,,86.982,85.69724750399837,0.9852296740014989," I want to thank and support the Commission's and the Council's work on ensuring an adequate financing from the financial sector. But there are a couple of issues. We support introducing a form of coordinated stability level and a fund, but when it comes to the financial transaction tax, we are talking about an entirely different and much more complex tax. It would as a minimum have to be global to avoid tax evasion. Furthermore, a tax on all transactions might not only be technically infeasible, we also risk making the markets more volatile and less liquid. I have some questions on taxes. If the purpose is to generate money for global causes, which money pots does the revenue go into and who has the responsibility for distributing the money? And for a tax for a specific purpose, when do we ever know when enough is enough? And finally, a key question is, who will collect the tax? The states or the EU? If it is EU, far away from its citizens, how do we prevent constant raising taxes in the real world Enough never seems to be enough. When it comes to politicians'need for additional money. Thank you. Merci, M. Rode.","Madam President , I want to thank and support the Commission and the Council for their work on ensuring adequate financing from the financial sector .
There are , however , a couple of issues . We support introducing a form of coordinated stability level and a fund , but when it comes to the financial transaction tax , we are talking about an entirely different and much more complex issue .
That tax , as a minimum , would have to be global to avoid tax evasion . Furthermore , a tax on all transactions might not only be technically infeasible , but would also risk making the markets more volatile and less liquid .
I have some questions on taxes . If the purpose is to generate money for global causes , which money pots does the revenue go into , and who has the responsibility for distributing the money ? For a tax for a specific purpose , when do we ever know when enough is enough ? Finally , the key question is who will collect the tax – the Member States or the EU ? If it is the EU , far away from its citizens , how do we prevent constant rising taxes ? In the real world , enough never seems to be enough when it comes to politicians ’ need for additional money .
"
en,en.20100908.3.3-018,streaming,,86.982,85.2328253529995,0.9798903836770768," I want to thank and support the Commission's and the Council's work on ensuring an adequate financing from the financial sector. But there are a couple of issues. We support introducing a form of coordinated stability level and a fund, but when it comes to the financial transaction tax, we are talking about an entirely different and much more complex tax. It would as a minimum have to be global to avoid tax evasion. Furthermore, a tax on all transactions might not only be technically infeasible, we also risk making the markets more volatile and less liquid. I have some questions on taxes. If the purpose is to generate money for global causes, which money pots does the revenue go into and who has the responsibility for distributing the money? And for a tax for a specific purpose, when do we ever know when enough is enough? And finally, a key question is, who will collect the tax? The states or the EU? If it is EU, far away from its citizens, how do we prevent constant raising taxes in the real world Enough never seems to be enough. When it comes to politicians'need for additional money. Thank you. Merci, M. Rode.","Madam President , I want to thank and support the Commission and the Council for their work on ensuring adequate financing from the financial sector .
There are , however , a couple of issues . We support introducing a form of coordinated stability level and a fund , but when it comes to the financial transaction tax , we are talking about an entirely different and much more complex issue .
That tax , as a minimum , would have to be global to avoid tax evasion . Furthermore , a tax on all transactions might not only be technically infeasible , but would also risk making the markets more volatile and less liquid .
I have some questions on taxes . If the purpose is to generate money for global causes , which money pots does the revenue go into , and who has the responsibility for distributing the money ? For a tax for a specific purpose , when do we ever know when enough is enough ? Finally , the key question is who will collect the tax – the Member States or the EU ? If it is the EU , far away from its citizens , how do we prevent constant rising taxes ? In the real world , enough never seems to be enough when it comes to politicians ’ need for additional money .
"
fr,en.20090203.20.2-306,offline,,63.019,59.06568313900061,0.9372678579317446," Merci Monsieur le Président. Nous avons en effet tous milité pour la fermeture de Guantanamo. Nous sommes tous félicités de la décision du Président Obama de fermer cette prison de la honte. Aujourd'hui, la question d'accueillir les détenus de Guantanamo ne devrait pas se poser à nous. En tant qu'Européens, fidèles à nos valeurs de défense des droits de la personne humaine, nous devons prendre nos responsabilités, car il est de notre devoir d'accueillir ces ex-détenus. Et on a pu lire, et là je m'adresse au Conseil, on a pu lire dans la presse que des États membres n'étaient pas très chauds pour cet accueil. Alors là, je voudrais vraiment lancer un appel au Conseil et vraiment en particulier aux États membres réticents pour qu'ils acceptent de recevoir sur leur territoire ces détenus. Et je vous dirai, chers collègues, que le pire serait que le bel aidant suscité par la fermeture de Guantanamo ne s'enlise parce que nous n'aurions pas répondu présent lorsqu'on aura fait appel à l'Europe. Je vous remercie.","Monsieur le Président , nous avons en effet tous milité pour la fermeture de Guantánamo et nous nous sommes tous félicités de la décision du président Obama de fermer cette prison de la honte .
Aujourd ’ hui , la question d ’ accueillir les détenus de Guantánamo ne devrait pas se poser à nous . En tant qu ’ Européens , fidèles à nos valeurs de défense des droits de la personne humaine , nous devons prendre nos responsabilités car il est de notre devoir d ’ accueillir ces ex-détenus .
On a pu lire – et là je m ’ adresse au Conseil – , on a pu lire dans la presse que des États membres n ’ étaient pas très chauds pour cet accueil . Alors là , je voudrais vraiment lancer un appel au Conseil et en particulier aux États membres réticents pour qu ’ ils acceptent de recevoir ces détenus sur leurs territoires .
Et je vous dirai , chers collègues , que le pire serait que le bel élan suscité par la fermeture de Guantánamo s ’ enlise parce que nous n ’ aurions pas répondu présents lorsqu ’ on aura fait appel à l ’ Europe .
"
fr,en.20090203.20.2-306,streaming,,63.019,60.71800858399729,0.9634873384851758," Merci Monsieur le Président. Nous avons en effet tous milité pour la fermeture de Guantanamo. Nous sommes tous félicités de la décision du Président Obama de fermer cette prison de la honte. Aujourd'hui, la question d'accueillir les détenus de Guantanamo ne devrait pas se poser à nous. En tant qu'Européens, fidèles à nos valeurs de défense des droits de la personne humaine, nous devons prendre nos responsabilités, car il est de notre devoir d'accueillir ces ex-détenus. Et on a pu lire, et là je m'adresse au Conseil, on a pu lire dans la presse que des États membres n'étaient pas très chauds pour cet accueil. Alors là, je voudrais vraiment lancer un appel au Conseil et vraiment en particulier aux États membres réticents pour qu'ils acceptent de recevoir sur leur territoire ces détenus. Et je vous dirai, chers collègues, que le pire serait que le bel aidant suscité par la fermeture de Guantanamo ne s'enlise parce que nous n'aurions pas répondu présent lorsqu'on aura fait appel à l'Europe. Je vous remercie.","Monsieur le Président , nous avons en effet tous milité pour la fermeture de Guantánamo et nous nous sommes tous félicités de la décision du président Obama de fermer cette prison de la honte .
Aujourd ’ hui , la question d ’ accueillir les détenus de Guantánamo ne devrait pas se poser à nous . En tant qu ’ Européens , fidèles à nos valeurs de défense des droits de la personne humaine , nous devons prendre nos responsabilités car il est de notre devoir d ’ accueillir ces ex-détenus .
On a pu lire – et là je m ’ adresse au Conseil – , on a pu lire dans la presse que des États membres n ’ étaient pas très chauds pour cet accueil . Alors là , je voudrais vraiment lancer un appel au Conseil et en particulier aux États membres réticents pour qu ’ ils acceptent de recevoir ces détenus sur leurs territoires .
Et je vous dirai , chers collègues , que le pire serait que le bel élan suscité par la fermeture de Guantánamo s ’ enlise parce que nous n ’ aurions pas répondu présents lorsqu ’ on aura fait appel à l ’ Europe .
"
fr,en.20110310.19.4-272-000,offline,,76.0221875,69.44816164800068,0.9135249054494871," Merci, M. Le Président. A mon tour d'exprimer ma très vive émotion après le lâche assassinat le 2 mars dernier du ministre pakistanais en charge des minorités, de confession chrétienne, M. Bati. Cet assassinat de nature terroriste fait suite à de nombreuses autres assassinats de Pakistanais courageux, tolérants, amoureux des droits de l'homme, défenseurs des droits de l'homme et des droits de la femme, je dois le dire. Alors, encore une fois, nous appelons instamment le gouvernement pakistanais à faire toute la lumière sur ce lâche assassinat et à assurer efficacement, vraiment efficacement, la protection des personnes menacées par les extrémistes religieux fanatiques. Et je pense bien sûr en tout premier lieu, mais pas uniquement, à Mme Sherry Raymond. Et je voulais également, encore une fois, avec vigueur, demander à toutes les institutions compétentes de l'Union européenne d'inclure dans les négociations en vue de préparer les futurs accords de coopération, notamment l'accord de coopération entre l'UE et le Pakistan, une clause de respect de la liberté religieuse et de respect des droits de l'homme. Je vous remercie.","Monsieur le Président , à mon tour d ’ exprimer ma très vive émotion après le lâche assassinat , le 2 mars dernier , du ministre pakistanais en charge des minorités de confession chrétienne , M. Bahti .
Cet assassinat de nature terroriste fait suite à de nombreux autres assassinats de Pakistanais courageux , tolérants , amoureux des droits de l ’ homme , défenseurs des droits de l ’ homme et des droits de la femme , je dois le dire .
Encore une fois , nous appelons instamment le gouvernement pakistanais à faire toute la lumière sur ce lâche assassinat et à assurer vraiment efficacement la protection des personnes menacées par les extrémistes religieux fanatiques . Et je pense , bien sûr , en tout premier lieu mais pas uniquement , à Mme Sherry Rehman .
Je voulais également , encore une fois avec vigueur , demander à toutes les institutions compétentes de l ’ Union européenne d ’ inclure dans les négociations en vue de préparer les futurs accords de coopération , notamment l ’ accord de coopération entre l ’ Union et le Pakistan , une clause de respect de la liberté religieuse et de respect des droits de l ’ homme .
"
fr,en.20110310.19.4-272-000,streaming,,76.0221875,72.3569160549996,0.9517868195386985," Merci, M. Le Président. A mon tour d'exprimer ma très vive émotion après le lâche assassinat le 2 mars dernier du ministre pakistanais en charge des minorités, de confession chrétienne, M. Bati. Cet assassinat de nature terroriste fait suite à de nombreuses autres assassinats de Pakistanais courageux, tolérants, amoureux des droits de l'homme, défenseurs des droits de l'homme et des droits de la femme, je dois le dire. Alors, encore une fois, nous appelons instamment le gouvernement pakistanais à faire toute la lumière sur ce lâche assassinat et à assurer efficacement, vraiment efficacement, la protection des personnes menacées par les extrémistes religieux fanatiques. Et je pense bien sûr en tout premier lieu, mais pas uniquement, à Mme Sherry Raymond. Et je voulais également, encore une fois, avec vigueur, demander à toutes les institutions compétentes de l'Union européenne d'inclure dans les négociations en vue de préparer les futurs accords de coopération, notamment l'accord de coopération entre l'UE et le Pakistan, une clause de respect de la liberté religieuse et de respect des droits de l'homme. Je vous remercie.","Monsieur le Président , à mon tour d ’ exprimer ma très vive émotion après le lâche assassinat , le 2 mars dernier , du ministre pakistanais en charge des minorités de confession chrétienne , M. Bahti .
Cet assassinat de nature terroriste fait suite à de nombreux autres assassinats de Pakistanais courageux , tolérants , amoureux des droits de l ’ homme , défenseurs des droits de l ’ homme et des droits de la femme , je dois le dire .
Encore une fois , nous appelons instamment le gouvernement pakistanais à faire toute la lumière sur ce lâche assassinat et à assurer vraiment efficacement la protection des personnes menacées par les extrémistes religieux fanatiques . Et je pense , bien sûr , en tout premier lieu mais pas uniquement , à Mme Sherry Rehman .
Je voulais également , encore une fois avec vigueur , demander à toutes les institutions compétentes de l ’ Union européenne d ’ inclure dans les négociations en vue de préparer les futurs accords de coopération , notamment l ’ accord de coopération entre l ’ Union et le Pakistan , une clause de respect de la liberté religieuse et de respect des droits de l ’ homme .
"
fr,en.20110119.24.3-500-000,offline,,63.99425,59.07742824799789,0.9231677572281555," Monsieur le Président, mes chers collègues, Madame la haute représentante, nous sommes tous d'accord pour dire que la situation dans la région du Sahel s'est considérablement dégradée. Et laisser s'installer une zone de non-droit au port de l'Europe est un danger que nous devons combattre fermement et sans attendre. Des groupes extrémistes se multiplient et menacent la vie des populations civiles. A mon tour, je déplore les pertes en vie humaine et les prises d'otages et m'inquiète pour les ressortissants européens sur place. Jusqu'à présent, le Maroc était un rempart contre les trafics en tout genre en provenance du Sahel. Or, désormais, les trafiquants de drogue, d'armes ou d'êtres humains contournent le Maroc en passant par la Mauritanie vers les îles Canaries en direction de l'Union européenne. Il est de la responsabilité, me semble-t-il, de l'Union européenne d'agir pour aider ces États à mettre un terme à ces menaces. La sécurité de l'Europe se joue sur notre territoire, mais aussi dans son voisinage direct. Il est temps pour nous d'agir et je demande à la Commission et au Conseil de mettre en œuvre un plan d'action pour aider au retour à la sécurité au Sahel.","Monsieur le Président , chers collègues , Madame la Haute représentante , nous sommes tous d ’ accord pour dire que la situation dans la région du Sahel s ’ est considérablement dégradée . Laisser s ’ installer une zone de non-droit aux portes de l ’ Europe est un danger que nous devons combattre fermement et sans attendre . Les groupes extrémistes se multiplient et menacent la vie des populations civiles .
À mon tour , je déplore les pertes en vies humaines et les prises d ’ otages et m ’ inquiète pour les ressortissants européens sur place . Jusqu ’ à présent , le Maroc était un rempart contre les trafics en tous genres en provenance du Sahel . Désormais , les trafiquants de drogue , d ’ armes ou d ’ êtres humains contournent le Maroc en passant par la Mauritanie , vers les îles Canaries en direction de l ’ Union européenne . Il est de la responsabilité , me semble-t-il , de l ’ Union européenne d ’ agir pour aider ces États à mettre un terme à ces menaces .
La sécurité de l ’ Europe se joue sur notre territoire mais aussi dans son voisinage direct . Il est temps pour nous d ’ agir , et je demande à la Commission et au Conseil de mettre en œuvre un plan d ’ action pour aider au retour à la sécurité au Sahel .
"
fr,en.20110119.24.3-500-000,streaming,,63.99425,59.95083416000125,0.9368159508081," Monsieur le Président, mes chers collègues, Madame la haute représentante, nous sommes tous d'accord pour dire que la situation dans la région du Sahel s'est considérablement dégradée. Et laisser s'installer une zone de non-droit au port de l'Europe est un danger que nous devons combattre fermement et sans attendre. Des groupes extrémistes se multiplient et menacent la vie des populations civiles. A mon tour, je déplore les pertes en vie humaine et les prises d'otages et m'inquiète pour les ressortissants européens sur place. Jusqu'à présent, le Maroc était un rempart contre les trafics en tout genre en provenance du Sahel. Or, désormais, les trafiquants de drogue, d'armes ou d'êtres humains contournent le Maroc en passant par la Mauritanie vers les îles Canaries en direction de l'Union européenne. Il est de la responsabilité, me semble-t-il, de l'Union européenne d'agir pour aider ces États à mettre un terme à ces menaces. La sécurité de l'Europe se joue sur notre territoire, mais aussi dans son voisinage direct. Il est temps pour nous d'agir et je demande à la Commission et au Conseil de mettre en œuvre un plan d'action pour aider au retour à la sécurité au Sahel.","Monsieur le Président , chers collègues , Madame la Haute représentante , nous sommes tous d ’ accord pour dire que la situation dans la région du Sahel s ’ est considérablement dégradée . Laisser s ’ installer une zone de non-droit aux portes de l ’ Europe est un danger que nous devons combattre fermement et sans attendre . Les groupes extrémistes se multiplient et menacent la vie des populations civiles .
À mon tour , je déplore les pertes en vies humaines et les prises d ’ otages et m ’ inquiète pour les ressortissants européens sur place . Jusqu ’ à présent , le Maroc était un rempart contre les trafics en tous genres en provenance du Sahel . Désormais , les trafiquants de drogue , d ’ armes ou d ’ êtres humains contournent le Maroc en passant par la Mauritanie , vers les îles Canaries en direction de l ’ Union européenne . Il est de la responsabilité , me semble-t-il , de l ’ Union européenne d ’ agir pour aider ces États à mettre un terme à ces menaces .
La sécurité de l ’ Europe se joue sur notre territoire mais aussi dans son voisinage direct . Il est temps pour nous d ’ agir , et je demande à la Commission et au Conseil de mettre en œuvre un plan d ’ action pour aider au retour à la sécurité au Sahel .
"
fr,en.20120611.19.1-081-000,offline,,66.0375625,62.33485960500184,0.9439303518357728," Monsieur le Président, chers collègues, face aux profondes mutations auxquelles notre monde est sujet aujourd'hui, L'UE se doit de réformer son système de préférence généralisé. Comme tout compromis, celui-ci ne déroge pas à la règle. Si les satisfaisants d'un point de vue strictement commercial, il est loin d'être parfait. Quand nous devons garder à l'esprit que ce règlement s'adresse aux pays en développement, en développant son nouveau paradigme de la différenciation, la Commission dit vouloir recentrer son action en faveur des pays les plus pauvres. Cela ne semble tout à fait soutenable à première vue, Pour ce faire, la Commission a néanmoins développé une vision strictement comptable basée sur le seul critère du PIB par habitant. On voit bien la limite de cette approche. Quid des nombreux pays en développement à revenu moyen, dont les économies sont peu diversifiées et qui sont vulnérables aux aléas climatiques? Le compromis trouvé avec le Conseil ne répond pas à cette question et c'est pour cela que j'appelle les collègues à voter en faveur des trois amendements qui seront déposés sur ce texte.","Madame la Présidente , chers collègues , face aux profondes mutations auxquelles notre monde est sujet aujourd' hui , l' Union européenne se doit de réformer son système de préférences généralisées .
Comme tout compromis , celui-ci ne déroge pas à la règle . S' il est satisfaisant d' un point de vue strictement commercial , il est loin d' être parfait , car nous devons garder à l' esprit que ce règlement s' adresse aux pays en développement .
En développant son nouveau paradigme de la différenciation , la Commission dit vouloir recentrer son action en faveur des pays les plus pauvres . Cela nous semble tout à fait soutenable à première vue .
Pour ce faire , la Commission a néanmoins développé une vision strictement comptable basée sur le seul critère du PIB par habitant . On voit bien la limite de cette approche . Quid des nombreux pays en développement à revenus moyens dont les économies sont peu diversifiées et qui sont vulnérables aux aléas climatiques ?
Le compromis trouvé avec le Conseil ne répond pas à cette question et c' est pour cela que j' appelle les collègues à voter en faveur des trois amendements qui seront déposés sur ce texte .
"
fr,en.20120611.19.1-081-000,streaming,,66.0375625,62.04280629300047,0.9395078186448881," Monsieur le Président, chers collègues, face aux profondes mutations auxquelles notre monde est sujet aujourd'hui, L'UE se doit de réformer son système de préférence généralisé. Comme tout compromis, celui-ci ne déroge pas à la règle. Si les satisfaisants d'un point de vue strictement commercial, il est loin d'être parfait. Quand nous devons garder à l'esprit que ce règlement s'adresse aux pays en développement, en développant son nouveau paradigme de la différenciation, la Commission dit vouloir recentrer son action en faveur des pays les plus pauvres. Cela ne semble tout à fait soutenable à première vue, Pour ce faire, la Commission a néanmoins développé une vision strictement comptable basée sur le seul critère du PIB par habitant. On voit bien la limite de cette approche. Quid des nombreux pays en développement à revenu moyen, dont les économies sont peu diversifiées et qui sont vulnérables aux aléas climatiques? Le compromis trouvé avec le Conseil ne répond pas à cette question et c'est pour cela que j'appelle les collègues à voter en faveur des trois amendements qui seront déposés sur ce texte.","Madame la Présidente , chers collègues , face aux profondes mutations auxquelles notre monde est sujet aujourd' hui , l' Union européenne se doit de réformer son système de préférences généralisées .
Comme tout compromis , celui-ci ne déroge pas à la règle . S' il est satisfaisant d' un point de vue strictement commercial , il est loin d' être parfait , car nous devons garder à l' esprit que ce règlement s' adresse aux pays en développement .
En développant son nouveau paradigme de la différenciation , la Commission dit vouloir recentrer son action en faveur des pays les plus pauvres . Cela nous semble tout à fait soutenable à première vue .
Pour ce faire , la Commission a néanmoins développé une vision strictement comptable basée sur le seul critère du PIB par habitant . On voit bien la limite de cette approche . Quid des nombreux pays en développement à revenus moyens dont les économies sont peu diversifiées et qui sont vulnérables aux aléas climatiques ?
Le compromis trouvé avec le Conseil ne répond pas à cette question et c' est pour cela que j' appelle les collègues à voter en faveur des trois amendements qui seront déposés sur ce texte .
"
fr,en.20111117.4.4-086-000,offline,,69.00975,66.35260902799928,0.9614961513119419," Oui, merci M. Le Président. Je voudrais dire qu'en grande partie, grâce à ces régions ultra-périphériques, l'Union européenne est la première puissance maritime mondiale. C'est là un atout majeur pour l'Europe aussi, l'élaboration et la mise en œuvre d'une grande politique de la mer, des océans et des fonds marins sont essentielles pour demain. Mais je crains qu'avec 20 ou 50 millions d'euros, cela ne soit pas nécessaire, suffisant pour réaliser ce grand défi. La lutte contre la pêche illégale, fait partie de cette grande politique. Et il est urgent, au niveau européen, de trouver une solution adéquate à ce problème, notamment dans le cadre d'une coopération internationale. Je signale par ailleurs que les zones maritimes de la Guadeloupe, de la Guyane, de la Martinique, de Mayotte et de la Réunion sont régulièrement violées et pillées. Comme le rapport n'en fait pas état, je profite de cette occasion pour attirer l'attention de mes collègues et de la Commission sur ce problème particulier.","Monsieur le Président , je voudrais dire qu' en grande partie , grâce à ses régions ultrapériphériques , l' Union européenne est la première puissance maritime mondiale . C' est là un atout majeur pour l' Europe , aussi l' élaboration et la mise en œuvre d' une grande politique de la mer , des océans et des fonds marins sont essentielles pour demain . Mais je crains que , avec 20 ou 50 millions d' euros , cela ne soit pas suffisant pour réaliser ce grand défi . La lutte contre la pêche illégale fait partie de cette grande politique et il est urgent , au niveau européen , de trouver une solution adéquate à ce problème , notamment dans le cadre d' une coopération internationale .
Je signale , par ailleurs , que les zones maritimes de la Guadeloupe , de la Guyane , de la Martinique , de Mayotte et de la Réunion sont régulièrement violées et pillées . Comme le rapport n' en fait pas état , je profite de cette occasion pour attirer l' attention de mes collègues et de la Commission sur ce problème particulier .
"
fr,en.20111117.4.4-086-000,streaming,,69.00975,66.52976547000071,0.9640632732331404," Oui, merci M. Le Président. Je voudrais dire qu'en grande partie, grâce à ces régions ultra-périphériques, l'Union européenne est la première puissance maritime mondiale. C'est là un atout majeur pour l'Europe aussi, l'élaboration et la mise en œuvre d'une grande politique de la mer, des océans et des fonds marins sont essentielles pour demain. Mais je crains qu'avec 20 ou 50 millions d'euros, cela ne soit pas nécessaire, suffisant pour réaliser ce grand défi. La lutte contre la pêche illégale, fait partie de cette grande politique. Et il est urgent, au niveau européen, de trouver une solution adéquate à ce problème, notamment dans le cadre d'une coopération internationale. Je signale par ailleurs que les zones maritimes de la Guadeloupe, de la Guyane, de la Martinique, de Mayotte et de la Réunion sont régulièrement violées et pillées. Comme le rapport n'en fait pas état, je profite de cette occasion pour attirer l'attention de mes collègues et de la Commission sur ce problème particulier.","Monsieur le Président , je voudrais dire qu' en grande partie , grâce à ses régions ultrapériphériques , l' Union européenne est la première puissance maritime mondiale . C' est là un atout majeur pour l' Europe , aussi l' élaboration et la mise en œuvre d' une grande politique de la mer , des océans et des fonds marins sont essentielles pour demain . Mais je crains que , avec 20 ou 50 millions d' euros , cela ne soit pas suffisant pour réaliser ce grand défi . La lutte contre la pêche illégale fait partie de cette grande politique et il est urgent , au niveau européen , de trouver une solution adéquate à ce problème , notamment dans le cadre d' une coopération internationale .
Je signale , par ailleurs , que les zones maritimes de la Guadeloupe , de la Guyane , de la Martinique , de Mayotte et de la Réunion sont régulièrement violées et pillées . Comme le rapport n' en fait pas état , je profite de cette occasion pour attirer l' attention de mes collègues et de la Commission sur ce problème particulier .
"
fr,en.20091214.14.1-045,offline,,67.0128125,62.054234504001215,0.9260055232572312," Monsieur le Président, je voudrais revenir sur un événement récent La votation suisse sur les minarets. Certes, ce vote s'est produit dans un État non membre de l'Union européenne, Mais il est évident qu'il touche à une question qui ne nous est pas étrangère. Je souhaite revenir sur cet événement car j'y vois aussi le prétexte de parler de laïcité et on ne parle jamais trop de laïcité dans cette enceinte. Il est nécessaire et urgent que le principe de laïcité domine l'organisation de notre société. Et je voudrais dire ici des choses simples. Tout d'abord, que le principe contraire de la laïcité, ce n'est pas la religiosité, ou encore moins la spiritualité. Le principe contraire à la laïcité, c'est le communautarisme religieux, qui édicte des règles et des lois supérieures aux lois civiles. Le communautarisme qui enferme des individus dans des groupes infrasociétals. Notre union, par son histoire, est multiculturelle et multiethnique. Elle sera de plus en plus. Et seule la laïcité peut permettre à des individus...","Monsieur le Président , je voudrais revenir sur un événement récent , la votation suisse sur les minarets . Certes , ce vote s ’ est produit dans un État non membre de l ’ Union européenne , mais il est évident qu ’ il touche à une question qui ne nous est pas étrangère .
Je souhaite revenir sur cet événement car j ’ y vois aussi le prétexte de parler de laïcité , et on ne parle jamais trop de laïcité dans cette enceinte . Il est nécessaire et urgent que le principe de laïcité domine l ’ organisation de notre société , et je voudrais dire ici des choses simples .
Tout d ’ abord , le principe contraire de la laïcité , ce n ’ est pas la religiosité ou encore moins la spiritualité . Le principe contraire à la laïcité , c ’ est le communautarisme religieux qui édicte des règles et des lois supérieures aux lois civiles , le communautarisme qui enferme des individus dans des groupes infra-sociétaux .
Notre Union , par son histoire , est multiculturelle et multiethnique . Elle l ’ est et le sera de plus en plus , et seule la laïcité peut permettre à des individus émancipés de leur communauté de vivre et de s ’ épanouir .
"
fr,en.20091214.14.1-045,streaming,,67.0128125,61.57315968599869,0.9188266749138263," Monsieur le Président, je voudrais revenir sur un événement récent La votation suisse sur les minarets. Certes, ce vote s'est produit dans un État non membre de l'Union européenne, Mais il est évident qu'il touche à une question qui ne nous est pas étrangère. Je souhaite revenir sur cet événement car j'y vois aussi le prétexte de parler de laïcité et on ne parle jamais trop de laïcité dans cette enceinte. Il est nécessaire et urgent que le principe de laïcité domine l'organisation de notre société. Et je voudrais dire ici des choses simples. Tout d'abord, que le principe contraire de la laïcité, ce n'est pas la religiosité, ou encore moins la spiritualité. Le principe contraire à la laïcité, c'est le communautarisme religieux, qui édicte des règles et des lois supérieures aux lois civiles. Le communautarisme qui enferme des individus dans des groupes infrasociétals. Notre union, par son histoire, est multiculturelle et multiethnique. Elle sera de plus en plus. Et seule la laïcité peut permettre à des individus...","Monsieur le Président , je voudrais revenir sur un événement récent , la votation suisse sur les minarets . Certes , ce vote s ’ est produit dans un État non membre de l ’ Union européenne , mais il est évident qu ’ il touche à une question qui ne nous est pas étrangère .
Je souhaite revenir sur cet événement car j ’ y vois aussi le prétexte de parler de laïcité , et on ne parle jamais trop de laïcité dans cette enceinte . Il est nécessaire et urgent que le principe de laïcité domine l ’ organisation de notre société , et je voudrais dire ici des choses simples .
Tout d ’ abord , le principe contraire de la laïcité , ce n ’ est pas la religiosité ou encore moins la spiritualité . Le principe contraire à la laïcité , c ’ est le communautarisme religieux qui édicte des règles et des lois supérieures aux lois civiles , le communautarisme qui enferme des individus dans des groupes infra-sociétaux .
Notre Union , par son histoire , est multiculturelle et multiethnique . Elle l ’ est et le sera de plus en plus , et seule la laïcité peut permettre à des individus émancipés de leur communauté de vivre et de s ’ épanouir .
"
fr,en.20120419.24.4-622-000,offline,,78.0190625,73.57962474599844,0.9430980376878848," Merci, M. Le Président, M. Le Commissaire, mes chers collègues. Je me félicite que ce budget rectificatif concernant le financement d'ITER qui a été voté à une large majorité en commission des budgets le 29 mars dernier. En finançant ce surcoût, nous évitons de jeter aux orties un projet stratégique de recherche fondamentale dans lequel l'Union européenne joue un rôle de premier plan et nous honorons nos promesses internationales. Rappelons qu'aucun des sept partenaires de la communauté Euratom n'a remis en cause sa contribution globale au projet. Le Japon, malgré le drame de Fukushima, a décidé de respecter scrupuleusement ses engagements budgétaires dans ITER. Sans cet accord, des centaines de chercheurs auraient dû suspendre leurs travaux. Et le projet ITER aurait connu des retards préjudiciables. Aujourd'hui, un millier de personnes travaillent pour ITER à Cadarache. Dès 2015 et jusqu'en 2017-2018, la phase de construction des bâtiments et d'assemblage de la machine pourrait mobiliser jusqu'à 4 500 personnes sur ce site. Pour conclure, M. Le Président, ITER est une fierté pour l'Europe et le symbole de notre excellence.","Monsieur le Président , Monsieur le Commissaire , mes chers collègues , je me félicite de ce que ce budget rectificatif concernant le financement d' ITER ait été adopté à une large majorité en commission des budgets le 29 mars dernier . En finançant ce surcoût , nous évitons de jeter aux orties un projet stratégique de recherche fondamentale dans lequel l' Union européenne joue un rôle de premier plan et nous honorons nos promesses internationales .
Rappelons qu' aucun des sept partenaires de la communauté EURATOM n' a remis en cause sa contribution globale au projet . Le Japon , malgré le drame de Fukushima , a décidé de respecter scrupuleusement ses engagements budgétaires dans ITER . Sans cet accord , des centaines de chercheurs auraient dû suspendre leurs travaux et le projet ITER aurait connu des retards préjudiciables . Aujourd' hui , un millier de personnes travaillent pour ITER à Cadarache . Dès 2015 et jusqu' en 2017-2018 , la phase de construction des bâtiments et d' assemblage de la machine pourrait mobiliser jusqu' à 4 ou 5 000 personnes sur ce site .
Pour conclure , Monsieur le Président , ITER est une fierté pour l' Europe et le symbole de notre excellence .
"
fr,en.20120419.24.4-622-000,streaming,,78.0190625,74.89415261999966,0.9599468414530059," Merci, M. Le Président, M. Le Commissaire, mes chers collègues. Je me félicite que ce budget rectificatif concernant le financement d'ITER qui a été voté à une large majorité en commission des budgets le 29 mars dernier. En finançant ce surcoût, nous évitons de jeter aux orties un projet stratégique de recherche fondamentale dans lequel l'Union européenne joue un rôle de premier plan et nous honorons nos promesses internationales. Rappelons qu'aucun des sept partenaires de la communauté Euratom n'a remis en cause sa contribution globale au projet. Le Japon, malgré le drame de Fukushima, a décidé de respecter scrupuleusement ses engagements budgétaires dans ITER. Sans cet accord, des centaines de chercheurs auraient dû suspendre leurs travaux. Et le projet ITER aurait connu des retards préjudiciables. Aujourd'hui, un millier de personnes travaillent pour ITER à Cadarache. Dès 2015 et jusqu'en 2017-2018, la phase de construction des bâtiments et d'assemblage de la machine pourrait mobiliser jusqu'à 4 500 personnes sur ce site. Pour conclure, M. Le Président, ITER est une fierté pour l'Europe et le symbole de notre excellence.","Monsieur le Président , Monsieur le Commissaire , mes chers collègues , je me félicite de ce que ce budget rectificatif concernant le financement d' ITER ait été adopté à une large majorité en commission des budgets le 29 mars dernier . En finançant ce surcoût , nous évitons de jeter aux orties un projet stratégique de recherche fondamentale dans lequel l' Union européenne joue un rôle de premier plan et nous honorons nos promesses internationales .
Rappelons qu' aucun des sept partenaires de la communauté EURATOM n' a remis en cause sa contribution globale au projet . Le Japon , malgré le drame de Fukushima , a décidé de respecter scrupuleusement ses engagements budgétaires dans ITER . Sans cet accord , des centaines de chercheurs auraient dû suspendre leurs travaux et le projet ITER aurait connu des retards préjudiciables . Aujourd' hui , un millier de personnes travaillent pour ITER à Cadarache . Dès 2015 et jusqu' en 2017-2018 , la phase de construction des bâtiments et d' assemblage de la machine pourrait mobiliser jusqu' à 4 ou 5 000 personnes sur ce site .
Pour conclure , Monsieur le Président , ITER est une fierté pour l' Europe et le symbole de notre excellence .
"
fr,en.20120703.21.2-492-000,offline,,71.006625,65.09617315799915,0.9167619663376361," Merci Monsieur le Président. Bon, à cette heure, beaucoup de choses ont été dites. Alors, Monsieur le Commissaire, moi pour ma part, je voudrais vous remercier très chaleureusement. Grâce à votre obstination, à vos ruses de procédure, vous nous permettez de prouver l'importance du Parlement européen comme co-législateur. Merci, M. Le Commissaire, d'avoir poussé des centaines de milliers de citoyens à descendre dans la rue et 2,8 millions à signer des pétitions. Ils ont découvert que la démocratie se joue ici, que les élus européens sont les représentants du peuple, leurs représentants. Merci encore pour les millions d'internautes qui ont suivi les débats et les votes en commission et qui nous suivent encore aujourd'hui, je les salue. C'est un air d'air frais dans nos institutions, trop souvent perçues comme technocratiques. Merci, M. Le Commissaire, mais en démocratie, il est aussi un autre principe. C'est le principe fondamental, celui de la responsabilité. Demain, nous prendrons notre responsabilité et j'aimerais demain vous remercier aussi d'assumer votre responsabilité, votre échec, l'échec de votre méthode de travail.","Monsieur le Président , à cette heure , beaucoup de choses ont été dites .
Monsieur le Commissaire , pour ma part , je voudrais vous remercier très chaleureusement . Grâce à votre obstination , à vos ruses de procédure , vous nous permettez de prouver l' importance du Parlement européen comme colégislateur .
Merci , Monsieur le Commissaire , d' avoir poussé des centaines de milliers de citoyens à descendre dans la rue et 2,8 millions de personnes à signer des pétitions . Ils ont découvert que la démocratie se joue ici , que les élus européens sont les représentants du peuple , leurs représentants .
Merci encore pour les millions d' internautes qui ont suivi les débats et les votes en commission et qui nous suivent encore aujourd' hui . Je les salue ! C' est un souffle d' air frais dans nos institutions trop souvent perçues comme technocratiques .
Je vous remercie , Monsieur le Commissaire , mais en démocratie , il est aussi un autre principe . C' est le principe fondamental , celui de la responsabilité . Demain , nous prendrons notre responsabilité et j' aimerais , demain , pouvoir vous remercier aussi d' assumer votre responsabilité , votre échec , l' échec de votre méthode de travail .
"
fr,en.20120703.21.2-492-000,streaming,,71.006625,65.53261195300001,0.9229084180947906," Merci Monsieur le Président. Bon, à cette heure, beaucoup de choses ont été dites. Alors, Monsieur le Commissaire, moi pour ma part, je voudrais vous remercier très chaleureusement. Grâce à votre obstination, à vos ruses de procédure, vous nous permettez de prouver l'importance du Parlement européen comme co-législateur. Merci, M. Le Commissaire, d'avoir poussé des centaines de milliers de citoyens à descendre dans la rue et 2,8 millions à signer des pétitions. Ils ont découvert que la démocratie se joue ici, que les élus européens sont les représentants du peuple, leurs représentants. Merci encore pour les millions d'internautes qui ont suivi les débats et les votes en commission et qui nous suivent encore aujourd'hui, je les salue. C'est un air d'air frais dans nos institutions, trop souvent perçues comme technocratiques. Merci, M. Le Commissaire, mais en démocratie, il est aussi un autre principe. C'est le principe fondamental, celui de la responsabilité. Demain, nous prendrons notre responsabilité et j'aimerais demain vous remercier aussi d'assumer votre responsabilité, votre échec, l'échec de votre méthode de travail.","Monsieur le Président , à cette heure , beaucoup de choses ont été dites .
Monsieur le Commissaire , pour ma part , je voudrais vous remercier très chaleureusement . Grâce à votre obstination , à vos ruses de procédure , vous nous permettez de prouver l' importance du Parlement européen comme colégislateur .
Merci , Monsieur le Commissaire , d' avoir poussé des centaines de milliers de citoyens à descendre dans la rue et 2,8 millions de personnes à signer des pétitions . Ils ont découvert que la démocratie se joue ici , que les élus européens sont les représentants du peuple , leurs représentants .
Merci encore pour les millions d' internautes qui ont suivi les débats et les votes en commission et qui nous suivent encore aujourd' hui . Je les salue ! C' est un souffle d' air frais dans nos institutions trop souvent perçues comme technocratiques .
Je vous remercie , Monsieur le Commissaire , mais en démocratie , il est aussi un autre principe . C' est le principe fondamental , celui de la responsabilité . Demain , nous prendrons notre responsabilité et j' aimerais , demain , pouvoir vous remercier aussi d' assumer votre responsabilité , votre échec , l' échec de votre méthode de travail .
"
fr,en.20091214.14.1-057,offline,,67.9880625,63.74659694600268,0.9376145547021977," Baudis, M. Le Président. Baudis. Merci. Le programme César qui vise à moderniser la gestion du trafic aérien en Europe, est un projet majeur. Comment la Commission va-t-elle préparer la prochaine phase de redéploiement de César, et notamment le financement de ce programme, essentiel pour l'environnement comme pour notre rayonnement scientifique et technique? La Commission va-t-elle suivre les recommandations du rapport remis en 2007 selon lequel une personnalité qualifiée de haut niveau devrait assurer le suivi politique de ce programme? En effet, il va exiger de surmonter de nombreux obstacles juridiques, psychologiques, techniques, en unifiant les espaces aériens nationaux et en faisant travailler ensemble les contrôleurs des différents pays. Si l'Europe n'était pas capable d'unifier son ciel, comment serait-elle capable de construire un ensemble politique fort?","Monsieur le Président , le programme CESAR , qui vise à moderniser la gestion du trafic aérien en Europe , est un projet majeur .
Comment la Commission va-t-elle préparer la prochaine phase de redéploiement de CESAR , et notamment le financement de ce programme essentiel pour l ’ environnement comme pour notre rayonnement scientifique et technique ? La Commission va-t-elle suivre les recommandations du rapport remis en 2007 , selon lequel une personnalité qualifiée de haut niveau devrait assurer le suivi politique de ce programme ? En effet , il va exiger de surmonter de nombreux obstacles – juridiques , psychologiques , techniques – en unifiant les espaces aériens nationaux et en faisant travailler ensemble les contrôleurs des différents pays .
Si l ’ Europe n ’ était pas capable d ’ unifier son ciel , comment serait-elle capable de construire un ensemble politique fort ?
"
fr,en.20091214.14.1-057,streaming,,67.9880625,64.58716821399867,0.9499780673114294," Baudis, M. Le Président. Baudis. Merci. Le programme César qui vise à moderniser la gestion du trafic aérien en Europe, est un projet majeur. Comment la Commission va-t-elle préparer la prochaine phase de redéploiement de César, et notamment le financement de ce programme, essentiel pour l'environnement comme pour notre rayonnement scientifique et technique? La Commission va-t-elle suivre les recommandations du rapport remis en 2007 selon lequel une personnalité qualifiée de haut niveau devrait assurer le suivi politique de ce programme? En effet, il va exiger de surmonter de nombreux obstacles juridiques, psychologiques, techniques, en unifiant les espaces aériens nationaux et en faisant travailler ensemble les contrôleurs des différents pays. Si l'Europe n'était pas capable d'unifier son ciel, comment serait-elle capable de construire un ensemble politique fort?","Monsieur le Président , le programme CESAR , qui vise à moderniser la gestion du trafic aérien en Europe , est un projet majeur .
Comment la Commission va-t-elle préparer la prochaine phase de redéploiement de CESAR , et notamment le financement de ce programme essentiel pour l ’ environnement comme pour notre rayonnement scientifique et technique ? La Commission va-t-elle suivre les recommandations du rapport remis en 2007 , selon lequel une personnalité qualifiée de haut niveau devrait assurer le suivi politique de ce programme ? En effet , il va exiger de surmonter de nombreux obstacles – juridiques , psychologiques , techniques – en unifiant les espaces aériens nationaux et en faisant travailler ensemble les contrôleurs des différents pays .
Si l ’ Europe n ’ était pas capable d ’ unifier son ciel , comment serait-elle capable de construire un ensemble politique fort ?
"
fr,en.20091021.2.3-069,offline,,78.0190625,70.20205392299977,0.8998064277303994," Merci, M. Le Président. J'aimerais intervenir dans la même lignée que mon intervention d'hier sur la préparation du sommet de Copenhague et suite d'ailleurs à la réunion écofine d'hier qui a quand même été couronnée de succès. Je vous ai interpellé sur la responsabilité que nous avions en tant que pays industrialisé de faire en sorte que les pays en développement puissent nous suivre dans nos efforts de lutte contre le changement climatique. A Copenhague, nous ne pouvons faire comme si nous avions tous les mêmes capacités. Sinon, ça voudrait dire qu'on part tous du même point pour arriver finalement à rien. Donc pour convaincre nos partenaires en développement de nous rejoindre, il faudra évidemment aborder la question de l'aide qui doit leur être accordée et ne pas attendre l'issue du sommet de Copenhague. Lors du prochain Conseil européen, les 27 devront absolument se mettre d'accord sur la manière dont l'Union européenne conçoit l'aide aux pays en développement dans le contexte important du changement climatique. Hier, je le disais, le conseiller Coffin des ministres des Finances n'ont pas réussi à trouver une position commune sur cette problématique. Pourtant, nous savons que cette question est absolument centrale. La Commission européenne avait déjà fait des propositions. Je souhaite absolument que nous prenions les devants pour entraîner nos partenaires vers une solidarité mondiale nécessaire pour arriver à surmonter ce problème de changement climatique.","Monsieur le Président , j ’ aimerais intervenir dans la lignée de mon intervention d ’ hier sur la préparation du sommet de Copenhague , et suite , d ’ ailleurs , à la réunion Ecofin d ’ hier , qui n ’ a pas été couronnée de succès .
Je vous interpellais sur la responsabilité que nous avions en tant que pays industrialisés de faire en sorte que les pays en développement puissent nous suivre dans nos efforts de lutte contre le changement climatique .
À Copenhague , nous ne pouvons faire comme si nous avions tous les mêmes capacités , sinon cela voudrait dire que l ’ on part tous du même point pour arriver finalement à rien . Donc , pour convaincre nos partenaires en développement de nous rejoindre , il faudra évidemment aborder la question de l ’ aide qui doit leur être accordée et ne pas attendre l ’ issue du sommet de Copenhague .
Lors du prochain Conseil européen , les 27 devront absolument se mettre d ’ accord sur la manière dont l ’ Union européenne conçoit l ’ aide aux pays en développement , dans le contexte important du changement climatique .
Hier donc , je le disais , le Conseil Ecofin des ministres des finances n ’ a pas réussi à trouver une position commune sur cette problématique . Pourtant , nous savons que cette question est absolument centrale . La Commission européenne avait déjà fait des propositions , je souhaite absolument que nous prenions les devants pour entraîner nos partenaires vers une solidarité mondiale nécessaire pour arriver à surmonter ce problème de changement climatique .
"
fr,en.20091021.2.3-069,streaming,,78.0190625,68.55855111900019,0.8787410271560259," Merci, M. Le Président. J'aimerais intervenir dans la même lignée que mon intervention d'hier sur la préparation du sommet de Copenhague et suite d'ailleurs à la réunion écofine d'hier qui a quand même été couronnée de succès. Je vous ai interpellé sur la responsabilité que nous avions en tant que pays industrialisé de faire en sorte que les pays en développement puissent nous suivre dans nos efforts de lutte contre le changement climatique. A Copenhague, nous ne pouvons faire comme si nous avions tous les mêmes capacités. Sinon, ça voudrait dire qu'on part tous du même point pour arriver finalement à rien. Donc pour convaincre nos partenaires en développement de nous rejoindre, il faudra évidemment aborder la question de l'aide qui doit leur être accordée et ne pas attendre l'issue du sommet de Copenhague. Lors du prochain Conseil européen, les 27 devront absolument se mettre d'accord sur la manière dont l'Union européenne conçoit l'aide aux pays en développement dans le contexte important du changement climatique. Hier, je le disais, le conseiller Coffin des ministres des Finances n'ont pas réussi à trouver une position commune sur cette problématique. Pourtant, nous savons que cette question est absolument centrale. La Commission européenne avait déjà fait des propositions. Je souhaite absolument que nous prenions les devants pour entraîner nos partenaires vers une solidarité mondiale nécessaire pour arriver à surmonter ce problème de changement climatique.","Monsieur le Président , j ’ aimerais intervenir dans la lignée de mon intervention d ’ hier sur la préparation du sommet de Copenhague , et suite , d ’ ailleurs , à la réunion Ecofin d ’ hier , qui n ’ a pas été couronnée de succès .
Je vous interpellais sur la responsabilité que nous avions en tant que pays industrialisés de faire en sorte que les pays en développement puissent nous suivre dans nos efforts de lutte contre le changement climatique .
À Copenhague , nous ne pouvons faire comme si nous avions tous les mêmes capacités , sinon cela voudrait dire que l ’ on part tous du même point pour arriver finalement à rien . Donc , pour convaincre nos partenaires en développement de nous rejoindre , il faudra évidemment aborder la question de l ’ aide qui doit leur être accordée et ne pas attendre l ’ issue du sommet de Copenhague .
Lors du prochain Conseil européen , les 27 devront absolument se mettre d ’ accord sur la manière dont l ’ Union européenne conçoit l ’ aide aux pays en développement , dans le contexte important du changement climatique .
Hier donc , je le disais , le Conseil Ecofin des ministres des finances n ’ a pas réussi à trouver une position commune sur cette problématique . Pourtant , nous savons que cette question est absolument centrale . La Commission européenne avait déjà fait des propositions , je souhaite absolument que nous prenions les devants pour entraîner nos partenaires vers une solidarité mondiale nécessaire pour arriver à surmonter ce problème de changement climatique .
"
fr,en.20120215.28.3-618-000,offline,,86.00675,77.9400488570027,0.906208511041316," Madame la Commissaire, les normes de protection des données personnelles des pays tiers diffèrent encore considérablement des normes européennes. Il est cependant de notre devoir de s'assurer que nos standards minimaux européens de protection dont nous prévalons soient respectés et garantis aux citoyens européens. Il est fondamental que les données à caractère personnel soient traitées loyalement et collectées à des fins déterminées et légitimes. Les citoyens européens doivent pouvoir se voir garantir un droit d'accès de rectification aux données personnelles des concernants, ainsi que déposer un recours juridictionnel en cas de violation de leurs droits. Il faut agir pour permettre aux normes européennes et internationales de coexister et régler un conflit juridique potentiellement préjudiciable aux citoyens européens. La législation européenne seule ne suffit pas, elle doit s'articuler et coexister intelligemment avec des normes internationales, car nous ne pouvons nous défaire de nos devoirs et engagements envers les citoyens européens. Cette situation fait écho à d'autres débats au sein de cette enceinte et nous rappelle la pertinence de projets tels que la mise en place d'un programme européen de surveillance du financement du terrorisme. Un tel système nous permettrait de disposer d'un outil qui a démontré son efficacité aux États-Unis, tout en respectant pleinement le droit interne et donc la protection des données personnelles des citoyens européens. Les institutions européennes doivent continuer leur engagement en ce sens et assumer pleinement leurs standards de protection. Je vous remercie.","Monsieur le Président , Madame la Commissaire , les normes de protection des données personnelles des pays tiers diffèrent encore considérablement des normes européennes . Il est cependant de notre devoir de nous assurer que nos standards minimaux européens de protection , dont nous nous prévalons , soient respectés et garantis au citoyen européen . Il est fondamental que les données à caractère personnel soient traitées loyalement et collectées à des fins déterminées et légitimes . Les citoyens européens doivent se voir garantir un droit d' accès et de rectification aux données personnelles les concernant et pouvoir introduire un recours juridictionnel en cas de violation de leurs droits .
Il faut agir pour permettre aux normes européennes et internationales de coexister et régler un conflit juridique potentiellement préjudiciable au citoyen européen . La législation européenne seule ne suffit pas . Elle doit s' articuler et coexister intelligemment avec des normes internationales , car nous ne pouvons nous défaire de nos devoirs et engagements envers les citoyens européens .
Cette situation fait écho à d' autres débats au sein de cette enceinte . Elle nous rappelle la pertinence de projets tels que la mise en place d' un programme européen de surveillance du financement du terrorisme . Un tel système nous permettrait de disposer d' un outil , qui a démontré son efficacité aux États-Unis tout en respectant pleinement le droit interne , et donc la protection des données personnelles des citoyens européens .
Les institutions européennes doivent continuer leur engagement en ce sens et assumer pleinement leurs normes de protection .
"
fr,en.20120215.28.3-618-000,streaming,,86.00675,75.93115340299846,0.8828510948617226," Madame la Commissaire, les normes de protection des données personnelles des pays tiers diffèrent encore considérablement des normes européennes. Il est cependant de notre devoir de s'assurer que nos standards minimaux européens de protection dont nous prévalons soient respectés et garantis aux citoyens européens. Il est fondamental que les données à caractère personnel soient traitées loyalement et collectées à des fins déterminées et légitimes. Les citoyens européens doivent pouvoir se voir garantir un droit d'accès et de rectification aux données personnelles des concernants, ainsi que déposer un recours juridictionnel en cas de violation de leurs droits. Il faut agir pour permettre aux normes européennes et internationales de coexister et régler un conflit juridique potentiellement préjudiciable aux citoyens européens. La législation européenne seule ne suffit pas, elle doit s'articuler et coexister intelligemment avec des normes internationales, car nous ne pouvons nous défaire de nos devoirs et engagements envers les citoyens européens. Cette situation fait écho à d'autres débats au sein de cette enceinte et nous rappelle la pertinence de projets tels que la mise en place d'un programme européen de surveillance du financement du terrorisme. Un tel système nous permettrait de disposer d'un outil qui a démontré son efficacité aux États-Unis, tout en respectant pleinement le droit interne et donc la protection des données personnelles des citoyens européens. Les institutions européennes doivent continuer leur engagement en ce sens et assumer pleinement leurs standards de protection. Je vous remercie.","Monsieur le Président , Madame la Commissaire , les normes de protection des données personnelles des pays tiers diffèrent encore considérablement des normes européennes . Il est cependant de notre devoir de nous assurer que nos standards minimaux européens de protection , dont nous nous prévalons , soient respectés et garantis au citoyen européen . Il est fondamental que les données à caractère personnel soient traitées loyalement et collectées à des fins déterminées et légitimes . Les citoyens européens doivent se voir garantir un droit d' accès et de rectification aux données personnelles les concernant et pouvoir introduire un recours juridictionnel en cas de violation de leurs droits .
Il faut agir pour permettre aux normes européennes et internationales de coexister et régler un conflit juridique potentiellement préjudiciable au citoyen européen . La législation européenne seule ne suffit pas . Elle doit s' articuler et coexister intelligemment avec des normes internationales , car nous ne pouvons nous défaire de nos devoirs et engagements envers les citoyens européens .
Cette situation fait écho à d' autres débats au sein de cette enceinte . Elle nous rappelle la pertinence de projets tels que la mise en place d' un programme européen de surveillance du financement du terrorisme . Un tel système nous permettrait de disposer d' un outil , qui a démontré son efficacité aux États-Unis tout en respectant pleinement le droit interne , et donc la protection des données personnelles des citoyens européens .
Les institutions européennes doivent continuer leur engagement en ce sens et assumer pleinement leurs normes de protection .
"
fr,en.20090115.3.4-058,offline,,61.0220625,54.03168424800242,0.8854450674787078," Signor Presidente, je me réjouis que ce soit un Britannique, notre collègue Parish, qui ait déposé ce texte, comme quoi les soldats romains, il y a 2000 ans, ont bien fait d'aller en Grande-Bretagne et d'amener des amphores d'huile d'olive et de vin. Mais alors, il faudra en tirer deux conséquences. Ce n'est pas très raisonnable, symboliquement, de mettre l'agence de l'alimentation à Helsinki. Et ce n'est pas raisonnable que la Commission européenne ne revienne pas en arrière sur les points suivants. D'abord, rétablir des aides pour les amandiers. Ensuite, arrêter les agressions qui sont faites contre les oliviers et notamment dans l'Andalousie et dans toute l'Europe. Arrêter les agressions qui sont faites contre les pêcheurs du thon rouge en Méditerranée. Et les agressions qui sont faites contre le vignoble européen avec l'arrachage. Moi, je suggère à notre commissaire, à notre président, M. Barroso, d'organiser un grand banquet au Portugal avec des fromages de brebis et du vin de...","Monsieur le Président , je me réjouis que ce soit un Britannique , notre collègue Parish , qui ait déposé ce texte , comme quoi les soldats romains , il y a deux mille ans , ont bien fait d ’ aller en Grande-Bretagne et d ’ amener des amphores d ’ huile d ’ olive et de vin . Mais alors , il faudra en tirer deux conséquences . Ce n ’ est pas très raisonnable symboliquement de mettre l ’ Agence de l ’ alimentation à Helsinki et ce n ’ est pas raisonnable que la Commission européenne ne revienne pas en arrière sur les points suivants : d ’ abord , rétablir des aides pour les amandiers , ensuite arrêter les agressions qui sont faites contre les oliviers , et notamment en Andalousie et dans toute l ’ Europe ; arrêter les agressions qui sont faites contre les pêcheurs de thon rouge en Méditerranée et les agressions qui sont faites contre le vignoble européen avec l ’ arrachage . Moi , je suggère à notre commissaire et à notre Président , M. Barroso , d ’ organiser un grand banquet au Portugal avec des fromages de brebis et du vin de Samos …
"
fr,en.20090115.3.4-058,streaming,,61.0220625,55.250309336999635,0.9054153051119771," Signor Presidente, je me réjouis que ce soit un Britannique, notre collègue Parish, qui ait déposé ce texte, comme quoi les soldats romains, il y a 2000 ans, ont bien fait d'aller en Grande-Bretagne et d'amener des amphores d'huile d'olive et de vin. Mais alors, il faudra en tirer deux conséquences. Ce n'est pas très raisonnable, symboliquement, de mettre l'agence de l'alimentation à Helsinki. Et ce n'est pas raisonnable que la Commission européenne ne revienne pas en arrière sur les points suivants. D'abord, rétablir des aides pour les amandiers. Ensuite, arrêter les agressions qui sont faites contre les oliviers et notamment dans l'Andalousie et dans toute l'Europe. Arrêter les agressions qui sont faites contre les pêcheurs du thon rouge en Méditerranée. Et les agressions qui sont faites contre le vignoble européen avec l'arrachage. Moi, je suggère à notre commissaire, à notre président, M. Barroso, d'organiser un grand banquet au Portugal avec des fromages de brebis et du vin de...","Monsieur le Président , je me réjouis que ce soit un Britannique , notre collègue Parish , qui ait déposé ce texte , comme quoi les soldats romains , il y a deux mille ans , ont bien fait d ’ aller en Grande-Bretagne et d ’ amener des amphores d ’ huile d ’ olive et de vin . Mais alors , il faudra en tirer deux conséquences . Ce n ’ est pas très raisonnable symboliquement de mettre l ’ Agence de l ’ alimentation à Helsinki et ce n ’ est pas raisonnable que la Commission européenne ne revienne pas en arrière sur les points suivants : d ’ abord , rétablir des aides pour les amandiers , ensuite arrêter les agressions qui sont faites contre les oliviers , et notamment en Andalousie et dans toute l ’ Europe ; arrêter les agressions qui sont faites contre les pêcheurs de thon rouge en Méditerranée et les agressions qui sont faites contre le vignoble européen avec l ’ arrachage . Moi , je suggère à notre commissaire et à notre Président , M. Barroso , d ’ organiser un grand banquet au Portugal avec des fromages de brebis et du vin de Samos …
"
fr,en.20101020.3.3-080,offline,,65.015875,58.42927010499989,0.8986923594429805," Merci, M. Le Président. Je voudrais axer mon propos sur la préparation des prochains sommets du G20. Tout a été dit par les orateurs précédents sur la gouvernance économique européenne, sur la nécessité de renforcer la gouvernance économique européenne, de renforcer le pacte de stabilité et de croissance et de mieux associer le Parlement européen et bien sûr aussi les parlements nationaux au processus. Je voudrais citer rapidement deux défis qui se posent à nos nations et qui se posent aux membres du G20 et qui doivent être traités dans le cadre, à mon avis, des prochaines réunions du G20. Le défi de la guerre des monnaies et celui de la volatilité des prix des matières premières. Je pense que sur ces deux sujets qui sont de véritables menaces pour la croissance mondiale et qui occasionnent des déséquilibres très importants sur notre planète, il faut que l'Union européenne arrive à s'organiser, à arrêter des positions communes, à se donner les moyens de parler d'une seule voix lors des prochains sommets du G20, Séoul, mais aussi ceux qui suivront, et de manière plus globale sur la scène mondiale. Je vous remercie.","Monsieur le Président , je voudrais axer mon propos sur la préparation des prochains sommets du G20 . Tout a été dit par les orateurs précédents sur la gouvernance économique européenne , sur la nécessité de renforcer la gouvernance économique européenne , de renforcer le pacte de stabilité et de croissance , et de mieux associer le Parlement européen et bien sûr aussi les parlements nationaux au processus .
Je voudrais citer rapidement deux défis qui se posent à nos nations et qui se posent aux membres du G20 et qui doivent être traités dans le cadre , à mon avis , des prochaines réunions du G20 .
Le défi de la guerre des monnaies et celui de la volatilité des prix des matières premières . Je pense que sur ces deux sujets , qui sont de véritables menaces pour la croissance mondiale et qui occasionnent des déséquilibres très importants sur notre planète , il faut que l ’ Union européenne arrive à s ’ organiser , à arrêter des positions communes , à se donner les moyens de parler d ’ une seule voix lors des prochains sommets du G20 , celui de Séoul mais aussi ceux qui suivront , et de manière plus globale sur la scène mondiale .
"
fr,en.20101020.3.3-080,streaming,,65.015875,58.44874166000227,0.8989918486831451," Merci, M. Le Président. Je voudrais axer mon propos sur la préparation des prochains sommets du G20. Tout a été dit par les orateurs précédents sur la gouvernance économique européenne, sur la nécessité de renforcer la gouvernance économique européenne, de renforcer le pacte de stabilité et de croissance et de mieux associer le Parlement européen et bien sûr aussi les parlements nationaux au processus. Je voudrais citer rapidement deux défis qui se posent à nos nations et qui se posent aux membres du G20 et qui doivent être traités dans le cadre, à mon avis, des prochaines réunions du G20. Le défi de la guerre des monnaies et celui de la volatilité des prix des matières premières. Je pense que sur ces deux sujets qui sont de véritables menaces pour la croissance mondiale et qui occasionnent des déséquilibres très importants sur notre planète, il faut que l'Union européenne arrive à s'organiser, à arrêter des positions communes, à se donner les moyens de parler d'une seule voix lors des prochains sommets du G20, Séoul, mais aussi ceux qui suivront, et de manière plus globale sur la scène mondiale. Je vous remercie.","Monsieur le Président , je voudrais axer mon propos sur la préparation des prochains sommets du G20 . Tout a été dit par les orateurs précédents sur la gouvernance économique européenne , sur la nécessité de renforcer la gouvernance économique européenne , de renforcer le pacte de stabilité et de croissance , et de mieux associer le Parlement européen et bien sûr aussi les parlements nationaux au processus .
Je voudrais citer rapidement deux défis qui se posent à nos nations et qui se posent aux membres du G20 et qui doivent être traités dans le cadre , à mon avis , des prochaines réunions du G20 .
Le défi de la guerre des monnaies et celui de la volatilité des prix des matières premières . Je pense que sur ces deux sujets , qui sont de véritables menaces pour la croissance mondiale et qui occasionnent des déséquilibres très importants sur notre planète , il faut que l ’ Union européenne arrive à s ’ organiser , à arrêter des positions communes , à se donner les moyens de parler d ’ une seule voix lors des prochains sommets du G20 , celui de Séoul mais aussi ceux qui suivront , et de manière plus globale sur la scène mondiale .
"
fr,en.20120912.28.3-545-000,offline,,76.997375,69.5245290970015,0.902946744574104," Merci, M. Le Président, chers collègues. Je tiens à remercier nos deux rapporteurs pour le travail qu'ils ont effectué sur ce dossier. Il le fallait quand nous partions de très loin avec la proposition de base de la Commission. Aucune mention spécifique des régions ultra-périphériques, directement concernées par la concurrence des pays d'Amérique latine, Pas de déclenchement automatique du mécanisme de stabilisation. Pas de possibilité offerte à notre Assemblée de demander l'ouverture d'une enquête de sauvegarde. Pas de prise en compte de normes sociales et environnementales, comme pouvant constituer un avantage concurrentiel déloyal. Voilà pourquoi il est extrêmement important que le vote de demain valide les avancées obtenues sur ces points, en commission du commerce international. Malgré tout, ce n'est pas suffisant car nous savons que les seuils de déclenchement de ces deux règlements sont tellement élevés qu'ils rendent ces mécanismes pratiquement inapplicables. Par ailleurs, la Commission doit prévoir une enveloppe financière supplémentaire afin de soutenir la compétitivité de la production de bananes communautaires. Gardons à l'esprit que de nombreux emplois sont en jeu dans ces régions européennes qui comptent déjà des taux de chômage records. Merci.","Monsieur le Président , chers collègues , je tiens à remercier nos deux rapporteurs pour le travail qu' ils ont effectué sur ce dossier .
C' était nécessaire car nous partions de très loin avec la proposition de base de la Commission : aucune mention spécifique des régions ultrapériphériques , directement concernées par la concurrence des pays d' Amérique latine ; pas de déclenchement automatique du mécanisme de stabilisation ; pas de possibilité offerte à notre Assemblée de demander l' ouverture d' une enquête de sauvegarde ; pas de prise en compte de normes sociales et environnementales comme pouvant constituer un avantage concurrentiel déloyal .
Voilà pourquoi il est extrêmement important que le vote de demain valide les avancées obtenues sur ces points au sein de la commission du commerce international .
Malgré tout , ce n' est pas suffisant , car nous savons que les seuils de déclenchement de ces deux règlements sont tellement élevés qu' ils rendent ces mécanismes pratiquement inapplicables .
Par ailleurs , la Commission doit prévoir une enveloppe financière supplémentaire afin de soutenir la compétitivité de la production communautaire de bananes . Gardons à l' esprit que de nombreux emplois sont en jeu dans ces régions européennes qui comptent déjà des taux de chômage record .
"
fr,en.20120912.28.3-545-000,streaming,,76.997375,71.44852138400165,0.9279345092479016," Merci, M. Le Président, chers collègues. Je tiens à remercier nos deux rapporteurs pour le travail qu'ils ont effectué sur ce dossier. Il le fallait quand nous partions de très loin avec la proposition de base de la Commission. Aucune mention spécifique des régions ultra-périphériques, directement concernées par la concurrence des pays d'Amérique latine, Pas de déclenchement automatique du mécanisme de stabilisation. Pas de possibilité offerte à notre Assemblée de demander l'ouverture d'une enquête de sauvegarde. Pas de prise en compte de normes sociales et environnementales, comme pouvant constituer un avantage concurrentiel déloyal. Voilà pourquoi il est extrêmement important que le vote de demain valide les avancées obtenues sur ces points, en commission du commerce international. Malgré tout, ce n'est pas suffisant car nous savons que les seuils de déclenchement de ces deux règlements sont tellement élevés qu'ils rendent ces mécanismes pratiquement inapplicables. Par ailleurs, la Commission doit prévoir une enveloppe financière supplémentaire afin de soutenir la compétitivité de la production de bananes communautaires. Gardons à l'esprit que de nombreux emplois sont en jeu dans ces régions européennes qui comptent déjà des taux de chômage records. Merci.","Monsieur le Président , chers collègues , je tiens à remercier nos deux rapporteurs pour le travail qu' ils ont effectué sur ce dossier .
C' était nécessaire car nous partions de très loin avec la proposition de base de la Commission : aucune mention spécifique des régions ultrapériphériques , directement concernées par la concurrence des pays d' Amérique latine ; pas de déclenchement automatique du mécanisme de stabilisation ; pas de possibilité offerte à notre Assemblée de demander l' ouverture d' une enquête de sauvegarde ; pas de prise en compte de normes sociales et environnementales comme pouvant constituer un avantage concurrentiel déloyal .
Voilà pourquoi il est extrêmement important que le vote de demain valide les avancées obtenues sur ces points au sein de la commission du commerce international .
Malgré tout , ce n' est pas suffisant , car nous savons que les seuils de déclenchement de ces deux règlements sont tellement élevés qu' ils rendent ces mécanismes pratiquement inapplicables .
Par ailleurs , la Commission doit prévoir une enveloppe financière supplémentaire afin de soutenir la compétitivité de la production communautaire de bananes . Gardons à l' esprit que de nombreux emplois sont en jeu dans ces régions européennes qui comptent déjà des taux de chômage record .
"
fr,en.20100708.4.4-086,offline,,73.9788125,64.37311884000155,0.8701561523443154," Oui, M. Le Président, de nombreux collègues s'inquiètent quant aux conséquences sur l'agriculture européenne que pourrait avoir la réouverture de négociations d'un accord d'association avec le Mercosur. Mon groupe et moi-même partageons ces inquiétudes. Il est à craindre, en effet, et en tant que député d'une région ultra-périphérique, j'ai l'expérience des accords sur la banane. Il est donc à craindre qu'un accord avec le Mercosur ne porte un coup difficile à de nombreuses filières agricoles européennes. C'est la raison pour laquelle une étude d'impact est absolument nécessaire. Il est à craindre aussi que cet accord ne tourne davantage un peu trop l'agriculture du Mercosur vers une agriculture productiviste au détriment de petites exploitations qui existent dans ces pays. Un équilibre doit donc être trouvé pour que cet accord ne transforme pas les continents latino-américains et européens en superpuissances ancrées essentiellement sur le dogme du mercantilisme. Merci, M. Le Président. Merci, M. Rowe.","Monsieur le Président , de nombreux collègues s ’ inquiètent quant aux conséquences sur l ’ agriculture européenne que pourrait avoir la réouverture de négociations d ’ un accord d ’ association avec le Mercosur .
Mon groupe et moi-même partageons ces inquiétudes . Il est à craindre , en effet – et , en tant que député d ’ une région ultrapériphérique , j ’ ai l ’ expérience des accords sur la banane – qu ’ un accord avec le Mercosur ne porte un coup difficile à de nombreuses filières agricoles européennes . C ’ est la raison pour laquelle une étude d ’ impact est absolument nécessaire . Il est à craindre , aussi , que cet accord ne tourne davantage , un peu trop , l ’ agriculture du Mercosur vers une agriculture productiviste , au détriment des petites exploitations qui existent dans ces pays . Un équilibre doit donc être trouvé pour que cet accord ne transforme pas les continents latino-américain et européen en superpuissances ancrées essentiellement sur le dogme du mercantilisme .
"
fr,en.20100708.4.4-086,streaming,,73.9788125,67.78313509000145,0.9162506506846329," Oui, M. Le Président, de nombreux collègues s'inquiètent quant aux conséquences sur l'agriculture européenne que pourrait avoir la réouverture de négociations d'un accord d'association avec le Mercosur. Mon groupe et moi-même partageons ces inquiétudes. Il est à craindre, en effet, et en tant que député d'une région ultra-périphérique, j'ai l'expérience des accords sur la banane. Il est donc à craindre qu'un accord avec le Mercosur ne porte un coup difficile à de nombreuses filières agricoles européennes. C'est la raison pour laquelle une étude d'impact est absolument nécessaire. Il est à craindre aussi que cet accord ne tourne davantage un peu trop l'agriculture du Mercosur vers une agriculture productiviste au détriment de petites exploitations qui existent dans ces pays. Un équilibre doit donc être trouvé pour que cet accord ne transforme pas les continents latino-américains et européens en superpuissances ancrées essentiellement sur le dogme du mercantilisme. Merci, M. Le Président. Merci, M. Rowe.","Monsieur le Président , de nombreux collègues s ’ inquiètent quant aux conséquences sur l ’ agriculture européenne que pourrait avoir la réouverture de négociations d ’ un accord d ’ association avec le Mercosur .
Mon groupe et moi-même partageons ces inquiétudes . Il est à craindre , en effet – et , en tant que député d ’ une région ultrapériphérique , j ’ ai l ’ expérience des accords sur la banane – qu ’ un accord avec le Mercosur ne porte un coup difficile à de nombreuses filières agricoles européennes . C ’ est la raison pour laquelle une étude d ’ impact est absolument nécessaire . Il est à craindre , aussi , que cet accord ne tourne davantage , un peu trop , l ’ agriculture du Mercosur vers une agriculture productiviste , au détriment des petites exploitations qui existent dans ces pays . Un équilibre doit donc être trouvé pour que cet accord ne transforme pas les continents latino-américain et européen en superpuissances ancrées essentiellement sur le dogme du mercantilisme .
"
fr,en.20110202.15.3-167-000,offline,,77.972625,70.12498770399907,0.8993539425407195," Je m'associe aux marques de sympathie et de soutien qui ont déjà été formulées à l'égard des peuples tunisiens et égyptiens. Il représente un symbole d'espoir pour tous les défenseurs de liberté, une pensée aussi pour les victimes. Je voudrais maintenant dire que l'Union européenne, qui on l'a dit s'est fait remarquer par son absence de réaction, doit bien être aux côtés des peuples tunisiens et égyptiens pour les aider à mener à bien l'ouverture de leur pays aux réformes et à installer la démocratie. L'Union européenne a décidé d'accompagner les dirigeants tunisiens pour engager une transition pacifique, préparer l'organisation des élections à venir pour gagner la liberté et permettre au peuple tunisien de trouver la prospérité du développement et de la paix sociale, une économie qui permettra à la jeunesse de trouver de l'emploi. Je dirais pour terminer que l'Union pour la Méditerranée a un défi important à relever parce que la révolution du jasmin a déclenché une vague dans tous les états du Maghreb, du Proche-Orient et du Moyen-Orient. Elle doit mettre en place une stratégie forte envers ces pays. Mais attention, face à ce mouvement démocratique légitime, l'Europe doit trouver un équilibre entre non-ingérence dans les affaires intérieures, soutien aux aspirations légitimes des peuples et stabilité.","Madame la Présidente , beaucoup de choses ont déjà été dites , mais je m ’ associe aux marques de sympathie et de soutien qui ont déjà été formulées à l ’ égard des peuples tunisien et égyptien . Ils représentent un symbole d ’ espoir pour tous les défenseurs des libertés . J ’ ai également une pensée pour les victimes .
Je voudrais maintenant dire que l ’ Union européenne qui , on l ’ a dit , s ’ est fait remarquer par son absence de réaction , doit bien être aux côtés des peuples tunisien et égyptien pour les aider à mener à bien l ’ ouverture de leur pays aux réformes et à instaurer la démocratie .
L ’ Union européenne a décidé d ’ accompagner les dirigeants tunisiens pour engager une transition pacifique , préparer l ’ organisation des élections à venir pour gagner la liberté et aider le peuple tunisien à trouver la prospérité du développement et de la paix sociale , une économie qui permettra à la jeunesse de trouver de l ’ emploi .
Je dirai , pour terminer , que l ’ Union pour la Méditerranée a un défi important à relever parce que la révolution du jasmin a déclenché une vague dans tous les États du Maghreb , du Proche-Orient et du Moyen-Orient . Elle doit mettre en place une stratégie forte envers ces pays . Mais attention : face à ce mouvement démocratique légitime , l ’ Europe doit trouver un équilibre entre non-ingérence dans les affaires intérieures , soutien aux aspirations légitimes des peuples et stabilité .
"
fr,en.20110202.15.3-167-000,streaming,,77.972625,70.28553798899884,0.9014130021786344," Je m'associe aux marques de sympathie et de soutien qui ont déjà été formulées à l'égard des peuples tunisiens et égyptiens. Il représente un symbole d'espoir pour tous les défenseurs de liberté, une pensée aussi pour les victimes. Je voudrais maintenant dire que l'Union européenne, qui on l'a dit s'est fait remarquer par son absence de réaction, doit bien être aux côtés des peuples tunisiens et égyptiens pour les aider à mener à bien l'ouverture de leur pays aux réformes et à installer la démocratie. L'Union européenne a décidé d'accompagner les dirigeants tunisiens pour engager une transition pacifique, préparer l'organisation des élections à venir pour gagner la liberté et permettre au peuple tunisien de trouver la prospérité du développement et de la paix sociale, une économie qui permettra à la jeunesse de trouver de l'emploi. Je dirais pour terminer que l'Union pour la Méditerranée a un défi important à relever parce que la révolution du jasmin a déclenché une vague dans tous les états du Maghreb, du Proche-Orient et du Moyen-Orient. Elle doit mettre en place une stratégie forte envers ces pays. Mais attention, face à ce mouvement démocratique légitime, l'Europe doit trouver un équilibre entre non-ingérence dans les affaires intérieures, soutien aux aspirations légitimes des peuples et stabilité.","Madame la Présidente , beaucoup de choses ont déjà été dites , mais je m ’ associe aux marques de sympathie et de soutien qui ont déjà été formulées à l ’ égard des peuples tunisien et égyptien . Ils représentent un symbole d ’ espoir pour tous les défenseurs des libertés . J ’ ai également une pensée pour les victimes .
Je voudrais maintenant dire que l ’ Union européenne qui , on l ’ a dit , s ’ est fait remarquer par son absence de réaction , doit bien être aux côtés des peuples tunisien et égyptien pour les aider à mener à bien l ’ ouverture de leur pays aux réformes et à instaurer la démocratie .
L ’ Union européenne a décidé d ’ accompagner les dirigeants tunisiens pour engager une transition pacifique , préparer l ’ organisation des élections à venir pour gagner la liberté et aider le peuple tunisien à trouver la prospérité du développement et de la paix sociale , une économie qui permettra à la jeunesse de trouver de l ’ emploi .
Je dirai , pour terminer , que l ’ Union pour la Méditerranée a un défi important à relever parce que la révolution du jasmin a déclenché une vague dans tous les États du Maghreb , du Proche-Orient et du Moyen-Orient . Elle doit mettre en place une stratégie forte envers ces pays . Mais attention : face à ce mouvement démocratique légitime , l ’ Europe doit trouver un équilibre entre non-ingérence dans les affaires intérieures , soutien aux aspirations légitimes des peuples et stabilité .
"
fr,en.20120201.13.3-113-000,offline,,65.991125,63.01301800600049,0.9548710982878454," Madame Ashton, bonjour. Madagascar est l'un des pays les plus pauvres au monde, vit une crise politique dont l'issue passera par l'application de la feuille de route allant jusqu'aux élections présidentielles et législatives. La croissance de ce pays est négative. En temps normal, notre contribution avoisine les 50% du budget de ce pays. L'Union Européenne a suspendu à juste titre son appui budgétaire aux pines des 9e et 10e FED, mais pas aux OMD. Pendant ce temps-là, la population souffre et les entreprises implantées à Madagascar sont parfois mises à contribution malgré elles. Tout en appuyant votre prise de position avec la SADEC pour que l'imbroglio juridico-judiciaire concernant le retour d'un ancien président soit réglé au plus tôt, comme étant l'un des éléments les plus sensibles de l'application de cette feuille de route. Je souhaiterais votre avis sur le sujet et vous indique aussi que le groupe d'amitié Union Européenne Madagascar que nous venons de créer au Parlement Européen est disponible pour oeuvrer avec vous et la Commission dans l'intérêt du peuple malgache et dans la défense des valeurs de notre Union.","Madame la Haute représentante , Madagascar est l' un des pays les plus pauvres au monde et vit une crise politique dont l' issue passera par l' application de la feuille de route conduisant aux élections présidentielles et législatives . La croissance de ce pays est négative . En temps normal , notre contribution avoisine les 50 % du budget de ce pays . L' Union européenne a suspendu , à juste titre , son appui budgétaire aux programmes indicatifs nationaux ( PIN ) des 9e et 10e FED mais pas aux OMD . Pendant ce temps-là , la population souffre et les entreprises implantées à Madagascar sont parfois mises à contribution malgré elles .
Tout en appuyant votre prise de position , nous souhaitons que vous pesiez de tout votre poids , avec la SADC , pour que l' imbroglio juridico-judiciaire concernant le retour de l' ancien président soit réglé au plus tôt , ce sujet étant l' un des éléments les plus sensibles de l' application de cette feuille de route .
Je souhaiterais votre avis sur le sujet et vous indique aussi que le groupe d' amitié Union européenne-Madagascar , que nous venons de créer au Parlement européen , est disponible pour œuvrer avec vous et la Commission dans l' intérêt du peuple malgache et pour la défense des valeurs de notre Union .
"
fr,en.20120201.13.3-113-000,streaming,,65.991125,67.90268886500053,1.0289669840452111," Madame Ashton, bonjour. Madagascar est l'un des pays les plus pauvres au monde, vit une crise politique dont l'issue passera par l'application de la feuille de route allant jusqu'aux élections présidentielles et législatives. La croissance de ce pays est négative. En temps normal, notre contribution avoisine les 50% du budget de ce pays. L'Union Européenne a suspendu à juste titre son appui budgétaire aux pines des 9e et 10e FED, mais pas aux OMD. Pendant ce temps-là, la population souffre et les entreprises implantées à Madagascar sont parfois mises à contribution malgré elles. Tout en appuyant votre prise de position avec la SADEC pour que l'imbroglio juridico-judiciaire concernant le retour d'un ancien président soit réglé au plus tôt, comme étant l'un des éléments les plus sensibles de l'application de cette feuille de route. Je souhaiterais votre avis sur le sujet et vous indique aussi que le groupe d'amitié Union Européenne Madagascar que nous venons de créer au Parlement Européen est disponible pour oeuvrer avec vous et la Commission dans l'intérêt du peuple malgache et dans la défense des valeurs de notre Union.","Madame la Haute représentante , Madagascar est l' un des pays les plus pauvres au monde et vit une crise politique dont l' issue passera par l' application de la feuille de route conduisant aux élections présidentielles et législatives . La croissance de ce pays est négative . En temps normal , notre contribution avoisine les 50 % du budget de ce pays . L' Union européenne a suspendu , à juste titre , son appui budgétaire aux programmes indicatifs nationaux ( PIN ) des 9e et 10e FED mais pas aux OMD . Pendant ce temps-là , la population souffre et les entreprises implantées à Madagascar sont parfois mises à contribution malgré elles .
Tout en appuyant votre prise de position , nous souhaitons que vous pesiez de tout votre poids , avec la SADC , pour que l' imbroglio juridico-judiciaire concernant le retour de l' ancien président soit réglé au plus tôt , ce sujet étant l' un des éléments les plus sensibles de l' application de cette feuille de route .
Je souhaiterais votre avis sur le sujet et vous indique aussi que le groupe d' amitié Union européenne-Madagascar , que nous venons de créer au Parlement européen , est disponible pour œuvrer avec vous et la Commission dans l' intérêt du peuple malgache et pour la défense des valeurs de notre Union .
"
fr,en.20110511.4.3-074-000,offline,,88.0036875,89.60982380199857,1.0182507841162745," Monsieur le Président, l'Union Européenne vient enfin de prendre des sanctions à l'encontre de la Syrie. Mais malheureusement, elle semble le faire d'une main tremblante, en évitant soigneusement de mettre en cause la tête du régime syrien. Ce manque de détermination et de clarté est évidemment interprété par les manifestants comme une forme d'abandon, et par le pouvoir comme une indulgence qui lui permet d'intensifier la répression. Une répression si cruelle qu'on ne parvient pas à imaginer un instant qu'au même moment, la Syrie puisse être élue pour siéger au Conseil des droits de l'homme de l'Organisation des Nations Unies, alors qu'aujourd'hui même, les autorités syriennes refusent aux observateurs de l'ONU l'accès à la ville de Dera, théâtre de terribles violences exercées contre des civils sans défense. La Syrie au Conseil des droits de l'homme, ce serait une insulte aux victimes et à leurs familles, un encouragement pour ce régime à utiliser la force brutale contre son peuple au mépris, justement, des valeurs dont le Conseil des droits de l'homme doit être le gardien. Alors, Madame la haute représentante, quelles options diplomatiques, Envisagez-vous pour éviter un tel désastre.","Monsieur le Président , l ’ Union européenne vient enfin de prendre des sanctions à l ’ encontre de la Syrie . Mais , malheureusement , elle semble le faire d ’ une main tremblante en évitant soigneusement de mettre en cause la tête du régime syrien .
Ce manque de détermination et de clarté est évidemment interprété par les manifestants comme une forme d ’ abandon et , par le pouvoir , comme une indulgence qui lui permet d ’ intensifier la répression . Une répression si cruelle qu ’ on ne parvient pas à imaginer un instant qu ’ au même moment la Syrie puisse être élue pour siéger au Conseil des droits de l ’ homme de l ’ Organisation des Nations unies , alors qu ’ aujourd ’ hui même les autorités syriennes refusent aux observateurs de l ’ ONU l ’ accès à la ville de Deraa , théâtre de terribles violences exercées contre des civils sans défense .
La Syrie au Conseil des droits de l ’ homme , ce serait une insulte aux victimes et à leurs familles , un encouragement pour ce régime à utiliser la force brutale contre son peuple , au mépris , justement , des valeurs dont le Conseil des droits de l ’ homme doit être le gardien .
Alors , Madame la Haute représentante , quelles options diplomatiques envisagez-vous pour éviter un tel désastre ?
"
fr,en.20110511.4.3-074-000,streaming,,88.0036875,89.90803694400165,1.0216394278251313," Monsieur le Président, l'Union Européenne vient enfin de prendre des sanctions à l'encontre de la Syrie. Mais malheureusement, elle semble le faire d'une main tremblante, en évitant soigneusement de mettre en cause la tête du régime syrien. Ce manque de détermination et de clarté est évidemment interprété par les manifestants comme une forme d'abandon, et par le pouvoir comme une indulgence qui lui permet d'intensifier la répression. Une répression si cruelle, qu'on ne parvient pas à imaginer un instant qu'au même moment, la Syrie puisse être élue pour siéger au Conseil des droits de l'homme de l'Organisation des Nations Unies, alors qu'aujourd'hui même, les autorités syriennes refusent aux observateurs de l'ONU l'accès à la ville de Dera, théâtre de terribles violences exercées contre des civils sans défense. La Syrie au Conseil des droits de l'homme, ce serait une insulte aux victimes et à leurs familles, un encouragement pour ce régime à utiliser la force brutale contre son peuple, au mépris justement des valeurs dont le Conseil des droits de l'homme doit être le gardien. Alors Madame la haute représentante, quelles options diplomatiques, Envisagez-vous pour éviter un tel désastre.","Monsieur le Président , l ’ Union européenne vient enfin de prendre des sanctions à l ’ encontre de la Syrie . Mais , malheureusement , elle semble le faire d ’ une main tremblante en évitant soigneusement de mettre en cause la tête du régime syrien .
Ce manque de détermination et de clarté est évidemment interprété par les manifestants comme une forme d ’ abandon et , par le pouvoir , comme une indulgence qui lui permet d ’ intensifier la répression . Une répression si cruelle qu ’ on ne parvient pas à imaginer un instant qu ’ au même moment la Syrie puisse être élue pour siéger au Conseil des droits de l ’ homme de l ’ Organisation des Nations unies , alors qu ’ aujourd ’ hui même les autorités syriennes refusent aux observateurs de l ’ ONU l ’ accès à la ville de Deraa , théâtre de terribles violences exercées contre des civils sans défense .
La Syrie au Conseil des droits de l ’ homme , ce serait une insulte aux victimes et à leurs familles , un encouragement pour ce régime à utiliser la force brutale contre son peuple , au mépris , justement , des valeurs dont le Conseil des droits de l ’ homme doit être le gardien .
Alors , Madame la Haute représentante , quelles options diplomatiques envisagez-vous pour éviter un tel désastre ?
"
fr,en.20100616.27.3-388,offline,,81.9665,75.165389976999,0.9170257358432896," Madame la haute représentante, cette attaque de navires civils par les commandos israéliens exige évidemment une enquête impartiale et crédible. Mais quel crédit? Pourrions-nous accorder à une commission qui serait à la fois juge et partie? Cette attaque, c'est produite dans les eaux internationales, elle concerne donc la communauté internationale, elle intéresse en particulier l'Europe, riveraine de la Méditerranée. L'Europe qui devrait se faire entendre davantage. Et s'impliquer plus fortement dans la recherche d'une solution politique basée sur deux États ayant chacun Jérusalem pour capitale. L'Europe fait des efforts financiers considérables pour contribuer au développement des territoires palestiniens, mais malheureusement, elle est trop absente du processus politique qui devrait conduire à la création de cet État palestinien. La bonne volonté financière et budgétaire que nous manifestons ne suffit pas. Nous devons aussi exprimer une volonté politique et prendre les moyens de nous faire entendre. Merci.","Monsieur le Président , Madame la Haute représentante , cette attaque de navires civils par les commandos israéliens exige évidemment une enquête impartiale et crédible . Mais quel crédit pourrions-nous accorder à une commission qui serait à la fois juge et partie . Cette attaque s' est produite dans les eaux internationales , elle concerne donc la communauté internationale , elle intéresse en particulier l' Europe , riveraine de la Méditerranée .
L' Europe qui devrait se faire entendre davantage et s' impliquer plus fortement dans la recherche d' une solution politique basée sur deux États ayant chacun Jérusalem pour capitale . L' Europe fait des efforts financiers considérables pour contribuer au développement des territoires palestiniens , mais , malheureusement , elle est trop absente du processus politique qui devrait conduire à la création de cet État palestinien .
La bonne volonté financière et budgétaire que nous manifestons ne suffit pas . Nous devons aussi exprimer une volonté politique et nous donner les moyens de nous faire entendre .
"
fr,en.20100616.27.3-388,streaming,,81.9665,77.77917145500032,0.9489141473040855," Madame la haute représentante, cette attaque de navires civils par les commandos israéliens exige évidemment une enquête impartiale et crédible. Mais quel crédit? Pourrions-nous accorder à une commission qui serait à la fois juge et partie? Cette attaque, c'est produite dans les eaux internationales, elle concerne donc la communauté internationale, elle intéresse en particulier l'Europe, riveraine de la Méditerranée. L'Europe qui devrait se faire entendre davantage. Et s'impliquer plus fortement dans la recherche d'une solution politique basée sur deux États ayant chacun Jérusalem pour capitale. L'Europe fait des efforts financiers considérables pour contribuer au développement des territoires palestiniens, mais malheureusement, elle est trop absente du processus politique qui devrait conduire à la création de cet État palestinien. La bonne volonté financière et budgétaire que nous manifestons ne suffit pas. Nous devons aussi exprimer une volonté politique et prendre les moyens de nous faire entendre. Merci.","Monsieur le Président , Madame la Haute représentante , cette attaque de navires civils par les commandos israéliens exige évidemment une enquête impartiale et crédible . Mais quel crédit pourrions-nous accorder à une commission qui serait à la fois juge et partie . Cette attaque s' est produite dans les eaux internationales , elle concerne donc la communauté internationale , elle intéresse en particulier l' Europe , riveraine de la Méditerranée .
L' Europe qui devrait se faire entendre davantage et s' impliquer plus fortement dans la recherche d' une solution politique basée sur deux États ayant chacun Jérusalem pour capitale . L' Europe fait des efforts financiers considérables pour contribuer au développement des territoires palestiniens , mais , malheureusement , elle est trop absente du processus politique qui devrait conduire à la création de cet État palestinien .
La bonne volonté financière et budgétaire que nous manifestons ne suffit pas . Nous devons aussi exprimer une volonté politique et nous donner les moyens de nous faire entendre .
"
fr,en.20090917.2.4-018,offline,,88.978875,83.43694575399786,0.9377163484478519," Bien, monsieur. Bonjour, madame la présidente. Bonjour, madame la commissaire. Bon, je vais être court. Je pense qu'il y a deux éléments dans ce débat. La question conjoncturelle, comment sortir de cette crise? Et toutes les mesures qui vont à la fois à l'aide des agriculteurs, aux mesures d'intervention, sont nécessaires et absolument nécessaires. Il faut les soutenir et même envisager qu'elles soient plus importantes. C'est ce que nous proposons avec un certain nombre de collègues ici au Parlement. Puis deuxièmement, il y a une question posée de manière structurelle sur la gestion du marché du lait. Et c'est là qu'il y a une divergence avec vous, madame la commissaire. Vous proposez d'aller dans le sens de la contractualisation. Je vous le dis par avance. Contractualiser entre industriels et agriculteurs, à terme, les industries étant concurrentielles entre elles, fera qu'on engagera une concurrence à l'échelle de l'Europe. Nous avons besoin, pour réguler un marché, d'une régulation publique. Il n'y a pas d'autre alternative. C'est là que le débat devra s'engager. Après cette crise. Et je pense que sur ce débat-là, il faut respecter tous les opinions et toutes les options. Et je crains que nous soyons allés trop vite au moment du bilan de santé pour régler une question comme les quotas, qui jusqu'ici, je le dis à tous ceux qui sont intervenus, ont permis à la fois de maintenir une production laitière en Europe, d'assurer une industrie laitière extrêmement développée et en même temps d'assurer un prix pour les consommateurs qui était jusqu'ici tout à fait supportable. Merci Madame la Commissaire.","Madame la Présidente , Madame la Commissaire , je vais être court .
Je pense qu ’ il y a deux éléments dans ce débat . La question conjoncturelle : comment sortir de cette crise ? Toutes les mesures qui vont de l ’ aide aux agriculteurs aux mesures d ’ intervention sont nécessaires et absolument nécessaires . Il faut les soutenir et même envisager qu ’ elles soient plus importantes . C ’ est ce que nous proposons avec un certain nombre de collègues , ici , au Parlement .
Puis , deuxièmement , il y a une question posée de manière structurelle sur la gestion du marché du lait , et c ’ est là qu ’ il y a une divergence avec vous , Madame la Commissaire . Vous proposez d ’ aller dans le sens de la contractualisation . Je vous le dis par avance : contractualiser entre industriels et agriculteurs fera qu ’ on engagera , à terme , les industries étant concurrentielles entre elles , une concurrence à l ’ échelle de l ’ Europe .
Nous avons besoin , pour réguler un marché , d ’ une régulation publique . Il n ’ y a pas d ’ autre solution . C ’ est là que le débat devra s ’ engager après cette crise . Je pense que sur ce débat-là , il faut respecter toutes les opinions et toutes les options , et je crains que nous soyons allés trop vite au moment du bilan de santé pour régler une question comme les quotas , qui jusqu ’ ici , je le dis à tous ceux qui sont intervenus , ont permis à la fois de maintenir une production laitière en Europe , d ’ assurer une industrie laitière extrêmement développée et , en même temps , de préserver un prix pour les consommateurs , qui était jusqu ’ ici tout à fait supportable .
"
fr,en.20090917.2.4-018,streaming,,88.978875,83.1164157969979,0.934114033212916," Bien, monsieur. Bonjour, madame la présidente. Bonjour, madame la commissaire. Bon, je vais être court. Je pense qu'il y a deux éléments dans ce débat. La question conjoncturelle, comment sortir de cette crise? Et toutes les mesures qui vont à la fois à l'aide des agriculteurs, aux mesures d'intervention, sont nécessaires et absolument nécessaires. Il faut les soutenir et même envisager qu'elles soient plus importantes. C'est ce que nous proposons avec un certain nombre de collègues ici au Parlement. Puis deuxièmement, il y a une question posée de manière structurelle sur la gestion du marché du lait. Et c'est là qu'il y a une divergence avec vous, madame la commissaire. Vous proposez d'aller dans le sens de la contractualisation. Je vous le dis par avance. Contractualiser entre industriels et agriculteurs, à terme, les industries étant concurrentielles entre elles, fera qu'on engagera une concurrence à l'échelle de l'Europe. Nous avons besoin, pour réguler un marché, d'une régulation publique. Il n'y a pas d'autre alternative. C'est là que le débat devra s'engager. Après cette crise. Et je pense que sur ce débat-là, il faut respecter tous les opinions et toutes les options. Et je crains que nous soyons allés trop vite au moment du bilan de santé pour régler une question comme les quotas, qui jusqu'ici, je le dis à tous ceux qui sont intervenus, ont permis à la fois de maintenir une production laitière en Europe, d'assurer une industrie laitière extrêmement développée et en même temps d'assurer un prix pour les consommateurs qui était jusqu'ici tout à fait supportable. Merci Madame la Commissaire.","Madame la Présidente , Madame la Commissaire , je vais être court .
Je pense qu ’ il y a deux éléments dans ce débat . La question conjoncturelle : comment sortir de cette crise ? Toutes les mesures qui vont de l ’ aide aux agriculteurs aux mesures d ’ intervention sont nécessaires et absolument nécessaires . Il faut les soutenir et même envisager qu ’ elles soient plus importantes . C ’ est ce que nous proposons avec un certain nombre de collègues , ici , au Parlement .
Puis , deuxièmement , il y a une question posée de manière structurelle sur la gestion du marché du lait , et c ’ est là qu ’ il y a une divergence avec vous , Madame la Commissaire . Vous proposez d ’ aller dans le sens de la contractualisation . Je vous le dis par avance : contractualiser entre industriels et agriculteurs fera qu ’ on engagera , à terme , les industries étant concurrentielles entre elles , une concurrence à l ’ échelle de l ’ Europe .
Nous avons besoin , pour réguler un marché , d ’ une régulation publique . Il n ’ y a pas d ’ autre solution . C ’ est là que le débat devra s ’ engager après cette crise . Je pense que sur ce débat-là , il faut respecter toutes les opinions et toutes les options , et je crains que nous soyons allés trop vite au moment du bilan de santé pour régler une question comme les quotas , qui jusqu ’ ici , je le dis à tous ceux qui sont intervenus , ont permis à la fois de maintenir une production laitière en Europe , d ’ assurer une industrie laitière extrêmement développée et , en même temps , de préserver un prix pour les consommateurs , qui était jusqu ’ ici tout à fait supportable .
"
de,en.20110609.5.4-065-000,offline,,39.0095625,36.71552988300027,0.9411930698530718," Erstens habe ich deshalb so aufgeregt reagiert, weil ich mich immer noch ärgere darüber, dass wir es nicht geschafft haben, eine gemeinsame Resolution zur Sicherheit hier hinzubekommen. Weil die Verabsolutierung einer Position wichtiger war als die Gemeinsamkeit. Zweitens habe ich damals in der Debatte, und erkläre das jetzt auch nochmal, erklärt, dass auch ich dazugelernt habe und heute sehe, dass wir im Bereich von mehr Sicherheitsbestimmungen für europäische Kernkraftwerke mehr tun müssen, mehr Druck machen müssen, mehr Initiative zeigen müssen. Genau deshalb war ich für die gemeinsame Resolution und deshalb bin ich dafür, dass wir mit dem Kommissar den Rücken stärken und nicht permanent angreifen.","Erstens habe ich deshalb so aufgeregt reagiert , weil ich mich immer noch darüber ärgere , dass wir es nicht geschafft haben , eine Gemeinsame Entschließung zur Sicherheit hinzubekommen , weil die Verabsolutierung einer Position wichtiger war als die Gemeinsamkeit .
Zweitens habe ich damals in der Debatte erklärt – und ich erkläre das hier auch nochmals – , dass auch ich dazugelernt habe und heute sehe , dass wir im Bereich von höherer Sicherheitsbestimmungen für europäische Kernkraftwerke mehr tun müssen , mehr Druck machen müssen , mehr Initiative zeigen müssen .
Genau deshalb war ich für die Gemeinsame Entschließung , und deshalb bin ich dafür , dass wir dem Kommissar den Rücken stärken und ihn nicht permanent angreifen !
"
de,en.20110609.5.4-065-000,streaming,,39.0095625,36.710792809997656,0.9410716362173417," Erstens habe ich deshalb so aufgeregt reagiert, weil ich mich immer noch ärgere darüber, dass wir es nicht geschafft haben, eine gemeinsame Resolution zur Sicherheit hier hinzubekommen. Weil die Verabsolutierung einer Position wichtiger war als die Gemeinsamkeit. Zweitens habe ich damals in der Debatte, und erkläre das jetzt auch nochmal, erklärt, dass auch ich dazugelernt habe und heute sehe, dass wir im Bereich von mehr Sicherheitsbestimmungen für europäische Kernkraftwerke mehr tun müssen, mehr Druck machen müssen, mehr Initiative zeigen müssen. Genau deshalb war ich für die gemeinsame Resolution und deshalb bin ich dafür, dass wir mit dem Kommissar den Rücken stärken und nicht permanent angreifen.","Erstens habe ich deshalb so aufgeregt reagiert , weil ich mich immer noch darüber ärgere , dass wir es nicht geschafft haben , eine Gemeinsame Entschließung zur Sicherheit hinzubekommen , weil die Verabsolutierung einer Position wichtiger war als die Gemeinsamkeit .
Zweitens habe ich damals in der Debatte erklärt – und ich erkläre das hier auch nochmals – , dass auch ich dazugelernt habe und heute sehe , dass wir im Bereich von höherer Sicherheitsbestimmungen für europäische Kernkraftwerke mehr tun müssen , mehr Druck machen müssen , mehr Initiative zeigen müssen .
Genau deshalb war ich für die Gemeinsame Entschließung , und deshalb bin ich dafür , dass wir dem Kommissar den Rücken stärken und ihn nicht permanent angreifen !
"
de,en.20080924.5.3-076,offline,,37.012625,34.52178157900198,0.9327028704125141," Danke, Herr Präsident. Indien und Europa brauchen mehr und bessere Kontakte miteinander auf allen Ebenen. Vor allem auch auf dem Niveau von sogenannten normalen Menschen, Geschäftsreisenden, Touristen, Studenten und so weiter. Eine kurze Anmerkung dazu. Sie hat auch für das Gesetzgebungsprogramm der Kommission über das wir vorher diskutiert haben, Bedeutung. Im weltweiten Flugverkehr brauchen wir gute Sicherheitsvorschriften, solche, die etwas bringen und keine bloßen Alibi-Maßnahmen. Es wäre daher eine vernünftige, wirklich notwendige Maßnahme, endlich die sinnlosen Liquids-Vorschriften einmal aufzuheben und sich etwas Besseres einfallen zu lassen.","Herr Präsident ! Indien und Europa brauchen mehr und bessere Kontakte miteinander auf allen Ebenen , vor allem auch auf dem Niveau von so genannten normalen Menschen : Geschäftsreisende , Touristen , Studenten usw.
Eine kurze Anmerkung dazu – sie hat auch für das Gesetzgebungsprogramm der Kommission , über das wir vorher diskutiert haben , Bedeutung . Im weltweiten Flugverkehr brauchen wir gute Sicherheitsvorschriften , solche , die etwas bringen , und keine bloßen Alibimaßnahmen . Es wäre daher eine vernünftige , wirklich notwendige Maßnahme , endlich einmal die sinnlosen Vorschriften für das Mitführen von Flüssigkeiten aufzuheben und sich etwas Besseres einfallen zu lassen .
"
de,en.20080924.5.3-076,streaming,,37.012625,34.60227644200131,0.934877665175094," Danke, Herr Präsident. Indien und Europa brauchen mehr und bessere Kontakte miteinander auf allen Ebenen. Vor allem auch auf dem Niveau von sogenannten normalen Menschen, Geschäftsreisenden, Touristen, Studenten und so weiter. Eine kurze Anmerkung dazu. Sie hat auch für das Gesetzgebungsprogramm der Kommission über das wir vorher diskutiert haben, Bedeutung. Im weltweiten Flugverkehr brauchen wir gute Sicherheitsvorschriften, solche, die etwas bringen und keine bloßen Alibi-Maßnahmen. Es wäre daher eine vernünftige, wirklich notwendige Maßnahme, endlich die sinnlosen Liquids-Vorschriften einmal aufzuheben und sich etwas Besseres einfallen zu lassen.","Herr Präsident ! Indien und Europa brauchen mehr und bessere Kontakte miteinander auf allen Ebenen , vor allem auch auf dem Niveau von so genannten normalen Menschen : Geschäftsreisende , Touristen , Studenten usw.
Eine kurze Anmerkung dazu – sie hat auch für das Gesetzgebungsprogramm der Kommission , über das wir vorher diskutiert haben , Bedeutung . Im weltweiten Flugverkehr brauchen wir gute Sicherheitsvorschriften , solche , die etwas bringen , und keine bloßen Alibimaßnahmen . Es wäre daher eine vernünftige , wirklich notwendige Maßnahme , endlich einmal die sinnlosen Vorschriften für das Mitführen von Flüssigkeiten aufzuheben und sich etwas Besseres einfallen zu lassen .
"
de,en.20090506.41.3-443,offline,,60.000375,56.09352987799866,0.9348863215938011," Frau Vizepräsidentin, auf die heutige Entscheidung des tschechischen Senats, die wir mit sehr großer Freude begrüßen und herzlich gratulieren, reagierte der Präsident Klaus unter anderem mit der Behauptung, der Lissaboner Vertrag sei trotzdem tot, weil durch das Referendum in Irland abgelehnt. Damit reitet er als politischer Zombie eine Attacke gegen Mehrheitsentscheidungen des eigenen Parlaments und des Senats und bestätigt seine unrühmliche und sektiererische Haltung auch in anderen Bereichen der Politik. Zum Glück macht er sich nach den positiven Abstimmungen nur selbst lächerlich. Wir Grüne stehen dem europäischen Integrationsprozess positiv und konstruktiv gegenüber. Natürlich auch mit kritischen Bemerkungen, wo es notwendig ist. Nochmals herzlichen Dank dem tschechischen Senat, Parlament und der Regierung.","Herr Präsident , Frau Vizepräsidentin ! Auf die heutige Entscheidung des tschechischen Senats , die wir mit sehr großer Freude begrüßen und zu der wir herzlich gratulieren , reagierte Präsident Klaus unter anderem mit der Behauptung , der Lissabon-Vertrag sei trotzdem tot , weil er durch das Referendum in Irland abgelehnt wurde .
Damit reitet er als politischer Zombie eine Attacke gegen Mehrheitsentscheidungen des eigenen Parlaments und des Senats und bestätigt seine unrühmliche und sektiererische Haltung auch in anderen Bereichen der Politik . Zum Glück macht er sich nach den positiven Abstimmungen nur selbst lächerlich . Wir Grüne stehen dem europäischen Integrationsprozess positiv und konstruktiv gegenüber , natürlich auch mit kritischen Bemerkungen , wo es notwendig ist .
Nochmals herzlichen Dank dem tschechischen Senat , dem Parlament und der Regierung !
"
de,en.20090506.41.3-443,streaming,,60.000375,56.87198113100021,0.9478604280556615," Frau Vizepräsidentin, auf die heutige Entscheidung des tschechischen Senats, die wir mit sehr großer Freude begrüßen und herzlich gratulieren, reagierte der Präsident Klaus unter anderem mit der Behauptung, der Lissaboner Vertrag sei trotzdem tot, weil durch das Referendum in Irland abgelehnt. Damit reitet er als politischer Zombie eine Attacke gegen Mehrheitsentscheidungen des eigenen Parlaments und des Senats und bestätigt seine unrühmliche und sektiererische Haltung auch in anderen Bereichen der Politik. Zum Glück macht er sich nach den positiven Abstimmungen nur selbst lächerlich. Wir Grüne stehen dem europäischen Integrationsprozess positiv und konstruktiv gegenüber. Natürlich auch mit kritischen Bemerkungen, wo es notwendig ist. Nochmals herzlichen Dank dem tschechischen Senat, Parlament und der Regierung.","Herr Präsident , Frau Vizepräsidentin ! Auf die heutige Entscheidung des tschechischen Senats , die wir mit sehr großer Freude begrüßen und zu der wir herzlich gratulieren , reagierte Präsident Klaus unter anderem mit der Behauptung , der Lissabon-Vertrag sei trotzdem tot , weil er durch das Referendum in Irland abgelehnt wurde .
Damit reitet er als politischer Zombie eine Attacke gegen Mehrheitsentscheidungen des eigenen Parlaments und des Senats und bestätigt seine unrühmliche und sektiererische Haltung auch in anderen Bereichen der Politik . Zum Glück macht er sich nach den positiven Abstimmungen nur selbst lächerlich . Wir Grüne stehen dem europäischen Integrationsprozess positiv und konstruktiv gegenüber , natürlich auch mit kritischen Bemerkungen , wo es notwendig ist .
Nochmals herzlichen Dank dem tschechischen Senat , dem Parlament und der Regierung !
"
de,en.20090402.6.4-034,offline,,75.0005,72.8276468969998,0.971028818434541," Vielen Dank, Frau Präsidentin. Verehrte Kollegen, grundsätzlich begrüße ich das Europäische Umweltzeichen. Und es ist richtig, dass wir einen neuen Anlauf unternehmen, um dieses Umweltzeichen der Gemeinschaft weiter zu verbreiten. Und ich finde es auch richtig, dass wir in Zukunft an der Freiwilligkeit festhalten. Das Zeichen wird sich künftig nur dann durchsetzen, wenn es klare Kriterien und Maßstäbe gibt, die den Erwerb dieses Zeichens voraussetzen. Hier appelliere ich an die EU-Kommission, vernünftige, klare, verständliche Kriterien zu erarbeiten. Der Anreizgedanke muss dabei im Vordergrund stehen. Es wäre bedauerlich, wenn die Etablierung des Umweltzeichens ein Bürokratiehürden scheitert. Über Erfolg oder Misserfolg entscheidet am Ende der Verbraucher, denn bei ihm muss es auf Akzeptanz stoßen. Auch wenn ich persönlich sehr am Blauen Engel, den wir in Deutschland haben, hänge, darf es am Ende keine Geschmacksfrage sein, sondern es kommt darauf an, dass dem Verbraucher auf einen Blick vermittelt wird, welche besonderen Eigenschaften ein Produkt hat. Ein Mehrwert für den Verbraucher entsteht nur dann, wenn die Mitgliedstaaten auf ihre jeweiligen eigenen Zeichen verzichten und es am Ende ein einheitliches Zeichen auf europäischer Ebene gibt. Ein Wirrwarr an Symbolen verunsichert den Verbraucher und informiert ihn nicht. Ein Zeichen, eine Aussage dafür sollten wir gemeinsam arbeiten. Dankeschön.","Frau Präsidentin , verehrte Kollegen ! Grundsätzlich begrüße ich das Europäische Umweltzeichen . Es ist richtig , dass wir einen neuen Anlauf unternehmen , um dieses Umweltzeichen der Gemeinschaft weiter zu verbreiten . Ich finde es auch richtig , dass wir in Zukunft an der Freiwilligkeit festhalten .
Das Zeichen wird sich künftig nur dann durchsetzen , wenn es klare Kriterien und Maßstäbe gibt , die den Erwerb dieses Zeichens voraussetzen . Hier appelliere ich an die EU-Kommission , vernünftige , klare und verständliche Kriterien zu erarbeiten . Der Anreizgedanke muss dabei im Vordergrund stehen . Es wäre bedauerlich , wenn die Etablierung des Umweltzeichens an Bürokratiehürden scheitert .
Über Erfolg oder Misserfolg des Zeichens entscheidet am Ende der Verbraucher , denn bei ihm muss es auf Akzeptanz stoßen . Auch wenn ich persönlich sehr am blauen Engel , den wir in Deutschland haben , hänge , darf es am Ende keine Geschmacksfrage sein , sondern es kommt darauf an , dass dem Verbraucher auf einen Blick vermittelt wird , welche besonderen Eigenschaften ein Produkt hat . Ein Mehrwert für den Verbraucher entsteht nur dann , wenn die Mitgliedstaaten auf ihre jeweiligen eigenen Zeichen verzichten , und es am Ende ein einheitliches Zeichen auf europäischer Ebene gibt . Ein Wirrwarr an Symbolen verunsichert den Verbraucher und informiert ihn nicht . Ein Zeichen , eine Aussage – dafür sollten wir gemeinsam arbeiten .
"
de,en.20090402.6.4-034,streaming,,75.0005,69.2676993770001,0.9235631679388817," Vielen Dank, Frau Präsidentin. Verehrte Kollegen, grundsätzlich begrüße ich das Europäische Umweltzeichen. Und es ist richtig, dass wir einen neuen Anlauf unternehmen, um dieses Umweltzeichen der Gemeinschaft weiter zu verbreiten. Und ich finde es auch richtig, dass wir in Zukunft an der Freiwilligkeit festhalten. Das Zeichen wird sich künftig nur dann durchsetzen, wenn es klare Kriterien und Maßstäbe gibt, die den Erwerb dieses Zeichens voraussetzen. Und hier appelliere ich an die EU-Kommission, vernünftige, klare, verständliche Kriterien zu erarbeiten. Der Anreizgedanke muss dabei im Vordergrund stehen. Es wäre bedauerlich, wenn die Etablierung des Umweltzeichens ein Bürokratiehürden scheitert. Über Erfolg oder Misserfolg entscheidet am Ende der Verbraucher, denn bei ihm muss es auf Akzeptanz stoßen. Auch wenn ich persönlich sehr am Blauen Engel, den wir in Deutschland haben, hänge, darf es am Ende keine Geschmacksfrage sein, sondern es kommt darauf an, dass dem Verbraucher auf einen Blick vermittelt wird, welche besonderen Eigenschaften ein Produkt hat. Ein Mehrwert für den Verbraucher entsteht nur dann, wenn die Mitgliedstaaten auf ihre jeweiligen eigenen Zeichen verzichten und es am Ende ein einheitliches Zeichen auf europäischer Ebene gibt. Ein Wirrwarr an Symbolen verunsichert den Verbraucher und informiert ihn nicht. Ein Zeichen, eine Aussage dafür sollten wir gemeinsam arbeiten. Dankeschön.","Frau Präsidentin , verehrte Kollegen ! Grundsätzlich begrüße ich das Europäische Umweltzeichen . Es ist richtig , dass wir einen neuen Anlauf unternehmen , um dieses Umweltzeichen der Gemeinschaft weiter zu verbreiten . Ich finde es auch richtig , dass wir in Zukunft an der Freiwilligkeit festhalten .
Das Zeichen wird sich künftig nur dann durchsetzen , wenn es klare Kriterien und Maßstäbe gibt , die den Erwerb dieses Zeichens voraussetzen . Hier appelliere ich an die EU-Kommission , vernünftige , klare und verständliche Kriterien zu erarbeiten . Der Anreizgedanke muss dabei im Vordergrund stehen . Es wäre bedauerlich , wenn die Etablierung des Umweltzeichens an Bürokratiehürden scheitert .
Über Erfolg oder Misserfolg des Zeichens entscheidet am Ende der Verbraucher , denn bei ihm muss es auf Akzeptanz stoßen . Auch wenn ich persönlich sehr am blauen Engel , den wir in Deutschland haben , hänge , darf es am Ende keine Geschmacksfrage sein , sondern es kommt darauf an , dass dem Verbraucher auf einen Blick vermittelt wird , welche besonderen Eigenschaften ein Produkt hat . Ein Mehrwert für den Verbraucher entsteht nur dann , wenn die Mitgliedstaaten auf ihre jeweiligen eigenen Zeichen verzichten , und es am Ende ein einheitliches Zeichen auf europäischer Ebene gibt . Ein Wirrwarr an Symbolen verunsichert den Verbraucher und informiert ihn nicht . Ein Zeichen , eine Aussage – dafür sollten wir gemeinsam arbeiten .
"
de,en.20090915.18.2-175,offline,,76.997375,73.86029346299983,0.9592572923817186," Vielen Dank, Herr Giegold. Eine Minute. In Europa kam nicht nur durch unethisches Verhalten auf den Finanzmärkten, Herr Barroso. Da sind die wachsende soziale Ungleichheit, da sind die gefährlichen und unsolidarischen makroökonomischen Ungleichgewichte zwischen den Mitgliedsländern. Und da ist die Abhängigkeit Europas von steigenden Ressourcenpreisen. Die Bürgerinnen und Bürger Europas haben eine Kommission verdient, die diese tieferen Ursachen immer wieder auf die Tagesordnung setzt, statt sie zu tabuisieren, statt das Gegenteil davon zu tun, statt die Verantwortung auf die Mitgliedstaaten zu schieben. Wir brauchen eine echte europäische Koordination der Wirtschafts- und Fiskalpolitik. Wir brauchen eine steuerliche Zusammenarbeit in Europa, die Steuerdumping beendet. Erst dann wird es möglich, die soziale Spaltung aufzuhalten und die notwendigen ökologischen Investitionen zu finanzieren. Wir brauchen eine Politik, die grüne Technologien und Lebensstile so konsequent fördert, dass die Abhängigkeit der EU von endlichen Ressourcen steil sinkt. Das ist eine ökologische grüne Revolution. All das finde ich so in Ihrem Programm nicht, Herr Barroso. Das ist der Grund, warum ich Sie nicht wählen kann.","Herr Präsident ! Die Tiefe der Krise in Europa kam nicht nur durch unethisches Verhalten auf den Finanzmärkten , Herr Barroso . Da sind die wachsende soziale Ungleichheit , die gefährlichen und unsolidarischen makroökonomischen Ungleichgewichte zwischen den Mitgliedstaaten , und da ist die Abhängigkeit Europas von steigenden Ressourcenpreisen .
Die Bürgerinnen und Bürger Europas haben eine Kommission verdient , die diese tieferen Ursachen immer wieder auf die Tagesordnung setzten , anstatt sie zu tabuisieren , anstatt das Gegenteil davon zu tun , anstatt die Verantwortung auf die Mitgliedstaaten zu schieben . Wir brauchen eine echte europäische Koordination der Wirtschafts- und Fiskalpolitik . Wir brauchen eine steuerliche Zusammenarbeit in Europa , die Steuerdumping ein Ende setzt . Erst dann wird es möglich , die soziale Spaltung aufzuhalten und die notwendigen ökologischen Investitionen zu finanzieren . Wir brauchen eine Politik , die grüne Technologien und Lebensstile so konsequent fördert , dass die Abhängigkeit der EU von endlichen Ressourcen rapide sinkt . Das ist eine ökologische grüne Revolution !
All das finde ich so in Ihrem Programm nicht , Herr Barroso . Das ist der Grund , warum ich Sie nicht wählen kann .
"
de,en.20090915.18.2-175,streaming,,76.997375,69.70189496300009,0.9052502759087577," Vielen Dank, Herr Giegold. Eine Minute. In Europa kam nicht nur durch unethisches Verhalten auf den Finanzmärkten, Herr Barroso. Da sind die wachsende soziale Ungleichheit, da sind die gefährlichen und unsolidarischen makroökonomischen Ungleichgewichte zwischen den Mitgliedsländern. Und da ist die Abhängigkeit Europas von steigenden Ressourcenpreisen. Die Bürgerinnen und Bürger Europas haben eine Kommission verdient, die diese tieferen Ursachen immer wieder auf die Tagesordnung setzt, statt sie zu tabuisieren, statt das Gegenteil davon zu tun, statt die Verantwortung auf die Mitgliedstaaten zu schieben. Wir brauchen eine echte europäische Koordination der Wirtschafts- und Fiskalpolitik. Wir brauchen eine steuerliche Zusammenarbeit in Europa, die Steuerdumping beendet. Erst dann wird es möglich, die soziale Spaltung aufzuhalten und die notwendigen ökologischen Investitionen zu finanzieren. Wir brauchen eine Politik, die grüne Technologien und Lebensstile so konsequent fördert, dass die Abhängigkeit der EU von endlichen Ressourcen steil sinkt. Das ist eine ökologische grüne Revolution. All das finde ich so in Ihrem Programm nicht, Herr Barroso. Das ist der Grund, warum ich Sie nicht wählen kann.","Herr Präsident ! Die Tiefe der Krise in Europa kam nicht nur durch unethisches Verhalten auf den Finanzmärkten , Herr Barroso . Da sind die wachsende soziale Ungleichheit , die gefährlichen und unsolidarischen makroökonomischen Ungleichgewichte zwischen den Mitgliedstaaten , und da ist die Abhängigkeit Europas von steigenden Ressourcenpreisen .
Die Bürgerinnen und Bürger Europas haben eine Kommission verdient , die diese tieferen Ursachen immer wieder auf die Tagesordnung setzten , anstatt sie zu tabuisieren , anstatt das Gegenteil davon zu tun , anstatt die Verantwortung auf die Mitgliedstaaten zu schieben . Wir brauchen eine echte europäische Koordination der Wirtschafts- und Fiskalpolitik . Wir brauchen eine steuerliche Zusammenarbeit in Europa , die Steuerdumping ein Ende setzt . Erst dann wird es möglich , die soziale Spaltung aufzuhalten und die notwendigen ökologischen Investitionen zu finanzieren . Wir brauchen eine Politik , die grüne Technologien und Lebensstile so konsequent fördert , dass die Abhängigkeit der EU von endlichen Ressourcen rapide sinkt . Das ist eine ökologische grüne Revolution !
All das finde ich so in Ihrem Programm nicht , Herr Barroso . Das ist der Grund , warum ich Sie nicht wählen kann .
"
de,en.20121023.18.2-333-000,offline,,67.9880625,61.9467898139992,0.9111421554923588," You'll use Guter, they're not harmless, but in the hands of authoritarian regimes, they can be so dangerous as machine guns or panzers. We undermine our foreign goals, when we surveillance technologies send democratic movements to control democratic regimes. It was European handheld software from Nokia Siemens Network that Iranian security forces forced the green protest wave in the hands of the protesters. Protestants were massively carried, arrested, tortured and punished. And that is only one example of many. Dazu kommt auch noch, dass die Kommission mit dem Maßnahmenkatalog für innovative und wettbewerbsfähige Sicherheitsbranchen, wie es heißt, diese zweifelhaften Dual-Use-Güter fördert. Und Ziel ist es, eine, wie es heißt, bessere Nutzung der Synergien zwischen Sicherheits- und Verteidigungstechnologien herzustellen. Wir laufen Gefahr, zum Wohle einer fragwürdigen Industriepolitik Menschenrechte, aber auch unsere Sicherheitsinteressen sprichwörtlich auszuverkaufen. Deswegen möchte ich Sie bitten, den Änderungsanträgen von uns und den Sozialdemokraten und ALDE zuzustimmen.","Herr Präsident ! Güter mit doppeltem Verwendungszweck sehen oft harmlos aus , aber in den Händen von autoritären Regimen können sie so gefährlich sein wie Maschinengewehre oder Panzer . Wir untergraben unsere außenpolitischen Ziele , wenn wir Überwachungstechnologien an autoritäre Regime schicken , die damit demokratische Bewegungen kontrollieren und unterdrücken können . Es war europäische Handysoftware von Nokia Siemens Networks , die iranischen Sicherheitskräften bei der Niederschlagung der grünen Protestwelle in die Hände gespielt hat . Protestierende wurde massenhaft verschleppt , verhaftet , gefoltert und zum Tode verurteilt . Das ist nur ein Beispiel von vielen .
Dazu kommt auch noch , dass die Kommission mit dem Maßnahmenkatalog für innovative und wettbewerbsfähige Sicherheitsbranchen – wie es heißt – diese zweifelhaften Güter mit doppeltem Verwendungszweck fördert . Ziel ist es , eine bessere Nutzung der Synergien zwischen Sicherheits- und Verteidigungstechnologien herzustellen . Wir laufen Gefahr , zum Wohl einer fragwürdigen Industriepolitik , Menschenrechte , aber auch unsere Sicherheitsinteressen , sprichwörtlich auszuverkaufen . Deswegen bitte ich Sie , den Änderungsanträgen unserer Fraktion und der Sozialdemokraten und der ALDE zuzustimmen .
"
de,en.20121023.18.2-333-000,streaming,,67.9880625,63.901050055003,0.9398863227644265," You'll use Guter, they're not harmless, but in the hands of authoritarian regimes, they can be so dangerous as machine guns or panzers. We undermine our foreign goals, when we surveillance technologies send democratic movements to control. It was European handheld software from Nokia Siemens Network that Iranian security forces forced the green protest wave in the hands. Protestants were massively carried, arrested, tortured and punished. And that is only one example of many. Dazu kommt auch noch, dass die Kommission mit dem Maßnahmenkatalog für innovative und wettbewerbsfähige Sicherheitsbranchen, wie es heißt, diese zweifelhaften Dual-Use-Güter fördert. Und Ziel ist es, eine, wie es heißt, bessere Nutzung der Synergien zwischen Sicherheits- und Verteidigungstechnologien herzustellen. Wir laufen Gefahr, zum Wohle einer fragwürdigen Industriepolitik Menschenrechte, aber auch unsere Sicherheitsinteressen sprichwörtlich auszuverkaufen. Deswegen möchte ich Sie bitten, den Änderungsanträgen von uns und den Sozialdemokraten und ALDE zuzustimmen.","Herr Präsident ! Güter mit doppeltem Verwendungszweck sehen oft harmlos aus , aber in den Händen von autoritären Regimen können sie so gefährlich sein wie Maschinengewehre oder Panzer . Wir untergraben unsere außenpolitischen Ziele , wenn wir Überwachungstechnologien an autoritäre Regime schicken , die damit demokratische Bewegungen kontrollieren und unterdrücken können . Es war europäische Handysoftware von Nokia Siemens Networks , die iranischen Sicherheitskräften bei der Niederschlagung der grünen Protestwelle in die Hände gespielt hat . Protestierende wurde massenhaft verschleppt , verhaftet , gefoltert und zum Tode verurteilt . Das ist nur ein Beispiel von vielen .
Dazu kommt auch noch , dass die Kommission mit dem Maßnahmenkatalog für innovative und wettbewerbsfähige Sicherheitsbranchen – wie es heißt – diese zweifelhaften Güter mit doppeltem Verwendungszweck fördert . Ziel ist es , eine bessere Nutzung der Synergien zwischen Sicherheits- und Verteidigungstechnologien herzustellen . Wir laufen Gefahr , zum Wohl einer fragwürdigen Industriepolitik , Menschenrechte , aber auch unsere Sicherheitsinteressen , sprichwörtlich auszuverkaufen . Deswegen bitte ich Sie , den Änderungsanträgen unserer Fraktion und der Sozialdemokraten und der ALDE zuzustimmen .
"
de,en.20101007.5.4-053,offline,,63.019,57.90615746700132,0.9188682376267685," Meine lieben Kolleginnen und Kollegen, meine sehr verehrten Herren Kommissare, wie wichtig die Kohäsions- und Regionalpolitik für das Zusammenleben und Zusammenwachsen in Europa ist, muss ich nicht extra betonen. Ich glaube aber auch, die Regionalpolitik und Kohäsionspolitik der Zukunft muss sich verstärkt den Städten widmen. Denn die Städte sind ein wichtiger Motor in der Entwicklung Europas. Gleichzeitig spüren sie aber im Moment ganz besonders ökologische, ökonomische und soziale Probleme. Daher meine ganz konkrete Frage an Herrn Kommissar Hahn. Welche Möglichkeiten sehen Sie, um die städtischen Dimensionen hervorzuheben? Ganz konkret, Herr Kommissar, Sie hatten kürzlich bei einer Veranstaltung hier im Hause angedeutet, dass Sie sich einem bestimmten Prozentsatz vorstellen können, der von den Regionalgeldern reserviert ist, gerade um die städtische Dimension hervorzuheben. Sind diese Überlegungen noch aktuell? Wenn ja, wie hoch könnte dieser Prozentsatz gegebenenfalls sein? Vielen Dank.","Herr Präsident , meine lieben Kolleginnen und Kollegen , meine sehr verehrten Herren Kommissare ! Wie wichtig die Kohäsions- und Regionalpolitik für das Zusammenleben und Zusammenwachsen in Europa ist , muss ich nicht extra betonen . Ich glaube aber auch , die Regionalpolitik und Kohäsionspolitik der Zukunft muss sich verstärkt den Städten widmen . Denn die Städte sind ein wichtiger Motor in der Entwicklung Europas . Gleichzeitig spüren sie aber im Moment ganz besonders ökologische , ökonomische und soziale Probleme .
Daher meine ganz konkrete Frage an Herrn Kommissar Hahn : Welche Möglichkeiten sehen Sie , um die städtische Dimension hervorzuheben ? Ganz konkret , Herr Kommissar : Sie hatten kürzlich bei einer Veranstaltung hier im Hause angedeutet , dass Sie sich einen bestimmten Prozentsatz vorstellen können , der von den Regionalgeldern reserviert ist , gerade um die städtische Dimension hervorzuheben . Sind diese Überlegungen noch aktuell ? Wenn ja , wie hoch könnte dieser Prozentsatz gegebenenfalls sein ?
"
de,en.20101007.5.4-053,streaming,,63.019,58.14614659599829,0.9226764403750979," Meine lieben Kolleginnen und Kollegen, meine sehr verehrten Herren Kommissare, wie wichtig die Kohäsions- und Regionalpolitik für das Zusammenleben und Zusammenwachsen in Europa ist, muss ich nicht extra betonen. Ich glaube aber auch, die Regionalpolitik und Kohäsionspolitik der Zukunft muss sich verstärkt den Städten widmen. Denn die Städte sind ein wichtiger Motor in der Entwicklung Europas. Gleichzeitig spüren sie aber im Moment ganz besonders ökologische, ökonomische und soziale Probleme. Daher meine ganz konkrete Frage an Herrn Kommissar Hahn. Welche Möglichkeiten sehen Sie, um die städtischen Dimensionen hervorzuheben? Ganz konkret, Herr Kommissar, Sie hatten kürzlich bei einer Veranstaltung hier im Hause angedeutet, dass Sie sich einem bestimmten Prozentsatz vorstellen können, der von den Regionalgeldern reserviert ist, gerade um die städtische Dimension hervorzuheben. Sind diese Überlegungen noch aktuell? Wenn ja, wie hoch könnte dieser Prozentsatz gegebenenfalls sein? Vielen Dank.","Herr Präsident , meine lieben Kolleginnen und Kollegen , meine sehr verehrten Herren Kommissare ! Wie wichtig die Kohäsions- und Regionalpolitik für das Zusammenleben und Zusammenwachsen in Europa ist , muss ich nicht extra betonen . Ich glaube aber auch , die Regionalpolitik und Kohäsionspolitik der Zukunft muss sich verstärkt den Städten widmen . Denn die Städte sind ein wichtiger Motor in der Entwicklung Europas . Gleichzeitig spüren sie aber im Moment ganz besonders ökologische , ökonomische und soziale Probleme .
Daher meine ganz konkrete Frage an Herrn Kommissar Hahn : Welche Möglichkeiten sehen Sie , um die städtische Dimension hervorzuheben ? Ganz konkret , Herr Kommissar : Sie hatten kürzlich bei einer Veranstaltung hier im Hause angedeutet , dass Sie sich einen bestimmten Prozentsatz vorstellen können , der von den Regionalgeldern reserviert ist , gerade um die städtische Dimension hervorzuheben . Sind diese Überlegungen noch aktuell ? Wenn ja , wie hoch könnte dieser Prozentsatz gegebenenfalls sein ?
"
de,en.20110406.34.3-576-000,offline,,71.981875,66.67750912700285,0.9263097012546957," Damit hat Frau Gabriele Zimmer das Wort. Ich möchte eigentlich die beiden Vertreter von Rat und Kommission fragen, warum sie glauben, hier zu diesem Thema mit Sprechblasen antreten zu müssen. Ich glaube, es hilft niemandem, wenn ich ganz konkret ausgesprochen werde, dass gerade in Vorbereitung auf die Istanbuler Konferenz die Mitgliedstaaten der Europäischen Union und die Europäische Union ihren Verpflichtungen für die Entwicklungshilfe endlich vollständig nachkommen muss und das in keiner Weise geduldet werden kann, dass sich Mitgliedstaaten dieser Verpflichtung zunehmend entziehen. Es ist nicht hinnehmbar, dass eine Milliarde Menschen täglich immer noch hungern und dass die meisten davon in den LDC, also in den ärmsten Ländern der Welt, leben. Und es ist nicht hinnehmbar, dass ein Großteil unserer Entwicklungshilfe eben nicht in die Förderung und den Aufbau von landwirtschaftlichen Strukturen gehen, sondern dass dieser Anteil in den letzten Jahren rapide zurückgegangen ist. Dass bei einer Milliarde hungernder Menschen und dann davon zu reden, wir hoffen darauf, dass die LDC mehr schockresistent werden, das halte ich schon langsam für zynisch. Ich fordere Sie auf, konkret und klar die Probleme anzusprechen und konkrete Verpflichtungen zu übernehmen, um den LDC auch tatsächlich zu helfen.","Herr Präsident ! Ich möchte eigentlich die beiden Vertreter von Rat und Kommission fragen , warum sie glauben , zu diesem Thema hier mit Sprechblasen antreten zu müssen . Ich glaube , es hilft niemandem , wenn nicht ganz konkret ausgesprochen wird , dass gerade in Vorbereitung auf die Istanbuler Konferenz die Mitgliedstaaten der Europäischen Union und die Europäische Union ihren Verpflichtungen für die Entwicklungshilfe endlich vollständig nachkommen müssen , und dass in keiner Weise geduldet werden kann , dass sich Mitgliedstaaten dieser Verpflichtung zunehmend entziehen .
Es ist nicht hinnehmbar , dass eine Milliarde Menschen täglich immer noch hungern und dass die meisten davon noch in den LDC , also in den ärmsten Ländern der Welt leben . Und es ist nicht hinnehmbar , dass ein Großteil unserer Entwicklungshilfe eben nicht in die Förderung und den Aufbau von landwirtschaftlichen Strukturen geht , sondern dass dieser Anteil in den letzten Jahren rapide zurückgegangen ist , und das bei einer Milliarde hungernder Menschen . Dann davon zu reden , dass wir darauf hoffen , dass die LDC schockresistenter werden , das halte ich schon langsam für zynisch .
Ich fordere Sie auf , konkret und klar die Probleme anzusprechen und konkrete Verpflichtungen zu übernehmen , um den LDC auch tatsächlich zu helfen !
"
de,en.20110406.34.3-576-000,streaming,,71.981875,67.94216494200009,0.9438787881254842," Damit hat Frau Gabriele Zimmer das Wort. Ich möchte eigentlich die beiden Vertreter von Rat und Kommission fragen, warum sie glauben, hier zu diesem Thema mit Sprechblasen antreten zu müssen. Ich glaube, es hilft niemandem, wenn ich ganz konkret ausgesprochen werde, dass gerade in Vorbereitung auf die Istanbuler Konferenz die Mitgliedstaaten der Europäischen Union und die Europäische Union ihren Verpflichtungen für die Entwicklungshilfe endlich vollständig nachkommen muss und das in keiner Weise geduldet werden kann, dass sich Mitgliedstaaten dieser Verpflichtung zunehmend entziehen. Es ist nicht hinnehmbar, dass eine Milliarde Menschen täglich immer noch hungern und dass die meisten davon in den LDC, also in den ärmsten Ländern der Welt, leben. Und es ist nicht hinnehmbar, dass ein Großteil unserer Entwicklungshilfe eben nicht in die Förderung und den Aufbau von landwirtschaftlichen Strukturen gehen, sondern dass dieser Anteil in den letzten Jahren rapide zurückgegangen ist. Dass bei einer Milliarde hungernder Menschen und dann davon zu reden, wir hoffen darauf, dass die LDC mehr schockresistent werden, das halte ich schon langsam für zynisch. Ich fordere Sie auf, konkret und klar die Probleme anzusprechen und konkrete Verpflichtungen zu übernehmen, um den LDC auch tatsächlich zu helfen.","Herr Präsident ! Ich möchte eigentlich die beiden Vertreter von Rat und Kommission fragen , warum sie glauben , zu diesem Thema hier mit Sprechblasen antreten zu müssen . Ich glaube , es hilft niemandem , wenn nicht ganz konkret ausgesprochen wird , dass gerade in Vorbereitung auf die Istanbuler Konferenz die Mitgliedstaaten der Europäischen Union und die Europäische Union ihren Verpflichtungen für die Entwicklungshilfe endlich vollständig nachkommen müssen , und dass in keiner Weise geduldet werden kann , dass sich Mitgliedstaaten dieser Verpflichtung zunehmend entziehen .
Es ist nicht hinnehmbar , dass eine Milliarde Menschen täglich immer noch hungern und dass die meisten davon noch in den LDC , also in den ärmsten Ländern der Welt leben . Und es ist nicht hinnehmbar , dass ein Großteil unserer Entwicklungshilfe eben nicht in die Förderung und den Aufbau von landwirtschaftlichen Strukturen geht , sondern dass dieser Anteil in den letzten Jahren rapide zurückgegangen ist , und das bei einer Milliarde hungernder Menschen . Dann davon zu reden , dass wir darauf hoffen , dass die LDC schockresistenter werden , das halte ich schon langsam für zynisch .
Ich fordere Sie auf , konkret und klar die Probleme anzusprechen und konkrete Verpflichtungen zu übernehmen , um den LDC auch tatsächlich zu helfen !
"
de,en.20090504.23.1-209,offline,,76.997375,70.37888757900146,0.9140426875461852," Die Verschmutzung der Meere ist ja immer nur dann im Mittelpunkt des Interesses, wenn es wieder zu einem spektakulären Zwischenfall gekommen ist. Und dann wird auch heftig über die Bedrohung unserer Meere durch diese dauernden Verschmutzungen diskutiert. Leider tritt das dann in der Zwischenzeit immer wieder sehr, sehr weit in den Hintergrund. Die ständigen und wiederholten Verstöße, die genauso viel und dramatisch dazu beitragen, dass nicht nur unsere Meere, sondern auch unsere Küsten unter einer Bedrohung leiden, waren von uns ernst zu nehmen. Und ich darf mich bei meinen Kollegen, mit denen wir diskutieren konnten, dafür bedanken, dass wir alle konsequent die Linie vertreten haben, dass unser Meer zu schützen ist. Ich spreche hier als Angehörige eines Binnenstaates. Trotzdem fühle ich als Europäerin die Verantwortung dafür, unsere Meere vor dauernden Verschmutzungen aus billigem wirtschaftlichen Interesse zu schützen und die Prinzipien auch des zweiten maritimen Paketes, des dritten maritimen Paketes zu integrieren, was dringend notwendig ist, wie es der Rechtsausschuss auch vorgeschlagen hat.","Herr Präsident ! Die Verschmutzung der Meere ist immer nur dann im Mittelpunkt des Interesses , wenn es wieder zu einem spektakulären Zwischenfall gekommen ist , und dann wird auch heftig über die Bedrohung unserer Meere durch diese dauernden Verschmutzungen diskutiert . Leider tritt das dann in der Zwischenzeit immer wieder sehr weit in den Hintergrund . Die ständigen und wiederholten Verstöße , die genauso viel und dramatisch dazu beitragen , dass nicht nur unsere Meere , sondern auch unsere Küsten unter einer Bedrohung leiden , waren von uns ernst zu nehmen .
Ich darf mich bei meinen Kollegen , mit denen wir diskutieren konnten , dafür bedanken , dass wir alle konsequent die Linie vertreten haben , dass unsere Meere zu schützen sind . Ich spreche hier als Angehörige eines Binnenstaates . Trotzdem fühle ich als Europäerin die Verantwortung dafür , unsere Meere vor dauernden Verschmutzungen aus billigem wirtschaftlichem Interesse zu schützen und auch die Prinzipien des dritten maritimen Pakets zu integrieren , was dringend notwendig ist , wie es der Rechtsausschuss auch vorgeschlagen hat .
"
de,en.20090504.23.1-209,streaming,,76.997375,70.70043641300072,0.9182187887963805," Die Verschmutzung der Meere ist ja immer nur dann im Mittelpunkt des Interesses, wenn es wieder zu einem spektakulären Zwischenfall gekommen ist. Und dann wird auch heftig über die Bedrohung unserer Meere durch diese dauernden Verschmutzungen diskutiert. Leider tritt das dann in der Zwischenzeit immer wieder sehr, sehr weit in den Hintergrund. Die ständigen und wiederholten Verstöße, die genauso viel und dramatisch dazu beitragen, dass nicht nur unsere Meere, sondern auch unsere Küsten unter einer Bedrohung leiden, waren von uns ernst zu nehmen. Und ich darf mich bei meinen Kollegen, mit denen wir diskutieren konnten, dafür bedanken, dass wir alle konsequent die Linie vertreten haben, dass unser Meer zu schützen ist. Ich spreche hier als Angehörige eines Binnenstaates. Trotzdem fühle ich als Europäerin die Verantwortung dafür, unsere Meere vor dauernden Verschmutzungen aus billigem wirtschaftlichen Interesse zu schützen und die Prinzipien auch des zweiten maritimen Paketes, des dritten maritimen Paketes zu integrieren, was dringend notwendig ist, wie es der Rechtsausschuss auch vorgeschlagen hat.","Herr Präsident ! Die Verschmutzung der Meere ist immer nur dann im Mittelpunkt des Interesses , wenn es wieder zu einem spektakulären Zwischenfall gekommen ist , und dann wird auch heftig über die Bedrohung unserer Meere durch diese dauernden Verschmutzungen diskutiert . Leider tritt das dann in der Zwischenzeit immer wieder sehr weit in den Hintergrund . Die ständigen und wiederholten Verstöße , die genauso viel und dramatisch dazu beitragen , dass nicht nur unsere Meere , sondern auch unsere Küsten unter einer Bedrohung leiden , waren von uns ernst zu nehmen .
Ich darf mich bei meinen Kollegen , mit denen wir diskutieren konnten , dafür bedanken , dass wir alle konsequent die Linie vertreten haben , dass unsere Meere zu schützen sind . Ich spreche hier als Angehörige eines Binnenstaates . Trotzdem fühle ich als Europäerin die Verantwortung dafür , unsere Meere vor dauernden Verschmutzungen aus billigem wirtschaftlichem Interesse zu schützen und auch die Prinzipien des dritten maritimen Pakets zu integrieren , was dringend notwendig ist , wie es der Rechtsausschuss auch vorgeschlagen hat .
"
de,en.20100506.3.4-027,offline,,76.997375,75.96245002399883,0.9865589576787367," Ja, danke. Zu Recht haben ja die Vorredner auf die Bedeutung der EIB schon hingewiesen. Kollegin Kadenbach etwa hat von dem so notwendigen Beitrag zur sozialen Konvergenz gesprochen. Ich möchte das in einen politischen Kontext stellen. Wir erleben mit großer Sorge, dass in immer mehr Staaten Parteien der extremen Rechten einen Zulauf gewinnen. Das tun sie auch. Weil eben die soziale Konvergenz in der Europäischen Union nicht so funktioniert, wie wir uns das alle gewünscht haben. Dabei treten sie sehr, sehr häufig, diese extremen Rechten, als Wolf im Schafspelz aus. Kaschieren damit eine dahinterstehende, massive, zynische Menschenverachtung. Letztes Beispiel, Herr Präsident, auch ich kenne Ihre politische Einstellung. Was Herr Mölzer gerade gemacht hat. Er hält eine ganz nette Rede, aber zwischendrin nennt er einen politischen Gegner, mich, einen Psychopathen. Das ist die Sprache des Hitlerfaschismus. Das ist die Art, wie die arbeiten. Da wurden auch schon politische Gegner zu Unmenschen gestempelt. Ich bitte Sie, entsprechend dagegen vorzugehen. Und ich bitte die Kollegen von der EIB, weitere Arbeit fortzusetzen, auch im Bereich der Transparenz noch etwas transparenter zu werden, weil Ihre Vorgangsweise ist auch eine Hilfe für den aufkommenden neuen Faschismus zu bekämpfen.","Herr Präsident ! Zu Recht haben die Vorredner schon auf die Bedeutung der EIB hingewiesen . Kollegin Kadenbach etwa hat von dem so notwendigen Beitrag zur sozialen Konvergenz gesprochen . Ich möchte das in einen politischen Kontext stellen . Wir erleben mit großer Sorge , dass in immer mehr Staaten Parteien der extremen Rechten an Zulauf gewinnen . Das tun sie auch , weil die soziale Konvergenz in der Europäischen Union eben nicht so funktioniert , wie wir uns das alle gewünscht haben .
Dabei treten diese extremen Rechten sehr , sehr häufig als Wolf im Schafspelz auf , kaschieren damit eine dahinterstehende massive zynische Menschenverachtung . Letztes Beispiel , Herr Präsident – auch ich kenne Ihre politische Einstellung – , was Herr Mölzer gerade gemacht hat : Er hält eine ganz nette Rede , aber zwischendrin nennt er einen politischen Gegner – mich – einen Psychopathen . Das ist die Sprache des Hitler-Faschismus ! Das ist die Art , wie die arbeiten ! Da wurden auch schon politische Gegner zu Unmenschen gestempelt . Ich bitte Sie , entsprechend dagegen vorzugehen , und ich bitte die Kollegen von der EIB , weiter ihre Arbeit fortzusetzen , auch im Bereich der Transparenz , also noch etwas transparenter zu werden , weil ihre Vorgangsweise auch eine Hilfe ist , den aufkommenden neuen Faschismus zu bekämpfen .
"
de,en.20100506.3.4-027,streaming,,76.997375,75.574598788,0.9815217569170377," Ja, danke. Zu Recht haben ja die Vorredner auf die Bedeutung der EIB schon hingewiesen. Kollegin Kadenbach etwa hat von dem so notwendigen Beitrag zur sozialen Konvergenz gesprochen. Ich möchte das in einen politischen Kontext stellen. Wir erleben mit großer Sorge, dass in immer mehr Staaten Parteien der extremen Rechten einen Zulauf gewinnen. Das tun sie auch. Weil eben die soziale Konvergenz in der Europäischen Union nicht so funktioniert, wie wir uns das alle gewünscht haben. Dabei treten sie sehr, sehr häufig, diese extremen Rechten, als Wolf im Schafspelz aus. Kaschieren damit eine dahinterstehende, massive, zynische Menschenverachtung. Letztes Beispiel, Herr Präsident, auch ich kenne Ihre politische Einstellung. Was Herr Mölzer gerade gemacht hat. Er hält eine ganz nette Rede, aber zwischendrin nennt er einen politischen Gegner, mich, einen Psychopathen. Das ist die Sprache des Hitlerfaschismus. Das ist die Art, wie die arbeiten. Da wurden auch schon politische Gegner zu Unmenschen gestempelt. Ich bitte Sie, entsprechend dagegen vorzugehen. Und ich bitte die Kollegen von der EIB, weitere Arbeit fortzusetzen, auch im Bereich der Transparenz noch etwas transparenter zu werden, weil Ihre Vorgangsweise ist auch eine Hilfe für den aufkommenden neuen Faschismus zu bekämpfen.","Herr Präsident ! Zu Recht haben die Vorredner schon auf die Bedeutung der EIB hingewiesen . Kollegin Kadenbach etwa hat von dem so notwendigen Beitrag zur sozialen Konvergenz gesprochen . Ich möchte das in einen politischen Kontext stellen . Wir erleben mit großer Sorge , dass in immer mehr Staaten Parteien der extremen Rechten an Zulauf gewinnen . Das tun sie auch , weil die soziale Konvergenz in der Europäischen Union eben nicht so funktioniert , wie wir uns das alle gewünscht haben .
Dabei treten diese extremen Rechten sehr , sehr häufig als Wolf im Schafspelz auf , kaschieren damit eine dahinterstehende massive zynische Menschenverachtung . Letztes Beispiel , Herr Präsident – auch ich kenne Ihre politische Einstellung – , was Herr Mölzer gerade gemacht hat : Er hält eine ganz nette Rede , aber zwischendrin nennt er einen politischen Gegner – mich – einen Psychopathen . Das ist die Sprache des Hitler-Faschismus ! Das ist die Art , wie die arbeiten ! Da wurden auch schon politische Gegner zu Unmenschen gestempelt . Ich bitte Sie , entsprechend dagegen vorzugehen , und ich bitte die Kollegen von der EIB , weiter ihre Arbeit fortzusetzen , auch im Bereich der Transparenz , also noch etwas transparenter zu werden , weil ihre Vorgangsweise auch eine Hilfe ist , den aufkommenden neuen Faschismus zu bekämpfen .
"
de,en.20101110.14.3-055,offline,,76.0221875,75.47479006900176,0.9927995043420943," Kolleginnen und Kollegen, im transatlantischen Dialog gibt es jeweils vieles, was uns vereint. Die sind Grundwerte, Grundrechte von Freiheit und Demokratie. Es gibt aber auch einiges, was uns trennt, nämlich die Anwendung und Konkretisierung dieser jeweiligen Rechte, wenn es zu transatlantischen Beziehungen kommt. Vor allem dann, wenn es um Security-Fragen geht, tritt dieser Widerspruch immer wieder ganz deutlich heraus. Datenschutz ist eine Quelle für ständige Missverständnisse. Das wissen wir seit langem. Deswegen wird das Rahmenabkommen, wenn es uns dann gelingt, ein sehr gutes zu bekommen, ein ganz großer Schritt vorwärts sein. Wir müssen hier eine Lösung finden, dass es auch Bürgerinnen und Bürgern auf beiden Seiten des Atlantiks gelingt, beim jeweils anderen Partner seine oder ihre Rechte geltend zu machen. Ein zweiter wichtiger Punkt, wo wir ähnliche Grundlagen, aber ganz unterschiedliche Zugangsweisen haben, ist der Klimaschutz. Deswegen wünsche ich mir sehr, dass er zum Thema wird und dass er deutlich besprochen wird. Die Europäische Union, der auf den transatlantischen Dialog nicht dazu benutzen, die eigenen Versprechen und Commitments zu schwächen. Danke.","Herr Präsident , werte Kolleginnen und Kollegen ! Im transatlantischen Dialog gibt es vieles , was uns vereint – dies sind Grundwerte , Grundrechte von Freiheit und Demokratie – , es gibt aber auch einiges , was uns trennt , nämlich die Anwendung und Konkretisierung dieser jeweiligen Rechte , wenn es zu transatlantischen Beziehungen kommt . Vor allem dann , wenn es um Fragen der Gefahrenabwehr geht , tritt dieser Widerspruch immer wieder ganz deutlich heraus . Datenschutz ist eine Quelle für ständige Missverständnisse , das wissen wir seit langem . Deswegen wird das Rahmenabkommen – wenn es uns denn gelingt , ein sehr gutes zu bekommen – ein ganz großer Schritt vorwärts sein . Wir müssen hier eine Lösung finden , dass es auch Bürgerinnen und Bürgern auf beiden Seiten des Atlantiks gelingt , beim jeweils anderen Partner ihre Rechte geltend zu machen .
Ein zweiter wichtiger Punkt , wo wir ähnliche Grundlagen , aber ganz unterschiedliche Zugangsweisen haben , ist der Klimaschutz . Deswegen wünsche ich mir sehr , dass er zum Thema wird und dass er deutlich besprochen wird . Die Europäische Union darf den transatlantischen Dialog nicht dazu benutzen , die eigenen Versprechungen und Zusagen zu schwächen .
"
de,en.20101110.14.3-055,streaming,,76.0221875,75.83276475299863,0.9975083228563849," Kolleginnen und Kollegen, im transatlantischen Dialog gibt es jeweils vieles, was uns vereint. Die sind Grundwerte, Grundrechte von Freiheit und Demokratie. Es gibt aber auch einiges, was uns trennt, nämlich die Anwendung und Konkretisierung dieser jeweiligen Rechte, wenn es zu transatlantischen Beziehungen kommt. Vor allem dann, wenn es um Security-Fragen geht, tritt dieser Widerspruch immer wieder ganz deutlich heraus. Datenschutz ist eine Quelle für ständige Missverständnisse. Das wissen wir seit langem. Deswegen wird das Rahmenabkommen, wenn es uns dann gelingt, ein sehr gutes zu bekommen, ein ganz großer Schritt vorwärts sein. Wir müssen hier eine Lösung finden, dass es auch Bürgerinnen und Bürgern auf beiden Seiten des Atlantiks gelingt, beim jeweils anderen Partner seine oder ihre Rechte geltend zu machen. Ein zweiter wichtiger Punkt, wo wir ähnliche Grundlagen, aber ganz unterschiedliche Zugangsweisen haben, ist der Klimaschutz. Deswegen wünsche ich mir sehr, dass er zum Thema wird und dass er deutlich besprochen wird. Die Europäische Union, der auf den transatlantischen Dialog nicht dazu benutzen, die eigenen Versprechen und Commitments zu schwächen. Danke.","Herr Präsident , werte Kolleginnen und Kollegen ! Im transatlantischen Dialog gibt es vieles , was uns vereint – dies sind Grundwerte , Grundrechte von Freiheit und Demokratie – , es gibt aber auch einiges , was uns trennt , nämlich die Anwendung und Konkretisierung dieser jeweiligen Rechte , wenn es zu transatlantischen Beziehungen kommt . Vor allem dann , wenn es um Fragen der Gefahrenabwehr geht , tritt dieser Widerspruch immer wieder ganz deutlich heraus . Datenschutz ist eine Quelle für ständige Missverständnisse , das wissen wir seit langem . Deswegen wird das Rahmenabkommen – wenn es uns denn gelingt , ein sehr gutes zu bekommen – ein ganz großer Schritt vorwärts sein . Wir müssen hier eine Lösung finden , dass es auch Bürgerinnen und Bürgern auf beiden Seiten des Atlantiks gelingt , beim jeweils anderen Partner ihre Rechte geltend zu machen .
Ein zweiter wichtiger Punkt , wo wir ähnliche Grundlagen , aber ganz unterschiedliche Zugangsweisen haben , ist der Klimaschutz . Deswegen wünsche ich mir sehr , dass er zum Thema wird und dass er deutlich besprochen wird . Die Europäische Union darf den transatlantischen Dialog nicht dazu benutzen , die eigenen Versprechungen und Zusagen zu schwächen .
"
de,en.20120418.22.3-420-000,offline,,70.0314375,70.0732210640017,1.0005966401018358," Sehr verehrte Kollegen, die Lage derzeit der öffentlichen Finanzen und der Wirtschaft in Europa lässt keinen Raum für eine steuerpolitische Märchenstunde. Die Lage im Rat ist doch ganz einfach die, dass bei steuerpolitischen Vorschlägen dort wenig vorangeht. Warum? Weil einige Länder gegen weitere Steuerkooperationen sind. Sie profitieren von aggressiver Steuerplanung. Sie sind selbst Steueroasen. Und in den Verträgen steht eindeutig, Einstimmigkeit in Steuerfragen festgeschrieben. Deshalb hat die EU-Kommission in der Vergangenheit mehrfach Schiffbruch erlitten mit ihren Vorschlägen, sie werden verwässert, sie kommen nicht vorwärts, wie bei der Zinsrichtlinie. Und bei neueren Vorschlägen wurde im vorauseilenden Gehorsam schon gar nichts Anspruchsvolles mehr vorgeschlagen. Ich bitte Sie daher, Herr Schimeter, ich weiß, Ihr Job ist nicht einfach diesbezüglich. Ändern Sie die Strategie, legen Sie scharfe Maßnahmen vor und setzen Sie dann auf die verstärkte Zusammenarbeit, um die Blockadeposition im Rat zu beenden.","Herr Präsident ! Sehr verehrte Kollegen ! Die derzeitige Lage der öffentlichen Finanzen und der Wirtschaft in Europa lässt keinen Raum für eine steuerpolitische Märchenstunde . Die Lage im Rat ist doch ganz einfach die , dass bei steuerpolitischen Vorschlägen dort wenig vorangeht . Warum ? Weil einige Länder gegen weitere Steuerkooperation sind . Sie profitieren von aggressiver Steuerplanung , sie sind selbst Steueroasen .
In den Verträgen ist eindeutig die Einstimmigkeit in Steuerfragen festgeschrieben . Deshalb hat die EU-Kommission in der Vergangenheit mehrfach mit ihren Vorschlägen Schiffbruch erlitten . Sie werden verwässert , man kommt nicht vorwärts , wie bei der Zinsrichtlinie , und bei neueren Vorschlägen wurde in vorauseilendem Gehorsam schon gar nichts Anspruchsvolles mehr vorgeschlagen . Ich bitte Sie daher , Herr Šemeta – ich weiß , Ihr Job ist diesbezüglich nicht einfach – ändern Sie die Strategie , legen Sie scharfe Maßnahmen vor und setzen Sie dann auf die verstärkte Zusammenarbeit , um die Blockadeposition im Rat zu beenden !
"
de,en.20120418.22.3-420-000,streaming,,70.0314375,71.46991101499952,1.0205403968039286," Sehr verehrte Kollegen, die Lage derzeit der öffentlichen Finanzen und der Wirtschaft in Europa lässt keinen Raum für eine steuerpolitische Märchenstunde. Die Lage im Rat ist doch ganz einfach die, dass bei steuerpolitischen Vorschlägen dort wenig vorangeht. Warum? Weil einige Länder gegen weitere Steuerkooperationen sind. Sie profitieren von aggressiver Steuerplanung. Sie sind selbst Steueroasen. Und in den Verträgen steht eindeutig, Einstimmigkeit in Steuerfragen festgeschrieben. Deshalb hat die EU-Kommission in der Vergangenheit mehrfach Schiffbruch erlitten mit ihren Vorschlägen, sie werden verwässert, sie kommen nicht vorwärts, wie bei der Zinsrichtlinie. Und bei neueren Vorschlägen wurde im vorauseilenden Gehorsam schon gar nichts Anspruchsvolles mehr vorgeschlagen. Ich bitte Sie daher, Herr Schimeter, ich weiß, Ihr Job ist nicht einfach diesbezüglich. Ändern Sie die Strategie, legen Sie scharfe Maßnahmen vor und setzen Sie dann auf die verstärkte Zusammenarbeit, um die Blockadeposition im Rat zu beenden.","Herr Präsident ! Sehr verehrte Kollegen ! Die derzeitige Lage der öffentlichen Finanzen und der Wirtschaft in Europa lässt keinen Raum für eine steuerpolitische Märchenstunde . Die Lage im Rat ist doch ganz einfach die , dass bei steuerpolitischen Vorschlägen dort wenig vorangeht . Warum ? Weil einige Länder gegen weitere Steuerkooperation sind . Sie profitieren von aggressiver Steuerplanung , sie sind selbst Steueroasen .
In den Verträgen ist eindeutig die Einstimmigkeit in Steuerfragen festgeschrieben . Deshalb hat die EU-Kommission in der Vergangenheit mehrfach mit ihren Vorschlägen Schiffbruch erlitten . Sie werden verwässert , man kommt nicht vorwärts , wie bei der Zinsrichtlinie , und bei neueren Vorschlägen wurde in vorauseilendem Gehorsam schon gar nichts Anspruchsvolles mehr vorgeschlagen . Ich bitte Sie daher , Herr Šemeta – ich weiß , Ihr Job ist diesbezüglich nicht einfach – ändern Sie die Strategie , legen Sie scharfe Maßnahmen vor und setzen Sie dann auf die verstärkte Zusammenarbeit , um die Blockadeposition im Rat zu beenden !
"
de,en.20110215.4.2-073-000,offline,,65.991125,59.403446738997445,0.9001732693448922," Vielen Dank, Frau Vorsitzende. Ich möchte alle beglückwünschen, besonders den Kollegen Kanzian, für seine Bemühungen bei der schwierigen und langwierigen Ausarbeitung eines Kompromisses in diesem schwierigen Dossier. Es gab Erfolge, die schon aufgezählt wurden, aber es gab auch Enttäuschungen, wie zum Beispiel der Geltungsbereich und andere Spitzfindigkeiten, die schon dargestellt wurden. Mit diesem Kompromiss für den Busverkehr haben wir die Passagierrechte für alle Transportarten abgedeckt. Der nächste notwendige Schritt ist es, ein gemeinsames, kohärentes und effizientes Rahmenprogramm für alle Passagierrechte zu schaffen. Gerechte und klar definierte Rechte sind für die Glaubwürdigkeit der EU bei den europäischen Bürgerinnen und Bürgern von besonderer Wichtigkeit. Und um glaubwürdig zu sein, muss deshalb unbedingt die Kohärenz der Rechte für die verschiedenen Transportarten respektiert werden. Es geht nicht anders für die Rechte der Flugzeugpassagiere. Fundamental andere Kriterien gelten als zum Beispiel für Zugpassagiere. Deshalb ist es besonders wichtig, bei der Ausarbeitung eines Rahmenprogramms nicht an den niedrigsten und schwächsten Standards, sondern dass wir im Sinne der Bürgerinnen und Bürger ehrgeizige Ziele nicht aus den Augen verlieren. Vielen Dank.","Frau Präsidentin ! Ich möchte alle beglückwünschen , besonders aber dem Kollegen Cancian für seine Bemühungen bei der schwierigen und langwierigen Ausarbeitung eines Kompromisses in diesem schwierigen Dossier danken .
Es gab Erfolge , die schon aufgezählt wurden , aber es gab auch Enttäuschungen , z. B. hinsichtlich des Geltungsbereichs und anderer Spitzfindigkeiten , die schon dargestellt wurden . Mit diesem Kompromiss für den Busverkehr haben wir die Passagierrechte für alle Transportarten abgedeckt . Der nächste notwendige Schritt ist es , ein gemeinsames kohärentes und effizientes Rahmenprogramm für alle Passagierrechte zu schaffen .
Gerechte und klar definierte Rechte sind für die Glaubwürdigkeit der EU bei den europäischen Bürgerinnen und Bürgern von besonderer Wichtigkeit . Um glaubwürdig zu sein , muss deshalb unbedingt die Kohärenz der Rechte für die verschiedenen Transportarten respektiert werden . Es geht nicht an , dass für die Rechte der Flugpassagiere fundamental andere Kriterien gelten als z. B. für Zugpassagiere .
Deshalb ist es besonders wichtig , dass wir uns bei der Ausarbeitung eines Rahmenprogramms nicht an den niedrigsten und schwächsten Standards orientieren , sondern dass wir im Sinne der Bürgerinnen und Bürger ehrgeizige Ziele nicht aus den Augen verlieren .
"
de,en.20110215.4.2-073-000,streaming,,65.991125,60.669152902999485,0.9193532145875599," Vielen Dank, Frau Vorsitzende. Ich möchte alle beglückwünschen, besonders den Kollegen Kanzian, für seine Bemühungen bei der schwierigen und langwierigen Ausarbeitung eines Kompromisses in diesem schwierigen Dossier. Es gab Erfolge, die schon aufgezählt wurden, aber es gab auch Enttäuschungen, wie zum Beispiel der Geltungsbereich und andere Spitzfindigkeiten, die schon dargestellt wurden. Mit diesem Kompromiss für den Busverkehr haben wir die Passagierrechte für alle Transportarten abgedeckt. Der nächste notwendige Schritt ist es, ein gemeinsames, kohärentes und effizientes Rahmenprogramm für alle Passagierrechte zu schaffen. Gerechte und klar definierte Rechte sind für die Glaubwürdigkeit der EU bei den europäischen Bürgerinnen und Bürgern von besonderer Wichtigkeit. Und um glaubwürdig zu sein, muss deshalb unbedingt die Kohärenz der Rechte für die verschiedenen Transportarten respektiert werden. Es geht nicht anders für die Rechte der Flugzeugpassagiere. Fundamental andere Kriterien gelten als zum Beispiel für Zugpassagiere. Deshalb ist es besonders wichtig, bei der Ausarbeitung eines Rahmenprogramms nicht an den niedrigsten und schwächsten Standards, sondern dass wir im Sinne der Bürgerinnen und Bürger ehrgeizige Ziele nicht aus den Augen verlieren. Vielen Dank.","Frau Präsidentin ! Ich möchte alle beglückwünschen , besonders aber dem Kollegen Cancian für seine Bemühungen bei der schwierigen und langwierigen Ausarbeitung eines Kompromisses in diesem schwierigen Dossier danken .
Es gab Erfolge , die schon aufgezählt wurden , aber es gab auch Enttäuschungen , z. B. hinsichtlich des Geltungsbereichs und anderer Spitzfindigkeiten , die schon dargestellt wurden . Mit diesem Kompromiss für den Busverkehr haben wir die Passagierrechte für alle Transportarten abgedeckt . Der nächste notwendige Schritt ist es , ein gemeinsames kohärentes und effizientes Rahmenprogramm für alle Passagierrechte zu schaffen .
Gerechte und klar definierte Rechte sind für die Glaubwürdigkeit der EU bei den europäischen Bürgerinnen und Bürgern von besonderer Wichtigkeit . Um glaubwürdig zu sein , muss deshalb unbedingt die Kohärenz der Rechte für die verschiedenen Transportarten respektiert werden . Es geht nicht an , dass für die Rechte der Flugpassagiere fundamental andere Kriterien gelten als z. B. für Zugpassagiere .
Deshalb ist es besonders wichtig , dass wir uns bei der Ausarbeitung eines Rahmenprogramms nicht an den niedrigsten und schwächsten Standards orientieren , sondern dass wir im Sinne der Bürgerinnen und Bürger ehrgeizige Ziele nicht aus den Augen verlieren .
"
de,en.20110928.23.3-400-000,offline,,30.9754375,28.42657165700075,0.9177133222735191," Es scheint mir zwecklos zu sein, aber eine Einladung möchte ich an ihn aussprechen. Ich habe ihn noch nie in den Beratungen über Rio oder über andere große weltweite Konferenzen gesehen, aber immer hier im Plenum reden gehört. Ich möchte Sie wirklich bitten, Herr Kollege, kommen Sie doch mal in den Ausschuss, setzen Sie sich mit uns auseinander, offerieren Sie uns Ihre Angebote und dann reden wir mit Ihnen weiter. Über die Wortmeldung und den Wortbeitrag, den Sie gerade geliefert haben, da kann man überhaupt nichts mit anfangen.","Herr Präsident ! Es scheint mir zwecklos zu sein , aber eine Einladung möchte ich an ihn aussprechen . Ich habe ihn noch nie in den Beratungen über Rio oder über andere große weltweite Konferenzen gesehen , aber immer hier im Plenum reden gehört .
Ich möchte Sie wirklich bitten , Herr Kollege , kommen Sie doch einmal in den Ausschuss . Setzen Sie sich mit uns auseinander , offerieren Sie uns Ihre Angebote , und dann reden wir mit Ihnen weiter über die Wortmeldungen . Mit dem Wortbeitrag , den Sie gerade geliefert haben , kann man überhaupt nichts anfangen .
"
de,en.20110928.23.3-400-000,streaming,,30.9754375,28.02618649500073,0.9047874302017761," Es scheint mir zwecklos zu sein, aber eine Einladung möchte ich an ihn aussprechen. Ich habe ihn noch nie in den Beratungen über Rio oder über andere große weltweite Konferenzen gesehen, aber immer hier im Plenum reden gehört. Ich möchte Sie wirklich bitten, Herr Kollege, kommen Sie doch mal in den Ausschuss, setzen Sie sich mit uns auseinander, offerieren Sie uns Ihre Angebote und dann reden wir mit Ihnen weiter. Über die Wortmeldung und den Wortbeitrag, den Sie gerade geliefert haben, da kann man überhaupt nichts mit anfangen.","Herr Präsident ! Es scheint mir zwecklos zu sein , aber eine Einladung möchte ich an ihn aussprechen . Ich habe ihn noch nie in den Beratungen über Rio oder über andere große weltweite Konferenzen gesehen , aber immer hier im Plenum reden gehört .
Ich möchte Sie wirklich bitten , Herr Kollege , kommen Sie doch einmal in den Ausschuss . Setzen Sie sich mit uns auseinander , offerieren Sie uns Ihre Angebote , und dann reden wir mit Ihnen weiter über die Wortmeldungen . Mit dem Wortbeitrag , den Sie gerade geliefert haben , kann man überhaupt nichts anfangen .
"
de,en.20120214.21.2-456-000,offline,,43.978625,40.688564226999006,0.92518954894563," Aber ist dann. Ja, ich sage nur ganz kurz, liebe Kollegin Goulart, es ist keine Bewertung, die ich hier vorgenommen habe. Ich will nur darauf hinweisen, dass die letzte italienische Staatsanleihe, bevor Italien in den Euro ging, mit 10% rentiert hat. Und da war kein Aufschrei in Italien vorhanden. Und da hat keiner gesagt, das sollen jetzt andere Länder übernehmen. Es war selbstverständlich, dass man hohe Zinsen bezahlt hat. Und jetzt plötzlich, weil man zehn Jahre niedrige Zinsen hatte und sich über alle Maßen verschuldet hat, weil Geld billig geworden ist, für Investitionen genauso wie für die öffentlichen Hände, dann möchte man das prolongieren über Euro-Bonds. Das ist eine Falle, aus der wir nicht rauskommen und dazu stehe ich.","Liebe Kollegin Goulard ! Ich sage nur ganz kurz , das ist keine Bewertung , die ich hier vorgenommen habe . Ich will nur darauf hinweisen , dass die letzte italienische Staatsanleihe , bevor Italien in den Euro ging , mit 10 % rentiert hat . Und da war kein Aufschrei in Italien vorhanden ! Da hat keiner gesagt , das sollen jetzt andere Länder übernehmen . Es war selbstverständlich , dass man hohe Zinsen bezahlt hat . Und jetzt plötzlich , weil man zehn Jahre niedrige Zinsen hatte und sich über alle Maßen verschuldet hat , weil Geld billig geworden ist – für Investitionen genauso wie für die öffentlichen Hände – , möchte man das prolongieren über Eurobonds . Das ist eine Falle , aus der wir nicht herauskommen , und dazu stehe ich !
"
de,en.20120214.21.2-456-000,streaming,,43.978625,40.1610304800015,0.9131943183762907," Aber ist dann. Ja, ich sage nur ganz kurz, liebe Kollegin Goulart, es ist keine Bewertung, die ich hier vorgenommen habe. Ich will nur darauf hinweisen, dass die letzte italienische Staatsanleihe, bevor Italien in den Euro ging, mit 10% rentiert hat. Und da war kein Aufschrei in Italien vorhanden. Und da hat keiner gesagt, das sollen jetzt andere Länder übernehmen. Es war selbstverständlich, dass man hohe Zinsen bezahlt hat. Und jetzt plötzlich, weil man zehn Jahre niedrige Zinsen hatte und sich über alle Maßen verschuldet hat, weil Geld billig geworden ist, für Investitionen genauso wie für die öffentlichen Hände, dann möchte man das prolongieren über Euro-Bonds. Das ist eine Falle, aus der wir nicht rauskommen und dazu stehe ich.","Liebe Kollegin Goulard ! Ich sage nur ganz kurz , das ist keine Bewertung , die ich hier vorgenommen habe . Ich will nur darauf hinweisen , dass die letzte italienische Staatsanleihe , bevor Italien in den Euro ging , mit 10 % rentiert hat . Und da war kein Aufschrei in Italien vorhanden ! Da hat keiner gesagt , das sollen jetzt andere Länder übernehmen . Es war selbstverständlich , dass man hohe Zinsen bezahlt hat . Und jetzt plötzlich , weil man zehn Jahre niedrige Zinsen hatte und sich über alle Maßen verschuldet hat , weil Geld billig geworden ist – für Investitionen genauso wie für die öffentlichen Hände – , möchte man das prolongieren über Eurobonds . Das ist eine Falle , aus der wir nicht herauskommen , und dazu stehe ich !
"
de,en.20110215.4.2-068-000,offline,,69.00975,64.49776807200033,0.934618196298354," Frau Präsidentin, Herr Kommissar, liebe Kolleginnen und Kollegen, ich begrüße das Ergebnis des Vermittlungsverfahrens ausdrücklich. Mit der Umsetzung der Verordnung wird es gelingen, dass nun auch im Bereich des Kraft-Omnibus-Verkehrs erstens ein hohes, dem Standard anderer Verkehrsträger vergleichbares Schutzniveau für alle Fahrgäste, also auch die in ihrer Mobilität eingeschränkten Menschen, erzielt. Zweitens, ein hohes allgemeines Verbraucherschutzniveau gesichert. Und drittens, den Besonderheiten Rechnung getragen wird, dass es sich um einen überwiegend von kleinen und mittleren Unternehmen geprägten Verkehrssektor handelt. Damit sind die Extremforderungen, die Busverkehre wegen überzogener Forderungen nahezu völlig unmöglich gemacht hätten, genauso vom Tisch wie Forderungen, bei denen die Mehrheit der Mitgliedstaaten aus dem Anwendungsbereich der Verordnung völlig herausgefallen wären. Busverkehrsdienste, die den Bürgern allgemein zugutekommen, müssen auch behinderten Menschen und Personen mit eingeschränkter Mobilität eine hohe Qualität bieten. Sie sollten einen Anspruch auf Hilfe haben, im Interesse der sozialen Integration sollte diese kostenlos sein.","Frau Präsidentin , Herr Kommissar , liebe Kolleginnen und Kollegen ! Ich begrüße das Ergebnis des Vermittlungsverfahrens ausdrücklich . Mit der Umsetzung der Verordnung wird es gelingen , dass nun auch im Bereich des Kraftomnibusverkehrs erstens ein hohes , dem Standard anderer Verkehrsträger vergleichbares Schutzniveau für alle Fahrgäste , also auch die in ihrer Mobilität eingeschränkten Menschen , erzielt wird , zweitens ein hohes allgemeines Verbraucherschutzniveau gesichert und drittens der Besonderheit Rechnung getragen wird , dass es sich um einen überwiegend von kleinen und mittleren Unternehmen geprägten Verkehrssektor handelt . Damit sind die Extremforderungen , die den Busverkehr wegen überzogener Forderungen nahezu völlig unmöglich gemacht hätten , genauso vom Tisch wie Forderungen , bei denen die Mehrheit der Mitgliedstaaten aus dem Anwendungsbereich der Verordnung völlig herausgefallen wäre .
Busverkehrsdienste , die den Bürgern allgemein zugute kommen , müssen auch behinderten Menschen und Personen mit eingeschränkter Mobilität eine hohe Qualität bieten . Sie sollten einen Anspruch auf Hilfe haben . Im Interesse der sozialen Integration sollte diese kostenlos sein .
"
de,en.20110215.4.2-068-000,streaming,,69.00975,63.395630941999116,0.9186474511500059," Frau Präsidentin, Herr Kommissar, liebe Kolleginnen und Kollegen, ich begrüße das Ergebnis des Vermittlungsverfahrens ausdrücklich. Mit der Umsetzung der Verordnung wird es gelingen, dass nun auch im Bereich des Kraft-Omnibus-Verkehrs erstens ein hohes, dem Standard anderer Verkehrsträger vergleichbares Schutzniveau für alle Fahrgäste, also auch die in ihrer Mobilität eingeschränkten Menschen, erzielt. Zweitens, ein hohes allgemeines Verbraucherschutzniveau gesichert. Und drittens, den Besonderheiten Rechnung getragen wird, dass es sich um einen überwiegend von kleinen und mittleren Unternehmen geprägten Verkehrssektor handelt. Damit sind die Extremforderungen, die Busverkehre wegen überzogener Forderungen nahezu völlig unmöglich gemacht hätten, genauso vom Tisch wie Forderungen, bei denen die Mehrheit der Mitgliedstaaten aus dem Anwendungsbereich der Verordnung völlig herausgefallen wären. Busverkehrsdienste, die den Bürgern allgemein zugutekommen, müssen auch behinderten Menschen und Personen mit eingeschränkter Mobilität eine hohe Qualität bieten. Sie sollten einen Anspruch auf Hilfe haben, im Interesse der sozialen Integration sollte diese kostenlos sein.","Frau Präsidentin , Herr Kommissar , liebe Kolleginnen und Kollegen ! Ich begrüße das Ergebnis des Vermittlungsverfahrens ausdrücklich . Mit der Umsetzung der Verordnung wird es gelingen , dass nun auch im Bereich des Kraftomnibusverkehrs erstens ein hohes , dem Standard anderer Verkehrsträger vergleichbares Schutzniveau für alle Fahrgäste , also auch die in ihrer Mobilität eingeschränkten Menschen , erzielt wird , zweitens ein hohes allgemeines Verbraucherschutzniveau gesichert und drittens der Besonderheit Rechnung getragen wird , dass es sich um einen überwiegend von kleinen und mittleren Unternehmen geprägten Verkehrssektor handelt . Damit sind die Extremforderungen , die den Busverkehr wegen überzogener Forderungen nahezu völlig unmöglich gemacht hätten , genauso vom Tisch wie Forderungen , bei denen die Mehrheit der Mitgliedstaaten aus dem Anwendungsbereich der Verordnung völlig herausgefallen wäre .
Busverkehrsdienste , die den Bürgern allgemein zugute kommen , müssen auch behinderten Menschen und Personen mit eingeschränkter Mobilität eine hohe Qualität bieten . Sie sollten einen Anspruch auf Hilfe haben . Im Interesse der sozialen Integration sollte diese kostenlos sein .
"
de,en.20090323.13.1-055,offline,,58.0035,54.20892761499999,0.9345802859310213," Ja, danke, Herr Präsident. Anfang März wurden die politischen Gefangenen Michael Chodorkowski und Platon Lebedev aus Chita in Sibirien nach Moskau verlegt, um erneut aufgrund unhaltbarer Anschuldigungen angeklagt zu werden. Der erste öffentliche Verhandlungstag wurde für den 31. März angesetzt. Am selben Tag hätten die Menschenrechtskonsultationen zwischen der EU und Russland stattfinden sollen. Diese wichtigen Gespräche wurden nun von russischer Seite auf unbestimmte Zeit verschoben. Russland zeigt damit sehr deutlich, vernedrigen Stellenwert es den Menschenrechten einräumt. Die Justiz wird weiterhin nicht nur nicht für Gerechtigkeit, sondern zur Ausschaltung von Regimegegnern eingesetzt. Und die EU wird dadurch dupiert.","Herr Präsident ! Anfang März wurden die politischen Gefangenen Michail Chodorkowski und Platon Lebedjew aus Tschita in Sibirien nach Moskau verlegt , um erneut aufgrund unhaltbarer Anschuldigungen angeklagt zu werden . Der erste öffentliche Verhandlungstag wurde für den 31. März angesetzt . Am selben Tag hätten die Menschenrechtskonsultationen zwischen der EU und Russland stattfinden sollen . Diese wichtigen Gespräche wurden nun von russischer Seite auf unbestimmte Zeit verschoben .
Russland zeigt damit sehr deutlich , welch niedrigen Stellenwert es den Menschenrechten einräumt . Die Justiz wird weiterhin nicht nur nicht für Gerechtigkeit , sondern zur Ausschaltung von Regimegegnern eingesetzt , und die EU wird dadurch düpiert .
"
de,en.20090323.13.1-055,streaming,,58.0035,55.21990913699847,0.9520099500374712," Ja, danke, Herr Präsident. Anfang März wurden die politischen Gefangenen Michael Chodorkowski und Platon Lebedev aus Chita in Sibirien nach Moskau verlegt, um erneut aufgrund unhaltbarer Anschuldigungen angeklagt zu werden. Der erste öffentliche Verhandlungstag wurde für den 31. März angesetzt. Am selben Tag hätten die Menschenrechtskonsultationen zwischen der EU und Russland stattfinden sollen. Diese wichtigen Gespräche wurden nun von russischer Seite auf unbestimmte Zeit verschoben. Russland zeigt damit sehr deutlich, vernedrigen Stellenwert es den Menschenrechten einräumt. Die Justiz wird weiterhin nicht nur nicht für Gerechtigkeit, sondern zur Ausschaltung von Regimegegnern eingesetzt. Und die EU wird dadurch dupiert.","Herr Präsident ! Anfang März wurden die politischen Gefangenen Michail Chodorkowski und Platon Lebedjew aus Tschita in Sibirien nach Moskau verlegt , um erneut aufgrund unhaltbarer Anschuldigungen angeklagt zu werden . Der erste öffentliche Verhandlungstag wurde für den 31. März angesetzt . Am selben Tag hätten die Menschenrechtskonsultationen zwischen der EU und Russland stattfinden sollen . Diese wichtigen Gespräche wurden nun von russischer Seite auf unbestimmte Zeit verschoben .
Russland zeigt damit sehr deutlich , welch niedrigen Stellenwert es den Menschenrechten einräumt . Die Justiz wird weiterhin nicht nur nicht für Gerechtigkeit , sondern zur Ausschaltung von Regimegegnern eingesetzt , und die EU wird dadurch düpiert .
"
de,en.20081021.6.2-029,offline,,80.99125,78.23600748199897,0.9659809853780374," Ich möchte mich als erstes gegen den Geist einer vor kurzem, vor wenigen Minuten gehörten Aussage verwahren, dass Ausländer den Arbeitsmarkt, unseren Arbeitsmarkt überschwemmen würden. Und zweitens, hätte ich mir vom vom Beschäftigungsausschuss einen klareren, eindeutigeren Bericht gewünscht. Vertrauen in die soziale Bindungskraft der Europäischen Union kann nur erreicht werden, wenn fundamentale soziale Rechte als europäisches Primärrecht definiert werden. Wir sollten Rat, Kommission, Mitgliedstaaten und dem EuGH ein stärkeres Signal senden und uns nicht damit zufrieden geben, lediglich eine Balance zwischen Grundrechten und Binnenmarktfreiheiten, Freizügigkeiten einzufordern. Damit ändern wir nichts. Soziale Grundrechte sind ebenso wie Freiheitsrechte Menschenrechte, die nicht durch Freizügigkeiten des Binnenmarktes eingeschränkt werden dürfen. Und es geht darum, dass wir das europäische Sozialmodell verteidigen und verbessern. Und es ist höchste Zeit für die Einführung einer sozialen Fortschrittsklausel als bindendes Protokoll zu den bestehenden EU-Verträgen. Und es ist Zeit, die Entsenderichtlinie so zu verändern, dass Lohn- und Mindeststandardsforderungen nicht als Mindestforderungen begrenzt werden dürfen. Dankeschön.","Frau Präsidentin ! Ich möchte mich als erstes gegen den Geist einer vor wenigen Minuten gehörten Aussage verwahren , dass Ausländer unseren Arbeitsmarkt überschwemmen würden .
Zweitens hätte ich mir vom Ausschuss für Beschäftigung und soziale Angelegenheiten einen klareren , eindeutigeren Bericht gewünscht . Vertrauen in die soziale Bindungskraft der Europäischen Union kann nur erreicht werden , wenn fundamentale soziale Rechte als europäisches Primärrecht definiert werden . Wir sollten Rat , Kommission , Mitgliedstaaten und dem EuGH ein stärkeres Signal senden und uns nicht damit zufriedengeben , lediglich eine Balance zwischen Grundrechten und Binnenmarktfreizügigkeiten einzufordern . Damit ändern wir nichts ! Soziale Grundrechte sind ebenso wie Freiheitsrechte Menschenrechte , die nicht durch Freizügigkeiten des Binnenmarktes eingeschränkt werden dürfen .
Es geht darum , dass wir das europäische Sozialmodell verteidigen und verbessern und dass es höchste Zeit ist für die Einführung einer sozialen Fortschrittsklausel als bindendes Protokoll zu den bestehenden EU-Verträgen . Es ist Zeit , die Entsenderichtlinie so zu verändern , dass Lohn- und Mindeststandardsforderungen nicht auf Mindestforderungen begrenzt werden dürfen .
"
de,en.20081021.6.2-029,streaming,,80.99125,76.93728304699835,0.9499456181624355," Ich möchte mich als erstes gegen den Geist einer vor kurzem, vor wenigen Minuten gehörten Aussage verwahren, dass Ausländer den Arbeitsmarkt, unseren Arbeitsmarkt überschwemmen würden. Und zweitens, hätte ich mir vom vom Beschäftigungsausschuss einen klareren, eindeutigeren Bericht gewünscht. Vertrauen in die soziale Bindungskraft der Europäischen Union kann nur erreicht werden, wenn fundamentale soziale Rechte als europäisches Primärrecht definiert werden. Wir sollten Rat, Kommission, Mitgliedstaaten und dem EuGH ein stärkeres Signal senden und uns nicht damit zufrieden geben, lediglich eine Balance zwischen Grundrechten und Binnenmarktfreiheiten, Freizügigkeiten einzufordern. Damit ändern wir nichts. Soziale Grundrechte sind ebenso wie Freiheitsrechte Menschenrechte, die nicht durch Freizügigkeiten des Binnenmarktes eingeschränkt werden dürfen. Und es geht darum, dass wir das europäische Sozialmodell verteidigen und verbessern. Und es ist höchste Zeit für die Einführung einer sozialen Fortschrittsklausel als bindendes Protokoll zu den bestehenden EU-Verträgen. Und es ist Zeit, die Entsenderichtlinie so zu verändern, dass Lohn- und Mindeststandardsforderungen nicht als Mindestforderungen begrenzt werden dürfen. Dankeschön.","Frau Präsidentin ! Ich möchte mich als erstes gegen den Geist einer vor wenigen Minuten gehörten Aussage verwahren , dass Ausländer unseren Arbeitsmarkt überschwemmen würden .
Zweitens hätte ich mir vom Ausschuss für Beschäftigung und soziale Angelegenheiten einen klareren , eindeutigeren Bericht gewünscht . Vertrauen in die soziale Bindungskraft der Europäischen Union kann nur erreicht werden , wenn fundamentale soziale Rechte als europäisches Primärrecht definiert werden . Wir sollten Rat , Kommission , Mitgliedstaaten und dem EuGH ein stärkeres Signal senden und uns nicht damit zufriedengeben , lediglich eine Balance zwischen Grundrechten und Binnenmarktfreizügigkeiten einzufordern . Damit ändern wir nichts ! Soziale Grundrechte sind ebenso wie Freiheitsrechte Menschenrechte , die nicht durch Freizügigkeiten des Binnenmarktes eingeschränkt werden dürfen .
Es geht darum , dass wir das europäische Sozialmodell verteidigen und verbessern und dass es höchste Zeit ist für die Einführung einer sozialen Fortschrittsklausel als bindendes Protokoll zu den bestehenden EU-Verträgen . Es ist Zeit , die Entsenderichtlinie so zu verändern , dass Lohn- und Mindeststandardsforderungen nicht auf Mindestforderungen begrenzt werden dürfen .
"
de,en.20090506.37.3-307,offline,,63.019,59.250717861999874,0.9402040315143032," Ok. Die EVP-ED-Fraktion fordert die Regierung und die Kommunistische Partei Chinas auf, den kommenden Menschenrechtsdialog in konstruktiver Weise zu führen. Dies würde die Beziehung zwischen der EU und China wesentlich entspannen. Wir haben ein echtes Interesse an einer Verbesserung der bilateralen Beziehungen. Aber dieser Dialog muss auch ehrlich geführt werden. Da werden wir unsere berechtigten Forderungen an China aufrechterhalten müssen. So ist aus unserer Sicht der Bürgerrechtlerunverzüglich freizulassen. So sind die Gespräche mit den Dalai Lama als religiösen Führer der Tibeter wieder aufzunehmen. Und so ist die chinesische Region Tibet für Journalisten und UNO-Menschenrechtsexperten unverzüglich zugänglich zu machen. Meiner Meinung nach hat die Volksrepublik China vor den Olympischen Spielen gezeigt, dass sie mehr Pressefreiheit zum Beispiel gewähren kann, ohne die Stabilität des Landes zu gefährden. Jetzt sollte sie den Mut haben, neue Reformen anzugehen. Reformen über Umerziehungslager, Rechte der Angeklagten, Todesstrafe, Religionsfreiheit, Versammlungsfreiheit. Diese Menschenrechte sollte sie echt angehen und mit uns den Dialog führen.","Frau Präsidentin ! Die PPE-DE-Fraktion fordert die Regierung und die Kommunistische Partei Chinas auf , den kommenden Menschenrechtsdialog in konstruktiver Weise zu führen . Dies würde die Beziehungen zwischen der EU und China wesentlich entspannen . Wir haben ein echtes Interesse an einer Verbesserung der bilateralen Beziehungen . Aber dieser Dialog muss auch ehrlich geführt werden . Daher werden wir unsere berechtigten Forderungen an China aufrechterhalten müssen . So ist aus unserer Sicht der Bürgerrechtler Hu Jia unverzüglich freizulassen . So sind die Gespräche mit dem Dalai Lama als religiösem Führer der Tibeter wieder aufzunehmen . Und so ist die chinesische Region Tibet für Journalisten und UNO-Menschenrechtsexperten unverzüglich zugänglich zu machen .
Meiner Meinung nach hat die Volksrepublik China vor den Olympischen Spielen gezeigt , dass sie z. B. mehr Pressefreiheit gewähren kann , ohne die Stabilität des Landes zu gefährden . Jetzt sollte sie den Mut haben , neue Reformen anzugehen : Reformen über Umerziehungslager , Rechte der Angeklagten , Todesstrafe , Religionsfreiheit , Versammlungsfreiheit . Diese Menschenrechte sollte sie echt angehen und mit uns den Dialog führen .
"
de,en.20090506.37.3-307,streaming,,63.019,57.25771709899709,0.9085786365857454," Ok. Die EVP-ED-Fraktion fordert die Regierung und die Kommunistische Partei Chinas auf, den kommenden Menschenrechtsdialog in konstruktiver Weise zu führen. Dies würde die Beziehung zwischen der EU und China wesentlich entspannen. Wir haben ein echtes Interesse an einer Verbesserung der bilateralen Beziehungen. Aber dieser Dialog muss auch ehrlich geführt werden. Da werden wir unsere berechtigten Forderungen an China aufrechterhalten müssen. So ist aus unserer Sicht der Bürgerrechtlerunverzüglich freizulassen. So sind die Gespräche mit den Dalai Lama als religiösen Führer der Tibeter wieder aufzunehmen. Und so ist die chinesische Region Tibet für Journalisten und UNO-Menschenrechtsexperten unverzüglich zugänglich zu machen. Meiner Meinung nach hat die Volksrepublik China vor den Olympischen Spielen gezeigt, dass sie mehr Pressefreiheit zum Beispiel gewähren kann, ohne die Stabilität des Landes zu gefährden. Jetzt sollte sie den Mut haben, neue Reformen anzugehen. Reformen über Umerziehungslager, Rechte der Angeklagten, Todesstrafe, Religionsfreiheit, Versammlungsfreiheit. Diese Menschenrechte sollte sie echt angehen und mit uns den Dialog führen.","Frau Präsidentin ! Die PPE-DE-Fraktion fordert die Regierung und die Kommunistische Partei Chinas auf , den kommenden Menschenrechtsdialog in konstruktiver Weise zu führen . Dies würde die Beziehungen zwischen der EU und China wesentlich entspannen . Wir haben ein echtes Interesse an einer Verbesserung der bilateralen Beziehungen . Aber dieser Dialog muss auch ehrlich geführt werden . Daher werden wir unsere berechtigten Forderungen an China aufrechterhalten müssen . So ist aus unserer Sicht der Bürgerrechtler Hu Jia unverzüglich freizulassen . So sind die Gespräche mit dem Dalai Lama als religiösem Führer der Tibeter wieder aufzunehmen . Und so ist die chinesische Region Tibet für Journalisten und UNO-Menschenrechtsexperten unverzüglich zugänglich zu machen .
Meiner Meinung nach hat die Volksrepublik China vor den Olympischen Spielen gezeigt , dass sie z. B. mehr Pressefreiheit gewähren kann , ohne die Stabilität des Landes zu gefährden . Jetzt sollte sie den Mut haben , neue Reformen anzugehen : Reformen über Umerziehungslager , Rechte der Angeklagten , Todesstrafe , Religionsfreiheit , Versammlungsfreiheit . Diese Menschenrechte sollte sie echt angehen und mit uns den Dialog führen .
"
de,en.20121025.11.4-022-000,offline,,15.975375,14.894833011996525,0.9323620266814723," Ja, ich möchte die Frau Kollegin Regner fragen, was glauben Sie, könnten die Gewerkschaften tun, um die Jugendarbeitslosigkeit zum Beispiel in Spanien und Portugal zu bekämpfen? Demonstrationen werden zu wenig sein. Welche aktive Politik könnte hier der Binnenmarkt leisten?","Herr Präsident ! Ich möchte die Frau Kollegin Regner fragen : Was , glauben Sie , könnten die Gewerkschaften tun , um die Jugendarbeitslosigkeit z. B. in Spanien und Portugal zu bekämpfen ? Demonstrationen werden zu wenig sein . Welche aktive Politik könnte hier der Binnenmarkt leisten ?
"
de,en.20121025.11.4-022-000,streaming,,15.975375,15.085540220999974,0.9442995999154933," Ja, ich möchte die Frau Kollegin Regner fragen, was glauben Sie, könnten die Gewerkschaften tun, um die Jugendarbeitslosigkeit zum Beispiel in Spanien und Portugal zu bekämpfen? Demonstrationen werden zu wenig sein. Welche aktive Politik könnte hier der Binnenmarkt leisten?","Herr Präsident ! Ich möchte die Frau Kollegin Regner fragen : Was , glauben Sie , könnten die Gewerkschaften tun , um die Jugendarbeitslosigkeit z. B. in Spanien und Portugal zu bekämpfen ? Demonstrationen werden zu wenig sein . Welche aktive Politik könnte hier der Binnenmarkt leisten ?
"
