audio,retardo_ms,latencia_computacional_ms,latencia_p90_ms,latencia_primer_tercio_ms,latencia_ultimo_tercio_ms,duracion_audio_s,tiempo_total_s,rtf,hypothesis,reference
en.20081008.24.3-238,160,72.9103474269247,97.53998720007077,72.00048084423368,74.52272095576973,125.0578125,118.40587741499985,0.9468091201019516," Gracias, señor presidente. En primer lugar, quisiera felicitar al señor Sieber por el trabajo realizado, porque en su informe se recogen muchas de las preocupaciones manifestadas en esta Cámara en torno a estos problemas cruciales para toda la Unión Europea. Son estos la escasez de agua y la sequía, asuntos que ya han dejado de ser solo un problema de los países del sur de Europa. Me alegro de que este proyecto incorpore algunas de las reflexiones realizadas en el informe de opinión del que fui ponente en la Comisión de Agricultura, a favor de una actividad agrícola destacando, por ejemplo, el papel que desempeñan los agricultores en la gestión sostenible de los recursos disponibles. Incluye, asimismo, una referencia a la sequía y a la escasez de agua como factores que agravan los precios en las materias primas, aspecto en el que los tiempos que corren también me parece muy importante señalar, para que tengamos presente no solo la dimensión medioambiental de este problema, sino también algunas de sus consecuencias económicas más relevantes. La Comisión de Medio Ambiente incluyó, por otra parte, la idea de crear un Observatorio Europeo de la Sequía Acción que se menciona a sí mismo en el informe de la Comisión de Agricultura y que espero que algún día se vea reflejada en hechos concretos. El texto que se somete mañana a votación nos recoge, sin embargo, una propuesta realizada por la Comisión de Agricultura para que se estudie la puesta en marcha de un fondo de adaptación económico contra la sequía, fondo que beneficiaría a todos los sectores económicos, incluido también la agricultura. Por mi parte, me gustaría dejar claro que seguiré defendiendo la constitución de este fondo y de que volveré a proponerles al Parlamento cuando lleguen los próximos meses la comunicación que tiene previsto publicar la Comisión sobre la adaptación al cambio climático. Me parece que, después de que se constituyera el Fondo de Solidaridad, que en su día se creó para paliar las pérdidas provocadas por las calamidades climáticas, es hora de que pensemos en un instrumento que actúe a priori y destinado para financiar medidas de prevención para reducir el coste medioambiental y económico de esas catástrofes climáticas. Muchas gracias.","−
Señor Presidente , en primer lugar , quisiera felicitar al señor Seeber por el trabajo realizado , porque en su informe se recogen muchas de las preocupaciones manifestadas en esta Cámara en torno a estos problemas cruciales para toda la Unión Europea . Son éstos : la escasez de agua y la sequía , asuntos que ya han dejado de ser solamente un problema de los países del sur de Europa .
Me alegro de que este proyecto incorpore alguna de las reflexiones realizadas en la opinión de la que fui ponente en la Comisión de Agricultura , a favor de una actividad agrícola , al destacar , por ejemplo , el papel que desempeñan los agricultores en la gestión sostenible de los recursos disponibles . Incluye , asimismo , una referencia a la sequía y a la escasez de agua como factores que agravan los precios de las materias primas , aspecto que , en los tiempos que corren , también me parece muy importante señalar para que tengamos presente no solamente la dimensión medioambiental de este problema , sino también algunas de sus consecuencias económicas más relevantes .
La Comisión de Medio Ambiente incluyó , por otra parte , la idea de crear un observatorio europeo de la sequía , acción que se menciona , asimismo , en la opinión de la Comisión de Agricultura y que espero que , algún día , se vea reflejada en hechos concretos .
El texto que se somete mañana a votación no recoge , sin embargo , una propuesta realizada por la Comisión de Agricultura para que se estudie la puesta en marcha de un fondo de adaptación económico contra la sequía , que beneficiaría a todos los sectores económicos , incluido también el de la agricultura .
Por mi parte , me gustaría dejar claro que seguiré defendiendo la constitución de este fondo , una idea que volveré a proponer al Parlamento cuando llegue en los próximos meses la comunicación que tiene previsto elaborar la Comisión sobre la adaptación al cambio climático .
Me parece que , después de que se constituyera el Fondo de Solidaridad , que en su día se creó para paliar las pérdidas provocadas por las calamidades climáticas , es hora de que pensemos en un instrumento que actúe
y destinado a financiar medidas de prevención para reducir el coste medioambiental y económico de esas catástrofes climáticas .
"
en.20081020.12.1-036,160,69.81157880650461,92.05454459993236,67.53757301029997,73.391479400004,47.03875,40.86284797400003,0.8687060768834213," El Atlético de Madrid los aficionados e incluso la policía española están siendo maltratados por la Federación Europea de Fútbol. Pero el caso trasciende lo particular. Pues esos órganos federativos agravan las sanciones a quienes recurren a la justicia ordinaria. Esta concepción medieval es tal ley del embudo es incompatible con el derecho, con las instituciones europeas. Desde las que hemos de reaccionar y lo acabaremos haciendo pues eso señores medievales arbitrarios de orca y cuchillo han de ponerse en línea con el respeto al derecho y las garantías procesales ordinarias de nuestra Europa. Nada más, muchas gracias.","El Atlético de Madrid , los aficionados e incluso la policía española están siendo maltratados por la Federación Europea de Fútbol . Pero el caso transciende lo particular , pues esos órganos federativos agravan las sanciones a quienes recurren a la justicia ordinaria .
Esta concepción medieval , esta ley del embudo es incompatible con el Derecho y con las instituciones europeas , desde las que hemos de reaccionar . Lo acabaremos haciendo , pues esos señores medievales arbitrarios de horca y cuchillo han de ponerse en línea con el respeto al Derecho y las garantías procesales ordinarias de nuestra Europa .
"
en.20081020.15.1-139,160,69.07374022320978,91.47382270011803,68.58920802297581,68.21370139312573,63.0373125,54.26016674499988,0.860762691064913," Gracias, señor presidente. Señor comisario, el terrorismo es un fenómeno global y la actuación de la delincuencia grave organizada también. Y, por tanto, los medios tienen que ser proporcionales y tienen que lucharse con eficacia. Yo he tomado buena nota de las respuestas que ha dado a las preguntas que eran oportunas. Es verdad que hay que exigir garantías, es verdad que es un tema delicado, pero no es menos cierto que es absolutamente inexcusable montar formar una respuesta globalizada y armonizada. Para algunos que el terrorismo les pilla un poco lejos, les preocupan más las garantías individuales. A mí me preocupan las individuales y las colectivas. Y es absolutamente necesario que empecemos por donde podamos. Si hemos empezado por el transporte aéreo, donde ya las compañías tienen esos datos, empecemos por ahí. Exijamos garantías, veamos cuál es el ámbito de aplicación, empecemos por las relaciones de los transportes internacionales y, ojo, tendremos que seguir por las interiores porque los terroristas muchas veces no vienen de fuera, sino que vienen de dentro. Que se lo pregunten a Estados Unidos y que se lo pregunten a los demás que así es y así tendremos que plantearlo.","Señor Presidente , señor Comisario , el terrorismo es un fenómeno global y la actuación de la delincuencia grave organizada también , y por tanto los medios tienen que ser proporcionales y hay que luchar con eficacia .
He tomado buena nota de las respuestas que ha dado a las preguntas , y eran oportunas : es verdad que hay que exigir garantías , es verdad que es un tema delicado , pero no es menos cierto que es absolutamente inexcusable montar , formar una respuesta globalizada y armonizada .
A algunos , a los que el terrorismo les queda un poco lejos , les preocupan más las garantías individuales . A mí me preocupan las individuales y las colectivas , y es absolutamente necesario que empecemos por donde podamos . Si hemos de empezar por el transporte aéreo , donde ya las compañías tienen esos datos , empecemos por ahí .
Exijamos garantías , veamos cuál es el ámbito de aplicación , empecemos por las relaciones de los transportes internacionales , y ¡ ojo ! tendremos que seguir por las interiores porque los terroristas muchas veces no vienen de fuera , sino que vienen de dentro . Que se lo pregunten a Estados Unidos , que se lo pregunten a los demás , que así es y así tendremos que plantearlo en el futuro .
"
en.20081118.31.2-399,160,68.9488196283335,87.52031240001088,68.3746202033522,70.18231570017747,129.0284375,111.17706749699983,0.8616477859541609," Muchas gracias, señor presidente. Yo quiero agradecer a la Comisión que haya presentado esta propuesta. Creo que es una propuesta positiva y que nos ayudará a reducir las cargas administrativas innecesarias. Ahora bien, como han dicho los oradores que me han precedido, este Parlamento tiene la obligación de traer a tierra lo que son propuestas muy generosas y muy altruistas por parte de la Comisión. Y la realidad es que hay una realidad nacional en la que hay 27 países con diferentes sistemas jurídicos y con idiomas muy diferentes. Lo cual exige que en cada uno de esos países nos ajustemos a las realidades del país, incluyendo el tema de las lenguas. Concretamente, como ha señalado Gosset ahora mismo, y como ha señalado los oradores anteriores, es importante que la Concretamente, en la Unión Europea no tenemos un idioma común, en los 27 países de suelo hablar idiomas muy diferentes entre ellos, incluso en algunos países como el del comisario, se hablan diferentes idiomas y vivimos con esto. Y desde el punto de vista jurídico, además, nos encontramos con la realidad de que los documentos jurídicos son diferentes. En la Comisión Jurídica, la Comisión Jurídica ha propuesto, por ejemplo, unas enmiendas sobre la autenticación de los actos de los documentos, junto con la autenticación de la traducción. En este momento la Comisión de Asuntos Jurídicos está preparando un informe sobre la","Señor Presidente , quiero agradecer a la Comisión que haya presentado esta propuesta . Creo que es una propuesta positiva y que nos ayudará a reducir las cargas administrativas innecesarias .
Ahora bien , como han dicho los oradores que me han precedido , este Parlamento tiene la obligación de traer a tierra lo que son propuestas muy generosas y muy altruistas por parte de la Comisión . Y la realidad es que hay una realidad nacional en la que hay veintisiete países con diferentes sistemas jurídicos y con idiomas muy diferentes , lo cual exige que , en cada uno de nuestros países , nos ajustemos a las realidades del país , incluyendo el tema de las lenguas .
Concretamente , como ha señalado el señor Gauzès , ahora mismo , y como han señalado los oradores anteriores , es importante que el reconocimiento de estas especificidades nacionales no lleve a un aumento de los costes , que las tasas sean uniformes y que los Gobiernos , eventualmente , asuman ese coste adicional .
Pero hay un tema que aparece también : es el tema de las traducciones . Concretamente , en la Unión Europea no tenemos un idioma común . En los veintisiete países se suelen hablar idiomas muy diferentes entre sí , incluso en algunos países , como el del Comisario , se hablan diferentes idiomas y vivimos con esto .
Y , desde el punto de vista jurídico , además , nos encontramos con la realidad de que los documentos jurídicos son diferentes . La Comisión de Asuntos Jurídicos ha propuesto , por ejemplo , unas enmiendas sobre la autenticación de las actas , de los documentos , junto con la autenticación de la traducción . En estos momentos , la Comisión de Asuntos Jurídicos está preparando un informe sobre el reconocimiento de actas auténticas en diferentes países de la Unión Europea que debería ser complementario de este informe .
En definitiva , yo creo que la Comisión ha hecho bien presentando este informe . La ponente ha hecho un magnífico trabajo y creo que todos nos hemos esforzado por hacer una propuesta de texto legislativo que pueda ser reconocido en el conjunto de la Unión , garantizando los derechos y partiendo de las bases de la realidad de una Unión que se está construyendo , que tiene diferentes ordenamientos nacionales y que tiene diferentes niveles de acceso a la comunicación electrónica .
"
en.20081118.4.2-040,160,69.09726863218589,87.27101310009859,68.8758967775706,69.53207964403825,131.0253125,113.14763018500025,0.8635555071467602," Gracias, presidente. Una gran mayoría de agricultores y ganaderos está pendiente de decisiones y acuerdos previos que adaptará el Consejo de Ministros de Agricultura de la Unión entre hoy y mañana sobre este chequeo de la PAC. Porque no se trata de una simple revisión, sino que traerá consigo cambios profundos, como la desaparición de muchas explotaciones. Si sale adelante este recorte que propone la Comisión Europea sobre ayudas directas. La modulación es el punto central de este informe parlamentario y podría ser uno de los pocos elementos de la opinión del Parlamento con algún impacto en las negociaciones que mantienen los ministros de Agricultura de la Unión. Venimos oponiéndonos desde hace años a cualquier incremento de eso que llamamos eufemísticamente modulación, porque si la política de desarrollo rural no dispone de fondos suficientes, no es por falta de recursos dentro del techo de gastos de la PAC, sino por una ausencia absoluta de voluntad política para dotar al presupuesto comunitario de ese necesario desarrollo pilar. Quieren liberalizar los mercados, claro, háganlo, pero con iguales requisitos y condiciones para todos los productores, los de dentro y fuera de la Unión. En estos momentos, la Unión Europea se está jugando el futuro de muchos agricultores y ganaderos y, muy especialmente, me gustaría hacer una referencia a los sectores frágiles como el del ovino, el vacuno o el tabaco, cuya supervivencia, en muchas zonas productoras, dependerá de este chequeo. Algunos productores, como los de ovino, ya no piden ayuda, sino que simplemente quieren que se les deje irse dignamente del mercado, porque han hecho cuentas y la única forma de sobrevivir es reducir los volúmenes producidos. El abandono de la producción, por tanto, es la única salida que dejamos a muchos productores, cuyo espacio será ocupado sin duda por importaciones de países terceros, porque el consumidor no dejará de consumir y el mundo no dejará de incrementar a pasos agigantados el número de consumidores. El Parlamento debería emitir una opinión prudente y el Consejo escucharla. Agradezco desde aquí al presidente de la Comisión de Agricultura las gestiones que ha realizado el señor Paris para que se escuche al Parlamento y no sea ninguneado de una forma tan clara y ostensible por el Consejo y la Comisión como hasta ahora. Gracias. Gracias, señora Hernández García.","Señor Presidente , una gran mayoría de agricultores y ganaderos está pendiente de decisiones y acuerdos previos que adoptará el Consejo de Ministros de Agricultura de la Unión , entre hoy y mañana , sobre este chequeo de la PAC , porque no se trata de una simple revisión , sino que traerá consigo cambios profundos , como la desaparición de muchas explotaciones , si sale adelante este recorte que propone la Comisión Europea respecto de las ayudas directas .
La modulación es el punto central de este informe parlamentario y podría ser uno de los pocos elementos del dictamen del Parlamento con algún impacto en las negociaciones que mantienen los Ministros de Agricultura de la Unión .
Venimos oponiéndonos , desde hace años , a cualquier incremento de eso que llamamos eufemísticamente « modulación » , porque si la política de desarrollo rural no dispone de fondos suficientes no es por falta de recursos dentro del techo de gastos de la PAC , sino por una ausencia absoluta de voluntad política para dotar al presupuesto comunitario de ese necesario pilar .
¿ Quieren liberalizar los mercados ? Claro , háganlo , pero con iguales requisitos y condiciones para todos los productores , los de dentro y los de fuera de la Unión .
En estos momentos la Unión Europea se está jugando el futuro de muchos agricultores y ganaderos y , muy especialmente , me gustaría hacer una referencia a los sectores frágiles como el del ovino , el del vacuno o el del tabaco , cuya supervivencia en muchas zonas productoras dependerá de este chequeo .
Algunos productores , como los de ovino , ya no piden ayudas , sino que simplemente quieren que se les deje irse dignamente del mercado , porque han hecho cuentas y la única forma de sobrevivir es reducir los volúmenes producidos . El abandono de la producción , por tanto , es la única salida que dejamos a muchos productores , cuyo espacio será ocupado , sin duda , por importaciones de terceros países , porque el consumidor no dejará de consumir y el mundo no dejará de incrementar a pasos agigantados el número de consumidores .
El Parlamento debería emitir una opinión prudente y el Consejo escucharla . Agradezco desde aquí al Presidente de la Comisión de Agricultura y Desarrollo Rural , el señor Parish , las gestiones que ha realizado para que se escuche al Parlamento y no sea ninguneado de una forma tan clara y ostensible por el Consejo y la Comisión , como hasta ahora .
"
en.20081118.4.2-057,160,75.91715996663552,105.72193460020576,70.03780986833361,70.37003053126227,77.0389375,72.89681793599993,0.9462334282063526," Gracias, señor presidente. En primer lugar, sumame a las felicitaciones del señor ponente, el señor Capula Santos, por su magnífico trabajo. Creo que ha encontrado equilibrio y moderación en su informe. Creo que lo importante a estas alturas del debate es mandar un mensaje de estabilidad para nuestros agricultores. Los agricultores europeos necesitan más que nunca estabilidad y soluciones. Es necesario periodos transitorios suficientes así como mantener medidas específicas que sean necesarias para sectores en dificultad. Señora comisaria, no valen las mismas soluciones para todos los sectores y hay que recordar que tenemos sectores que están atravesando verdaderas dificultades. La política agraria común no tiene que ser el problema, sino la solución. Y para ello necesitamos un primer pilar fuerte, creemos y apostamos por el desarrollo rural, pero no creemos que la modulación propuesta por la Comisión sea la solución. No se trata de fortalecer el desarrollo rural en detrimento del primer pilar. Estamos de acuerdo en que hay que simplificar el régimen de pago único en revisar los instrumentos del mercado, pero eso no significa desmantelarlos. Si lo hacemos bien, estaremos poniendo las bases para una política agraria común más allá del 2013. Si no, estaremos acabando con la actividad de muchos agricultores europeos. Gracias. Gracias. No veo una...","Señor Presidente , en primer lugar , quería sumarme a la felicitación al ponente , el señor Capoulas Santos , por su magnífico trabajo . Creo que ha encontrado equilibrio y moderación en su informe .
Creo que lo importante , a estas alturas del debate , es mandar un mensaje de estabilidad a nuestros agricultores . Los agricultores europeos necesitan más que nunca estabilidad y soluciones . Son necesarios períodos transitorios suficientes , así como mantener medidas específicas que sean necesarias para sectores en dificultad .
Señora Comisaria , no valen las mismas soluciones para todos los sectores . Hay que recordar que tenemos sectores que están atravesando verdaderas dificultades . La Política Agrícola Común no tiene que ser el problema , sino la solución , y para ello necesitamos un primer pilar fuerte .
Creemos en el desarrollo rural y apostamos por él , pero no creemos que la modulación propuesta por la Comisión sea la solución . No se trata de fortalecer el desarrollo rural en detrimento del primer pilar . Estamos de acuerdo en que hay que simplificar el régimen de pago único , en revisar los instrumentos de mercado . Pero eso no significa desmantelarlos .
Si lo hacemos bien , estaremos poniendo las bases para una Política Agrícola Común más allá de 2013 ; si no , estaremos acabando con la actividad de muchos agricultores europeos .
"
en.20081118.5.2-089,160,69.98887185945925,91.2854334000258,70.36998403974026,68.27657399338767,109.0360625,95.3320169650001,0.8743163938536399," Estamos ante un plan muy esperado por el sector hortofrutícola, no solamente por las dificultades a las que atraviesa, sino también por el preocupante descenso del consumo. Creo que nos encontramos ante un plan de promoción de salud pública. Yo creo que debe ser un plan europeo y también defiendo la plena financiación comunitaria. No estoy de acuerdo en que puedan entrar los padres en la cofinanciación porque pasará lo de siempre. Los padres que puedan aportar dinero, sus hijos, en las escuelas consumirán frutas y hortalizas y los que no se quedarán fuera del programa. Creo que tiene que ser un plan financiado comunitariamente para que su distribución sea homogénea. Por ello también quiero hacer mucho hincapié en que hay que poner el acento en las medidas educativas, No se trata solo de que un alumno se coma una manzana, sino que sepa qué tipo de manzana se está comiendo. Conozca sus propiedades nutritivas y comprenda los efectos beneficiosos que dichas frutas tienen para su salud y para su desarrollo. Por supuesto, debe tratarse de productos de todas las garantías de calidad, dando prioridad, si puede ser, a las frutas de temporada y, cuando sea posible, yo defiendo el origen comunitario de nuestras frutas y hortalizas. Creo que sus efectos beneficiosos de este plan, que aplaudo y por lo cual quiero felicitar a la comisaria, los notaremos inmediatamente. Por supuesto, para la salud presente y futura de nuestros niños. Y su educación alimentaria, pero también creo que es muy importante para el sector hortofrutícola. Un sector productivo que constituye una una auténtica patrimonio cultural europeo. Pues gracias a él podemos disfrutar de una dieta equilibrada, sana y variada. Creo que merece la pena apostar e invertir en este plan de distribución de frutas y hortalizas en nuestras escuelas. Creo que el presupuesto se queda un poco corto, porque vuelvo a decir que defiendo la plena financiación comunitaria de un plan tan ambicioso como este. Muchas gracias.","Señor Presidente , estamos ante un plan muy esperado por el sector hortofrutícola , no solamente por las dificultades por las que atraviesa , sino también por el preocupante descenso del consumo .
Nos encontramos ante un plan de promoción de la salud pública ; creo que debe ser un plan europeo , y también defiendo la plena financiación comunitaria . No estoy de acuerdo en que puedan entrar los padres en la cofinanciación , porque pasará lo de siempre : aquellos niños cuyos padres puedan aportar dinero , consumirán frutas y hortalizas en las escuelas , y los que no , se quedarán fuera del programa .
Creo que tiene que ser un plan financiado comunitariamente para que su distribución sea homogénea . Por ello también quiero hacer mucho hincapié en que hay que poner el acento en las medidas educativas . No se trata solo de que un alumno se coma una manzana , sino de que sepa qué tipo de manzana se está comiendo , conozca sus propiedades nutritivas y comprenda los efectos beneficiosos que dicha fruta tiene para su salud y para su desarrollo .
Por supuesto , debe tratarse de productos con todas las garantías de calidad , dando prioridad , si puede ser , a las frutas de temporada y , cuando sea posible , yo defiendo el origen comunitario de nuestras frutas y hortalizas .
Creo que los efectos beneficiosos de este plan , que aplaudo y por el cual quiero felicitar a la Comisaria , los notaremos inmediatamente ; por supuesto , en la salud presente y futura de nuestros niños y su educación alimentaria , pero también creo que es muy importante para el sector hortofrutícola , un sector productivo que constituye un auténtico patrimonio cultural europeo , pues gracias a él podemos disfrutar de una dieta equilibrada , sana y variada .
Creo que merece la pena apostar e invertir en este plan de distribución de frutas y hortalizas en nuestras escuelas . Creo que el presupuesto se queda un poco corto , porque , vuelvo a decirlo , defiendo la plena financiación comunitaria de un plan tan ambicioso como éste .
"
en.20081119.18.3-173,160,77.01994206073222,110.54204440015383,76.88119145488268,75.29501310319006,128.0299375,123.22118018699985,0.9624403681912276," Sí, gracias, presidente. Le pido que estas primeras palabras no las incluya, por favor, en el tiempo en la máquina del tiempo, porque mis primeras palabras son para sumarme al mensaje de condolencia expresado por esta Cámara hacia dirigido hacia la señora Clamp y, sobre todo, para felicitar a los ponentes. Ahora sí que empiezo Le felicito a los ponentes porque, con estas dos propuestas, estamos dando un paso cualificativo hacia una política común de inmigración y entramos en la promoción de la inmigración legal. Pilar clave del enfoque global que defendemos. El marco general de derechos y el permiso único de residencia y trabajo para los emigrantes legales deben extenderse al mayor número de trabajadores. Por eso, los socialistas pedimos que no se excluya a ninguna categoría de trabajadores. La denominada tarjeta azul brinda una oportunidad para que los emigrantes se instalen con sus familias y trabajen en nuestros países. Les abre una puerta única a 27 mercados laborales. Ahora bien, por esta puerta no solo deben entrar los trabajadores altamente cualificados. Por ello, esperamos, señor comisario, que la comisión nos presente en breve sus propuestas relativas a las otras categorías laborales. Señorías, debemos luchar contra la fuga de cerebros. Esta tarjeta azul no debe convertirse en un pasaporte que favorezca una sangría de recursos humanos vitales en los países en vía de desarrollo. Por ello, desde el Grupo Socialista queremos que por cada profesional cualificado que venga a Europa costeemos la formación de un nuevo profesional en el país de origen. Por último, Europa debe ser un destino atractivo no solo para los talentos venidos de fuera de la Unión, sino también para los nuestros. En 2007 casi 300.000 europeos altamente cualificados se marcharon a trabajar fuera de la Unión. Hagamos todo lo posible por mantenerlos en la Casa Europea. Muchas gracias.","Señor Presidente , le pido que estas primeras palabras no las incluya , por favor , en la máquina infernal del tiempo , porque mis primeras palabras son para sumarme al mensaje de condolencia , expresado por esta Cámara y dirigido hacia la señora Klamt , y , sobre todo , para felicitar a los ponentes .
Ahora sí que empiezo . Felicito a los ponentes porque , con estas dos propuestas , estamos dando un paso cualitativo hacia una política común de inmigración y entramos en la promoción de la inmigración legal , pilar clave del enfoque global que defendemos .
El marco general de derechos y el permiso único de residencia y trabajo para los emigrantes legales , deben extenderse al mayor número de trabajadores . Por eso , los socialistas pedimos que no se excluya a ninguna categoría de trabajadores .
La denominada « tarjeta azul » brinda una oportunidad para que los emigrantes se instalen con sus familias y trabajen en nuestros países . Les abre una puerta única a 27 mercados laborales . Ahora bien , por esta puerta no sólo deben entrar los trabajadores altamente cualificados . Por ello , esperamos , señor Comisario , que la Comisión nos presente en breve sus propuestas relativas a las otras categorías laborales .
Señorías , debemos luchar contra la fuga de cerebros . Esta tarjeta azul no debe convertirse en un pasaporte que favorezca una sangría de recursos humanos vitales en los países en desarrollo . Por ello , desde el Grupo Socialista queremos que , por cada profesional cualificado que venga a Europa , costeemos la formación de un nuevo profesional en el país de origen .
Por último , Europa debe ser un destino atractivo , no sólo para los talentos venidos de fuera de la Unión , sino también para los nuestros . En 2007 , casi 300 000 europeos altamente cualificados se marcharon a trabajar fuera de la Unión . Hagamos todo lo posible por mantenerlos en la casa europea .
"
en.20081119.21.3-287,160,71.82831004457236,96.24772259994643,76.42564194119043,69.49573679998291,29.0433125,25.87810362099981,0.891017635161272," Señora vicepresidenta, ¿le parece a usted que la cercanía o la lejanía de los candidatos a los electores tiene que ver con el grado de participación en las elecciones europeas? ¿Está usted de acuerdo en que un Estado de 45 millones de habitantes no tenga más que una sola circunscripción electoral para el las elecciones al Parlamento Europeo? ¿Qué puede hacer la Comisión para que los Estados de mayor número de población puedan tener circunscripciones más próximas a los ciudadanos?","Señora Vicepresidenta , ¿ le parece a usted que la cercanía o la lejanía de los candidatos a los electores tienen que ver con el grado de participación en las elecciones europeas ? ¿ Está usted de acuerdo en que un Estado de 45 millones de habitantes no tenga más que una sola circunscripción electoral para las elecciones al Parlamento Europeo ? ¿ Qué puede hacer la Comisión para que los Estados de mayor número de población puedan tener circunscripciones más próximas a los ciudadanos ?
"
en.20081119.21.3-290,160,75.26234796429911,97.02549700009513,70.05709864288941,70.77273707143051,7.03075,6.413632607999716,0.9122259514276166," Disculpenme, pero no he oído que la señora vicepresidenta haya contestado a mis preguntas.","Discúlpeme , pero no he oído que la señora Vicepresidenta haya contestado a mis preguntas .
"
en.20081119.21.3-302,160,73.38821390342233,98.62833360011795,74.12767815151462,71.83618499999305,40.0495625,36.71511223300013,0.9167419053079575," Muchas gracias señora presidenta, me ha dado usted bastante información, diera buenos resultados, ¿cree posible la Comisión extender esa experiencia al resto de los países de la orilla sur del Mediterráneo?","Muchas gracias , señora Vicepresidenta . Me ha dado usted bastante información sobre el tema que planteaba y le agradezco esa información detallada . Creo que es importante la nueva etapa de la Comisión y , sobre todo , el proyecto de Bamako de un centro de la Unión Europea en materia de inmigración . Sé que acaba de abrirse , que es probablemente muy pronto , pero la pregunta que hago a la Comisión es : ¿ En el caso de que ese proyecto de Bamako ( Malí ) en materia de inmigración diera buenos resultados , cree posible la Comisión extender esa experiencia al resto de los países de la orilla sur del Mediterráneo ?
"
en.20081119.21.3-308,160,72.20371453105648,97.09716429983929,73.88496060748027,69.49724426851844,26.0479375,23.390624788999958,0.8979837574088143," Escolar respuesta en nombre del señor Yáñez, pero he de decir, comisaria, al señor Michel, que sus acciones, sus palabras y sus gestos son muy necesarios en contacto directo y realmente con la oposición democrática cubana para cumplir las conclusiones prioritarias del Consejo y reducir los efectos de la terrible dictadura castrista en favor de la libertad. Nada más, muchas gracias.","Agradezco la respuesta en nombre del señor Yañez-Barnuevo , pero he de decir , Comisaria , al señor Michel , que sus acciones , sus palabras y sus gestos son muy necesarios en contacto directo entablado realmente con la oposición democrática cubana para cumplir las conclusiones prioritarias del Consejo y reducir los efectos de la terrible dictadura castrista y favorecer a la libertad .
"
en.20081120.29.4-238,160,71.457522350512,94.03610660015148,71.15427699809932,72.14504012977125,126.0330625,112.42687169100009,0.8920426867434098," Señor Presidente, en nombre del Grupo Socialista, quiero expresar la más enérgica repulsa de mi grupo a los asesinatos que se están cometiendo en esta región de Somalia, invocando el nombre de Dios. Es decir, yo creo que hay pocos Pocas barbaridades se han cometido por alguien que no haya invocado el nombre de Dios o de una religión. Concretamente, la forma en la que se cometió este atroz asesinato ya lo sabemos, una niña de 13 años que es violada, y que luego se ha acusado de adulterios, y que cinco hombres, si se pueden llamar hombres, se apresuran a lapidarlas e impiden incluso que alguien trate de salvarlas, en un estadio ocupado por mil personas. Esto unido a los actos de piratería que este año en las costas de Somalia han alcanzado el nivel de mil barcos secuestrados, constituye una situación humanitaria absolutamente inadmisible. La comunidad internacional no puede permanecer impasible ante esto. No puede permanecer impasible ante la cobardía y que nos imponga obligaciones. Yo no creo que podamos quedarnos aquí impasibles en esta comunidad de 500 millones de personas y 27 países, la más importante del mundo, sin intervenir en esa situación. No sé cómo se podrá hacer, pero desde luego creo que hay que hacerlo y que hay que intervenir rápidamente. El Grupo Socialista no está de acuerdo con las enmiendas que han sido presentadas a última hora. Que no fueron negociadas en su momento, apoyamos el texto de la resolución común, y esperamos que este sea el comienzo de una preocupación mayor de la Unión Europea por este tipo de cuestiones humanitarias y por la repulsa de la utilización abusiva de conceptos religiosos para cometer barbaridades en nombre de Dios.","Señor Presidente , en nombre del Grupo Socialista , quiero expresar la más enérgica repulsa de mi grupo por los asesinatos que se están cometiendo en esta región de Somalia invocando el nombre de Dios . Pocas barbaridades han sido cometidas por alguien que no haya invocado el nombre de Dios o de una religión .
Concretamente , la forma en la que se cometió este atroz asesinato : una niña de 13 años que es violada , que luego es acusada de adulterio y a la que cinco hombres – si se pueden llamar hombres – se apresuran a lapidar , impidiendo incluso que alguien trate de salvarla , en un estadio ocupado por mil personas .
Esto , unido a los actos de piratería que este año en las costas de Somalia han alcanzado el nivel de casi 100 barcos secuestrados , constituye una situación humanitaria absolutamente inadmisible .
La comunidad internacional no puede permanecer impasible ante esto . No puede permanecer impasible ante la cobardía , ante la invocación religiosa para cometer barbaridades . Por tanto , tenemos que restablecer el orden , apoyando al Gobierno legítimo de Somalia para que recupere el control de todo el país y establezca un Estado de Derecho que respete los derechos humanos .
Creo que en pocas ocasiones se nos ha presentado una situación tan clara y que nos imponga obligaciones . No creo que podamos quedarnos aquí impasibles , en esta Comunidad de 500 millones de personas y 27 países , la más importante del mundo , sin intervenir en esa situación . No sé cómo se podrá hacer , pero , desde luego , creo que hay que hacerlo y que hay que intervenir rápidamente .
El Grupo Socialista no está de acuerdo con las enmiendas que han sido presentadas a última hora , que no fueron negociadas en su momento . Apoyamos el texto de la resolución común y esperamos que este sea el comienzo de una preocupación mayor de la Unión Europea por este tipo de cuestiones humanitarias y por la repulsa de la utilización abusiva de conceptos religiosos para cometer barbaridades en nombre de Dios .
"
en.20081215.17.1-182,160,72.06663080306589,98.15800480000689,71.49980659449685,71.02843728624634,131.07175,117.92323088300009,0.8996845688182242," Gracias, señor presidente. Yo creo que la ponente y los oradores que me han precedido han puesto de relieve cuáles son las características de esta propuesta directiva del Parlamento y del Consejo. Se trata del reconocimiento de que también el armamento, las municiones, están dentro del mercado interior, El trabajo que se ha hecho en la Comisión de Asuntos Jurídicos y en las comisiones de opinión que han colaborado con ellas, de acuerdo con el Consejo, bajo la experta dirección de la ponente señora Ruile, ha sido muy positivo creo que el texto que hoy presentamos un texto bastante equilibrado básicamente a pesar de que sobre el papel parece muchas enmiendas hoy nos limitamos una sola enmienda que la enmienda 63 que es la que recoge el espíritu de compromiso y en esa enmienda se puede ver un texto bien articulado coherente y que va a permitir el funcionamiento de la de todo este mercado Ha puesto de relieve el señor Tubón que esto está relacionado con otros textos internacionales, por ejemplo, la adopción en este mismo mes del convenio de Oslo, la firma del convenio de Oslo, sobre la prohibición de las municiones de racimo, también el convenio sobre las limitaciones de minas antipersonales, y toda una serie de acuerdos internacionales e incluso de normas de la Unión Europea dirigidas a limitar la utilización de armas. Creo que el modelo nuestro no es el modelo de la libre circulación de armas en cualquier momento, sino de un mercado regulado, controlado por los Estados y controlado también a partir de ahora por las propias instituciones de la Unión Europea. Muchas gracias, señor presidente.","Creo que la ponente y los oradores que me han precedido han puesto de relieve cuáles son las características de esta propuesta de Directiva del Parlamento Europeo y del Consejo .
Se trata del reconocimiento de que también el armamento , las municiones , están dentro del mercado interior aunque , desde luego , con una serie de limitaciones . No se trata de mercancías normales , no son caramelos ni son objetos de entretenimiento , sino que son objetos que requieren un control preciso .
Desde luego , hay limitaciones en el propio Tratado — el artículo 30 y el artículo 296 — que confieren a los Estados responsabilidades importantes en la materia . El hecho de que tengamos un mercado común no impide que los Estados estén obligados al cumplimiento de las normas de seguridad y con derecho a aplicarlas cuando se pone en peligro su propia seguridad .
El trabajo que se ha hecho en la Comisión de Asuntos Jurídicos y en las comisiones competentes para emitir opinión que han colaborado con ella , de acuerdo con el Consejo , bajo la experta dirección de la ponente , señora Rühle , ha sido muy positivo .
Creo que el texto que hoy presentamos es un texto bastante equilibrado . Básicamente , a pesar de que sobre el papel parecen muchas enmiendas , hoy nos limitamos a una sola enmienda — la enmienda 63 , que es la que recoge el espíritu de la transacción — , y en esa enmienda se puede ver un texto y un articulado coherente y que va a permitir el funcionamiento de todo este mercado .
Ha puesto de relieve el señor Toubon que esto está en relación con otros textos internacionales . Por ejemplo , la adopción en este mismo mes del Convenio de Oslo — la firma del Convenio de Oslo — sobre la prohibición de las municiones de racimo , también el Convenio sobre las limitaciones de minas antipersonales y toda una serie de acuerdos internacionales e incluso de normas de la Unión Europea dirigidas a limitar la utilización de armas . Creo que el modelo nuestro no es el modelo de la libre circulación de armas en cualquier momento sino un mercado regulado , controlado por los Estados y controlado también , a partir de ahora , por las propias Instituciones de la Unión Europea .
"
en.20081216.36.2-344,160,68.31474925847189,87.93205839992879,68.54971501886023,69.87639048496644,64.0125625,54.53901357299992,0.8520048478452947," Gracias, señora presidenta. Señor comisario, esta propuesta salió de la comisión hace más de un año. Con unos objetivos realmente muy ambiciosos. Y en este tiempo han ocurrido convulsiones financieras en el mundo que parecía que iban a dar, hacer naufragar estas medidas. Pero finalmente se ha llegado a un acuerdo equilibrado que no satisface a casi nadie, al 100%, pero que es un buen acuerdo que mantiene los objetivos finales pero que hace más asequibles a las empresas los medios para alcanzarlos. Por eso tenemos que agradecer muy especialmente y felicitar a la ponente señora Doyle, a los ponentes de los otros grupos políticos y a la presidencia francesa muy especialmente también porque su trabajo ha hecho que se consiga un buen resultado para todos. Confío en que en un futuro próximo las circunstancias nos permitan ser mucho más ambiciosos y que haya otros países que también se unan a esta cruzada de lucha contra el cambio climático que tan tanto queremos llevar a cabo en Europa. Muchísimas gracias.","Señora Presidenta , señor Comisario , esta propuesta salió de la Comisión hace más de un año con unos objetivos realmente muy ambiciosos . En este tiempo han ocurrido convulsiones financieras en el mundo que parecía que iban a hacer naufragar estas medidas , pero finalmente se ha llegado a un acuerdo equilibrado , que no satisface a casi a nadie al 100 % , pero que es un buen acuerdo que mantiene los objetivos finales y , al mismo tiempo , hace más asequibles a las empresas los medios para alcanzarlos .
Por eso tenemos que agradecer muy especialmente y felicitar a la ponente , señora Doyle , a los ponentes de los otros Grupos políticos y a la Presidencia francesa muy especialmente también , porque su trabajo ha hecho que se consiguiera un buen resultado para todos .
Confío en que , en un futuro próximo , las circunstancias nos permitan ser mucho más ambiciosos y en que haya otros países que también se unan a esta cruzada de lucha contra el cambio climático que tanto queremos llevar a cabo en Europa .
"
en.20081216.39.2-422,160,68.87673328426871,86.99413419990378,65.90869837805812,70.19037596961773,79.0590625,67.93656271200007,0.8593140440034951," Gracias, presidente. Señor comisario, esta era una buena propuesta, tal y como salió de la comisión, no solamente por la reducción de azufre, sino también por su nuevo artículo 7 bis, que exigía a los proveedores una reducción gradual de las emisiones de gases de efecto invernadero. Y porque resolvía el viejo problema de la presión de vapor para las mezclas de las gasolinas con bialcohol. En países como el mío de veranos cálidos. Precisamente esto no pasó el filtro del voto en la Comisión de Medio Ambiente y esto nos preocupaba a muchos. Hoy tenemos un acuerdo encima de la mesa que suaviza la aplicación del artículo 7 bis y que retoma el waiver de la presión de vapor endureciendo, por supuesto, las condiciones para acceder a la excepción y que, como en el resto de este paquete clima, el acuerdo no satisface a todos al 100%, pero, sin embargo, es asumible para todos. Quiero agradecer a la señora Corby, por la receptividad que ha tenido para solucionar problemas también al señor Turmes y por supuesto a la presidencia francesa que aquí también han hecho un gran alarde de efectividad. Muchas gracias.","Señor Presidente , señor Comisario , ésta era una buena propuesta tal y como salió de la Comisión , no solamente por las reducciones de azufre sino también por su nuevo artículo 7
que exigía de los proveedores una reducción gradual de las emisiones de gases de efecto invernadero , y porque resolvía el viejo problema de la presión de vapor para las mezclas de las gasolinas con bioalcohol en países como el mío , de veranos cálidos .
Precisamente esto no pasó el filtro de la votación en la Comisión de Medio Ambiente y esto nos preocupaba a muchos .
Hoy tenemos un acuerdo encima de la mesa que suaviza la aplicación del artículo 7
y que retoma el
de la presión de vapor endureciendo , por supuesto , las condiciones para acceder a la excepción y que , como el resto de este paquete sobre el clima , no satisface a todos al 100 % pero , sin embargo , es asumible por todos .
Quiero agradecer a la señora Corbey su excelente trabajo y la receptividad que ha tenido para solucionar problemas , y también dar las gracias al señor Turmes y , por supuesto , a la Presidencia francesa , que aquí también han hecho un gran alarde de efectividad .
"
en.20081218.38.4-266,160,74.63718683230641,100.15873610022942,75.22961717777434,73.10313459519354,130.050125,121.158980015,0.9316329377999444," Muchas gracias, señora presidenta. Tal y como dice el informe, según las estimaciones de 2007, Zimbabue cuenta con una población de 12 millones, en las que casi la mitad de ella está pasando hambre. La media, la esperanza de vida son 36 años. Y más solo un 40% de los profesores del país se está trabajando y únicamente un tercio de los alumnos asista a clase, con lo cual Mugabe no solo está matando el presente, está matando el futuro. El futuro. La represión y mutilación de los derechos humanos también está a la orden del día. Los defensores de derechos humanos en Zimbabue han sido sistemáticamente el blanco de detenciones arbitrarias, arrestos y torturas. La legislación introducida por el Gobierno reduce severamente las libertades de expresión asamblea, movimiento y reunión. Quisiera citar varias de ellas, ya que el Gobierno ha introducido normas cada vez más represivas, las cuales han sido usadas contra estos defensores activistas de los derechos humanos. Por ejemplo, la Ley de Acceso a la Información y Protección de la Privacidad, usada por el Gobierno para silenciar de forma efectiva a periodistas. La ley de orden público y seguridad, la cual ha limitado severamente la libertad de reunión y cientos de defensores de derechos humanos, incluyendo trabajadores de medios independientes, han sido detenidos arbitrariamente. Y también la ley de organizaciones voluntarias de carácter privado, restablecida en el 2002 por el Gobierno y presuntamente usada para intimidar y acosar a las ONG. Señora Presidente, en mi lengua materna, el euskera, el vasco, que no es oficial en esta Cámara, Mugabe, quiere decir sin límite. Un buen mote para este personaje. El dictador de dicho país africano no es solo uno más dentro de la lista de amplia lista de dictadores que, por desgracia, contamos en este planeta, sino que no me atrevo a decir que ocupa uno de los puestos en el top ten de dictadores. Y creo que en la UE tenemos que hacer lo imposible para que este personaje se vaya y acabe sus días en Tados ante un tribunal de derechos humanos. Deseamos a Zimbabue un feliz año 2009 sin Mugabe. Muchas gracias.","Tal y como dice el informe , según las estimaciones de 2007 , Zimbabue cuenta con una población de 12 millones de personas , de las que casi la mitad de ellas está pasando hambre . La esperanza de vida es de 36 años y solo un 40 % de los profesores del país está trabajando , y únicamente un tercio de los alumnos asiste a clase , con lo cual Mugabe no solo está matando el presente , está matando el futuro .
La represión y mutilación de los derechos humanos también está a la orden del día . Los defensores de los derechos humanos de Zimbabue han sido sistemáticamente el blanco de detenciones arbitrarias , arrestos y torturas . La legislación introducida por el Gobierno reduce severamente las libertades de expresión , asamblea , movimiento y reunión .
Quisiera citar varias de ellas , ya que el Gobierno ha introducido normas cada vez más represivas , las cuales han sido contra estos defensores activistas de los derechos humanos . Por ejemplo , la Ley de acceso a la información y protección de la privacidad , usada por el Gobierno para silenciar de forma efectiva a periodistas ; la Ley de orden público y seguridad , la cual ha limitado severamente la libertad de reunión y cientos de defensores de los derechos humanos , incluyendo trabajadores de medios independientes , han sido detenidos arbitrariamente ; y también la Ley de organizaciones voluntarias de carácter privado , restablecida en 2002 por el Gobierno y presuntamente usada para intimidar y acosar a las ONG .
Señora Presidenta , en mi lengua materna , el euskera — el vasco — , que no es oficial en esta cámara , Mugabe quiere decir « sin límite » , un buen mote para este personaje .
El dictador de dicho país africano no es sólo uno más dentro de la amplia lista de dictadores con que , por desgracia , contamos en este planeta , sino que me atrevo a decir que ocupa uno de los puestos en el top ten de dictadores . Creo que en la UE tenemos que hacer lo imposible para que este personaje se vaya y acabe sus días sentado ante un Tribunal de Derechos Humanos .
Deseamos pues a Zimbabue un feliz año 2009 sin Mugabe .
"
en.20081218.39.4-280,160,70.44270745513965,91.14004540006135,67.63440873249498,72.47993791755898,134.0439375,117.87338769200005,0.8793638107803275," Señora Presidenta, tenemos una propuesta de resolución. Sobre Nicaragua, en la que hay que tomar diferentes aspectos. En primer lugar, hay alegación de fraude al menos en dos municipios, Nicaragua y León. Y esto empaña el resultado electoral del 9 de noviembre. Por otro lado, tenemos un gobierno que se ha preocupado de resolver algunos de los problemas que eliminan los derechos humanos en América Latina, concretamente la pobreza, el analfabetismo. La mortalidad infantil la disposición de agua potable, y la falta de titularidad sobre las tierras indígenas. Entonces, al examinar el caso, nosotros tenemos que distinguir perfectamente los dos aspectos. Por un lado, tenemos que estimular los derechos humanos. Y tenemos que defender los derechos humanos, en el sentido tradicional, como derechos políticos. Y por el otro, tenemos que alentar al gobierno de Nicaragua siguiendo en sus funciones de ayuda a los sectores más necesitados del país. Desde luego, tenemos que garantizar que la oposición pueda ejercitar su función. Tenemos que ponernos al fraude, pero tenemos que defender la actuación de la ONG. Pero sin embargo hay que tener un resultado equilibrado. El Grupo Socialista ha presentado varias propuestas de enmiendas orales, tratando de encauzar el texto definitivo, para que sea más equilibrado, con respecto a las alegaciones de violaciones de derechos fundamentales, con respecto al carácter criminal o no de las investigaciones, y con respecto al número de municipalidades en los que el efecto se ha producido algún tipo de derogación. En resumidas cuentas, queremos condenar las supuestas de infracción del derecho político fundamental, pero sin llegar al extremo de colocar al gobierno de Nicaragua en una situación difícil para seguir cumpliendo su función de apoyo a las capas más necesitadas de la sociedad.","Tenemos una propuesta de resolución sobre Nicaragua en la que hay que tomar en consideración diferentes aspectos . En primer lugar , hay alegación de fraude — al menos en dos municipios : Nicaragua y León — y esto empaña el resultado electoral del 9 de noviembre . Por otro lado , tenemos un Gobierno que se ha preocupado de resolver algunos de los problemas que eliminan los derechos humanos en América Latina , concretamente la pobreza , el analfabetismo , la mortalidad infantil , la disponibilidad de agua potable y la falta de titularidad sobre las tierras indígenas .
Entonces , al examinar el caso , nosotros tenemos que distinguir perfectamente los dos aspectos . Por un lado , tenemos que estimular los derechos humanos y tenemos que defender los derechos humanos , en el sentido tradicional , como derechos políticos y , por el otro lado , tenemos que alentar al Gobierno de Nicaragua a que siga en su función de ayuda a los sectores más necesitados del país . Desde luego , tenemos que garantizar que la oposición pueda ejercitar su función , tenemos que oponernos al fraude y tenemos que defender la actuación de las ONG . Pero , sin embargo , hay que tener un resultado equilibrado .
El Grupo Socialista ha presentado varias propuestas de enmiendas orales tratando de encauzar el texto definitivo para que sea más equilibrado con respecto a las alegaciones de violaciones de derechos fundamentales , con respecto al carácter criminal o no de las investigaciones y con respecto al número de municipalidades en las que en efecto se ha producido algún tipo de irregularidad .
En resumidas cuentas , queremos condenar los supuestos de infracción de derechos políticos fundamentales , pero sin llegar al extremo de colocar al Gobierno de Nicaragua en una situación difícil para que siga cumpliendo su función de apoyo a las capas más necesitadas de su sociedad .
"
en.20081218.39.4-284,160,68.14548416764178,85.5657082999187,66.60877229978226,68.88514525109721,110.0345,93.5890439079999,0.850542728944103," minutos adelante. Sobre la situación creada en Nicaragua, por los ataques contra algunos defensores de los derechos humanos, contra algunas de las libertades fundamentales y contra la democracia. No es necesario recordar aquí ahora a Soylamérica, ni a Ernesto Cardenal, ni a Carlos Mejía Godoy, ni a Jarkín, ni a Sergio Ramírez, ni a tantos otros nicaragüenses que hoy se sienten traicionados en sus esperanzas de una Nicaragua mejor. En noviembre del 2006, el señor Ortega pidió y obtuvo, democráticamente, de los nicaragüenses lo que él llamó una nueva oportunidad. Hoy sabemos ya para qué la quería. Desde entonces, la arbitrariedad, el nepotismo y la corrupción se han instalado en las instituciones del gobierno. Que han culminado con el fraude electoral de las elecciones del 9 de noviembre. Antes se habían adoptado decisiones muy graves, como la cancelación de la personalidad jurídica de algunos partidos opositores, amenazas e intimidación a miembros de la sociedad civil, a periodistas y a medios de comunicación. El presidente Ortega calificó a los gobiernos de la Unión Europea como moscas que pululan sobre la inmundicia y calificó la ayuda externa que recibía Nicaragua como migajas. Pronto comprendió que no había petróleo venezolano suficiente para prescindir de esa ayuda al desarrollo. Cuando nos disponemos a entrar en una fase decisiva de la negociación de un acuerdo de asociación de la Unión Europea y de Centroamérica, el gobierno de Nicaragua debe saber que en nosotros encontrará siempre un aliado y un amigo pero que para nosotros la exigencia del respeto a los derechos humanos a la libertad de expresión y a la democracia en suma es una condición a la que no renunciamos porque creemos que de ello se beneficia especialmente el pueblo de Nicaragua muchas gracias","Debatimos hoy sobre la situación creada en Nicaragua por los ataques contra algunos defensores de los derechos humanos , contra algunas de las libertades fundamentales y contra la democracia .
No es necesario recordar aquí , ahora , a Zoilamérica ni a Ernesto Cardenal ni a Carlos Mejía Godoy ni a Jarquín ni a Sergio Ramírez ni a tantos otros nicaragüenses que hoy se sienten traicionados en sus esperanzas de una Nicaragua mejor .
En noviembre de 2006 , el señor Ortega pidió y obtuvo democráticamente de los nicaragüenses lo que el llamó una nueva oportunidad . Hoy sabemos ya para qué la quería . Desde entonces , la arbitrariedad , el nepotismo y la corrupción se han instalado en las instituciones del Gobierno , y han culminado con el fraude electoral de las elecciones del 9 de noviembre . Antes se habían adoptado decisiones muy graves , como la cancelación de la personalidad jurídica de algunos partidos opositores , o amenazas e intimidación a miembros de la sociedad civil , a periodistas y a medios de comunicación .
El Presidente Ortega calificó a los Gobiernos de la Unión Europea como moscas que pululan sobre la inmundicia y calificó la ayuda externa que recibía Nicaragua como migajas . Pronto comprendió que no había petróleo venezolano suficiente para prescindir de esa ayuda al desarrollo .
Cuando nos disponemos a entrar en una fase decisiva de la negociación de un acuerdo de asociación entre la Unión Europea y América Central , el Gobierno de Nicaragua debe saber que en nosotros encontrará siempre un aliado y un amigo , pero que para nosotros la exigencia del respeto a los derechos humanos , a la libertad de expresión y a la democracia en suma es una condición a la que no renunciamos porque creemos que de ello se beneficia especialmente el pueblo de Nicaragua .
"
en.20081218.39.4-285,160,70.83435473271942,93.22352880003564,66.99933562229617,77.06937048631524,123.0376875,108.75122070399993,0.883885441231167," Al pasado 9 de noviembre se celebraron las elecciones municipales en Nicaragua, como en ocasiones anteriores, ese proceso electoral ha sido puesto en entredicho desde el punto de vista de la legitimidad democrática, habiéndose vertido acusaciones de fraude y habiéndose producido manifestaciones y enfrentamientos entre partidarios de distintos partidos políticos con los resultados de numerosos heridos, y una profundización en la crisis política que viene padeciendo este país. Dos partidos políticos no han podido presentarse a las elecciones, lo cual es inaceptable porque cercena el derecho fundamental de todos los ciudadanos a la participación política. Por otro lado, hemos recibido los testimonios directos de representantes de organizaciones de defensa de los derechos humanos que nos han informado sobre la existencia de un cuestionamiento del sistema judicial por parte de la sociedad civil sobre la existencia de mecanismos administrativos de represión que han llevado ante los tribunales hasta 17 organizaciones de movimientos sociales sobre persecución a periodistas independientes e incluso a la delegación de la Comisión Europea. Por todo ello, queremos alzar nuestra voz. Que deroguen la penalización del aborto terapéutico en los casos de peligro para la vida de la madre. Y finalmente también queremos pedir a la Comisión que las negociaciones del acuerdo de asociación entre Centroamérica y la Unión Europea recuerde a Nicaragua que debe respetar los principios del Estado de Derecho, la democracia, y los derechos humanos, todo ello sin perjuicio de que desde Europa sigamos prestando nuestra ayuda para el desarrollo y bienestar del pueblo nicaragüense, que deseamos tenga el mejor futuro posible. Muchas gracias, señora presidenta.","El pasado 9 de noviembre se celebraron las elecciones municipales en Nicaragua . Como en ocasiones anteriores , ese proceso electoral ha sido puesto en entredicho desde el punto de vista de la legitimidad democrática , habiéndose vertido acusaciones de fraude y habiéndose producido manifestaciones y enfrentamientos entre partidarios de distintos partidos políticos , con el resultado de numerosos heridos y una profundización en la crisis política que viene padeciendo este país .
Dos partidos políticos no han podido presentarse a las elecciones locales , lo cual es inaceptable porque cercena el derecho fundamental de todos los ciudadanos a la participación política .
Por otro lado , hemos recibido los testimonios directos de representantes de organizaciones de defensa de los derechos humanos que nos han informado sobre la existencia de un cuestionamiento del sistema judicial por parte de la sociedad civil , sobre la existencia de mecanismos administrativos de represión que han llevado ante los tribunales hasta a 17 organizaciones de movimientos sociales , y sobre la persecución a periodistas independientes e incluso a la Delegación de la Comisión Europea .
Por todo ello , queremos alzar nuestra voz y hacer un llamamiento , primero a los partidos políticos para que condenen los actos de violencia llevados a cabo por sus seguidores , y segundo , al propio Gobierno para que se reabran espacios de participación ciudadana , se respete la libertad de expresión , se dejen de prohibir las marchas y todas las ONG puedan recibir ayudas de la cooperación internacional , no sólo las ayudas de Venezuela para las asociaciones progubernamentalistas .
Igualmente , que deroguen la penalización del aborto terapéutico en los casos de peligro para la vida de la madre .
Y finalmente , también queremos pedir a la Comisión que en las negociaciones del Acuerdo de asociación entre Centroamérica y la Unión Europea recuerde a Nicaragua que debe respetar los principios del Estado de Derecho , la democracia y los derechos humanos , todo ello , sin perjuicio de que desde Europa sigamos prestando nuestra ayuda para el desarrollo y bienestar del pueblo nicaragüense , que deseamos tenga el mejor futuro posible .
"
en.20081008.24.3-238,320,70.93139971025353,91.86143329980042,68.29609253460988,74.14253753844729,125.2178125,110.86278626299963,0.8853595510862293," Gracias, señor presidente. En primer lugar, quisiera felicitar al señor Sieber por el trabajo realizado, porque en su informe se recogen muchas de las preocupaciones manifestadas en esta Cámara en torno a estos problemas cruciales para toda la Unión Europea. Son estos la escasez de agua y la sequía, asuntos que ya han dejado de ser solo un problema de los países del sur de Europa. Me alegro de que este proyecto incorpore algunas de las reflexiones realizadas en el informe de opinión del que fui ponente en la Comisión de Agricultura, a favor de una actividad agrícola, destacando, por ejemplo, el papel que desempeñan los agricultores en la gestión sostenible de los recursos disponibles. Incluye, asimismo, una referencia a la sequía y a la escasez de agua como factores que agravan los precios en las materias primas, aspecto en el que los tiempos que corren también me parece muy importante señalar, para que tengamos presente no solo la dimensión medioambiental de este problema, sino también algunas de sus consecuencias económicas más relevantes. La Comisión de Medio Ambiente incluyó, por otra parte, la idea de crear un Observatorio Europeo de la Sequía, acción que se menciona a sí mismo en el informe de la Comisión de Agricultura y que espero que algún día se vea reflejada en hechos concretos. El texto que se somete mañana a votación nos recoge, sin embargo, una propuesta realizada por la Comisión de Agricultura para que se estudie la puesta en marcha de un fondo de adaptación económico contra la sequía, fondo que beneficiaría a todos los sectores económicos, incluido también la agricultura. Por mi parte, me gustaría dejar claro que seguiré defendiendo la constitución de este fondo, idea que volveré a proponerles al Parlamento cuando lleguen los próximos meses la comunicación que tiene previsto publicar la Comisión sobre la adaptación al cambio climático. Me parece que, después de que se constituyera el Fondo de Solidaridad, que en su día se creó para paliar las pérdidas provocadas por las calamidades climáticas, es hora de que pensemos en un instrumento que actúe a priori y destinado para financiar medidas de prevención para reducir el coste medioambiental y económico de esas catástrofes climáticas. Muchas gracias.","−
Señor Presidente , en primer lugar , quisiera felicitar al señor Seeber por el trabajo realizado , porque en su informe se recogen muchas de las preocupaciones manifestadas en esta Cámara en torno a estos problemas cruciales para toda la Unión Europea . Son éstos : la escasez de agua y la sequía , asuntos que ya han dejado de ser solamente un problema de los países del sur de Europa .
Me alegro de que este proyecto incorpore alguna de las reflexiones realizadas en la opinión de la que fui ponente en la Comisión de Agricultura , a favor de una actividad agrícola , al destacar , por ejemplo , el papel que desempeñan los agricultores en la gestión sostenible de los recursos disponibles . Incluye , asimismo , una referencia a la sequía y a la escasez de agua como factores que agravan los precios de las materias primas , aspecto que , en los tiempos que corren , también me parece muy importante señalar para que tengamos presente no solamente la dimensión medioambiental de este problema , sino también algunas de sus consecuencias económicas más relevantes .
La Comisión de Medio Ambiente incluyó , por otra parte , la idea de crear un observatorio europeo de la sequía , acción que se menciona , asimismo , en la opinión de la Comisión de Agricultura y que espero que , algún día , se vea reflejada en hechos concretos .
El texto que se somete mañana a votación no recoge , sin embargo , una propuesta realizada por la Comisión de Agricultura para que se estudie la puesta en marcha de un fondo de adaptación económico contra la sequía , que beneficiaría a todos los sectores económicos , incluido también el de la agricultura .
Por mi parte , me gustaría dejar claro que seguiré defendiendo la constitución de este fondo , una idea que volveré a proponer al Parlamento cuando llegue en los próximos meses la comunicación que tiene previsto elaborar la Comisión sobre la adaptación al cambio climático .
Me parece que , después de que se constituyera el Fondo de Solidaridad , que en su día se creó para paliar las pérdidas provocadas por las calamidades climáticas , es hora de que pensemos en un instrumento que actúe
y destinado a financiar medidas de prevención para reducir el coste medioambiental y económico de esas catástrofes climáticas .
"
en.20081020.12.1-036,320,73.78306033047245,96.01053749979661,69.33995378865325,78.0470479845952,47.19875,43.18594078800015,0.9149806041049849," El Atlético de Madrid, los aficionados e incluso la policía española están siendo maltratados por la Federación Europea de Fútbol. Pero el caso trasciende lo particular, pues esos órganos federativos agravan las sanciones a quienes recurren a la justicia ordinaria. Esta concepción medieval es tal ley del embudo es incompatible con el derecho, con las instituciones europeas. Desde las que hemos de reaccionar y lo acabaremos haciendo Pues esos señores medievales Arbitrarios de horca y cuchillo Han de ponerse en línea Con el respeto al derecho Y las garantías procesales ordinarias De nuestra Europa Nada más, muchas gracias","El Atlético de Madrid , los aficionados e incluso la policía española están siendo maltratados por la Federación Europea de Fútbol . Pero el caso transciende lo particular , pues esos órganos federativos agravan las sanciones a quienes recurren a la justicia ordinaria .
Esta concepción medieval , esta ley del embudo es incompatible con el Derecho y con las instituciones europeas , desde las que hemos de reaccionar . Lo acabaremos haciendo , pues esos señores medievales arbitrarios de horca y cuchillo han de ponerse en línea con el respeto al Derecho y las garantías procesales ordinarias de nuestra Europa .
"
en.20081020.15.1-139,320,71.8316864387627,95.66031489989656,73.99000009575944,70.73132333205663,63.1973125,56.452062569999725,0.893266823173845," Gracias, señor presidente. Señor comisario, el terrorismo es un fenómeno global y la actuación de la delincuencia grave organizada también. Y, por tanto, los medios tienen que ser proporcionales y tienen que lucharse con eficacia. Yo he tomado buena nota de las respuestas que ha dado a las preguntas que eran oportunas. Es verdad que hay que exigir garantías, es verdad que es un tema delicado, pero no es menos cierto que es absolutamente inexcusable montar formar una respuesta globalizada y armonizada. Para algunos que el terrorismo les pilla un poco lejos, les preocupan más las garantías individuales. A mí me preocupan las individuales y las colectivas. Y es absolutamente necesario que empecemos por donde podamos. Si hemos de empezar por el transporte aéreo, donde ya las compañías tienen esos datos, empecemos por ahí. Exijamos garantías, veamos cuál es el ámbito de aplicación, empecemos por las relaciones de los transportes internacionales. Y, ojo, tendremos que seguir por las interiores, porque los terroristas muchas veces no vienen de fuera, sino que vienen de dentro, que se lo pregunten a Estados Unidos y que se lo pregunten a los demás, que así es y así tendremos que plantearlo.","Señor Presidente , señor Comisario , el terrorismo es un fenómeno global y la actuación de la delincuencia grave organizada también , y por tanto los medios tienen que ser proporcionales y hay que luchar con eficacia .
He tomado buena nota de las respuestas que ha dado a las preguntas , y eran oportunas : es verdad que hay que exigir garantías , es verdad que es un tema delicado , pero no es menos cierto que es absolutamente inexcusable montar , formar una respuesta globalizada y armonizada .
A algunos , a los que el terrorismo les queda un poco lejos , les preocupan más las garantías individuales . A mí me preocupan las individuales y las colectivas , y es absolutamente necesario que empecemos por donde podamos . Si hemos de empezar por el transporte aéreo , donde ya las compañías tienen esos datos , empecemos por ahí .
Exijamos garantías , veamos cuál es el ámbito de aplicación , empecemos por las relaciones de los transportes internacionales , y ¡ ojo ! tendremos que seguir por las interiores porque los terroristas muchas veces no vienen de fuera , sino que vienen de dentro . Que se lo pregunten a Estados Unidos , que se lo pregunten a los demás , que así es y así tendremos que plantearlo en el futuro .
"
en.20081118.31.2-399,320,69.96010763641704,86.94571419991917,68.48287479663841,67.69475481748997,129.1884375,112.81897079700002,0.8732900016458518," Muchas gracias, señor presidente. Yo quiero agradecer a la Comisión que haya presentado esta propuesta. Creo que es una propuesta positiva y que nos ayudará a reducir las cargas administrativas innecesarias. Ahora bien, como han dicho los oradores que me han precedido, este Parlamento tiene la obligación de traer a tierra lo que son propuestas muy generosas y muy altruistas por parte de la Comisión. Y la realidad es que hay una realidad nacional en la que hay 27 países con diferentes sistemas jurídicos y con idiomas muy diferentes. Lo cual exige que en cada uno de esos países nos ajustemos a las realidades del país, incluyendo el tema de las lenguas. Concretamente, como ha señalado Gosset ahora mismo, y como han señalado los oradores anteriores, es importante que el reconocimiento de estas especialidades nacionales no lleve a un aumento de los costes, que las tasas sean uniformes y que los gobiernos eventualmente asuman ese coste adicional. Pero hay un tema que aparece también y es el tema de las traducciones. Concretamente, en la Unión Europea no tenemos un idioma común, en los 27 países de suelo hablar idiomas muy diferentes entre ellos, incluso en algunos países como el del comisario, se hablan diferentes idiomas y vivimos con esto. Y desde el punto de vista jurídico, además, nos encontramos con la realidad de que los documentos jurídicos son diferentes. En la Comisión Jurídica, la Comisión Jurídica ha propuesto, por ejemplo, unas enmiendas sobre la autenticación de las actas de los documentos. Junto con la autenticación de la traducción. En este momento la Comisión de Asuntos Jurídicos está preparando un informe sobre la reconocimiento de actas auténticas en diferentes países de la Unión Europea que debería ser complementario a este informe. En definitiva, yo creo que la Comisión ha hecho bien presentando este informe, la ponente ha hecho un magnífico trabajo y creo que todos nos hemos esforzado por hacer una propuesta de texto legislativo que pueda ser reconocido en el conjunto de la Unión garantizando los derechos y partiendo de las bases de la realidad de una Unión que se está construyendo, que tiene diferentes ordenamientos nacionales y que tiene diferentes niveles de acceso a la comunicación electrónica. Muchas gracias, Presidenta.","Señor Presidente , quiero agradecer a la Comisión que haya presentado esta propuesta . Creo que es una propuesta positiva y que nos ayudará a reducir las cargas administrativas innecesarias .
Ahora bien , como han dicho los oradores que me han precedido , este Parlamento tiene la obligación de traer a tierra lo que son propuestas muy generosas y muy altruistas por parte de la Comisión . Y la realidad es que hay una realidad nacional en la que hay veintisiete países con diferentes sistemas jurídicos y con idiomas muy diferentes , lo cual exige que , en cada uno de nuestros países , nos ajustemos a las realidades del país , incluyendo el tema de las lenguas .
Concretamente , como ha señalado el señor Gauzès , ahora mismo , y como han señalado los oradores anteriores , es importante que el reconocimiento de estas especificidades nacionales no lleve a un aumento de los costes , que las tasas sean uniformes y que los Gobiernos , eventualmente , asuman ese coste adicional .
Pero hay un tema que aparece también : es el tema de las traducciones . Concretamente , en la Unión Europea no tenemos un idioma común . En los veintisiete países se suelen hablar idiomas muy diferentes entre sí , incluso en algunos países , como el del Comisario , se hablan diferentes idiomas y vivimos con esto .
Y , desde el punto de vista jurídico , además , nos encontramos con la realidad de que los documentos jurídicos son diferentes . La Comisión de Asuntos Jurídicos ha propuesto , por ejemplo , unas enmiendas sobre la autenticación de las actas , de los documentos , junto con la autenticación de la traducción . En estos momentos , la Comisión de Asuntos Jurídicos está preparando un informe sobre el reconocimiento de actas auténticas en diferentes países de la Unión Europea que debería ser complementario de este informe .
En definitiva , yo creo que la Comisión ha hecho bien presentando este informe . La ponente ha hecho un magnífico trabajo y creo que todos nos hemos esforzado por hacer una propuesta de texto legislativo que pueda ser reconocido en el conjunto de la Unión , garantizando los derechos y partiendo de las bases de la realidad de una Unión que se está construyendo , que tiene diferentes ordenamientos nacionales y que tiene diferentes niveles de acceso a la comunicación electrónica .
"
en.20081118.4.2-040,320,71.44624861628488,89.7726821998731,69.57534042462963,73.4035070458833,131.1853125,116.92807698699971,0.8913198799370143," Gracias, presidente. Una gran mayoría de agricultores y ganaderos está pendiente de decisiones y acuerdos previos que adaptará el Consejo de Ministros de Agricultura de la Unión entre hoy y mañana sobre este chequeo de la PAC. ¿Por qué no se trata de una simple revisión, sino que traerá consigo cambios profundos, como la desaparición de muchas explotaciones? Si sale adelante este recorte que propone la Comisión Europea sobre ayudas directas. La modulación es el punto central de este informe parlamentario y podría ser uno de los pocos elementos de la opinión del Parlamento con algún impacto en las negociaciones que mantienen los ministros de Agricultura de la Unión. Venimos oponiéndonos desde hace años a cualquier incremento de eso que llamamos eufemísticamente modulación, porque si la política de desarrollo rural no dispone de fondos suficientes, no es por falta de recursos dentro del techo de gastos de la PAC, sino por una ausencia absoluta de voluntad política para dotar al presupuesto comunitario de ese necesario desarrollo pilar. Quieren liberalizar los mercados, claro, háganlo, pero con iguales requisitos y condiciones para todos los productores, los de dentro y fuera de la Unión. En estos momentos, la Unión Europea se está jugando el futuro de muchos agricultores y ganaderos y, muy especialmente, me gustaría hacer una referencia a los sectores frágiles como el del ovino, el vacuno o el tabaco, cuya supervivencia en muchas zonas productoras dependerá de este chequeo. Algunos productores, como los de ovino, ya no piden ayuda, sino que simplemente quieren que se les deje irse dignamente del mercado, porque han hecho cuentas y la única forma de sobrevivir es reducir los volúmenes producidos. El abandono de la producción, por tanto, es la única salida que dejamos a muchos productores, cuyo espacio será ocupado sin duda por importaciones de países terceros, porque el consumidor no dejará de consumir y el mundo no dejará de incrementar a pasos agigantados el número de consumidores. El Parlamento debería emitir una opinión prudente y el Consejo escucharla. Agradezco desde aquí al presidente de la Comisión de Agricultura las gestiones que ha realizado el señor Paris para que se escuche al Parlamento y no sea ninguneado de una forma tan clara y ostensible por el Consejo y la Comisión como hasta ahora. Gracias. Gracias, señora Hernández García.","Señor Presidente , una gran mayoría de agricultores y ganaderos está pendiente de decisiones y acuerdos previos que adoptará el Consejo de Ministros de Agricultura de la Unión , entre hoy y mañana , sobre este chequeo de la PAC , porque no se trata de una simple revisión , sino que traerá consigo cambios profundos , como la desaparición de muchas explotaciones , si sale adelante este recorte que propone la Comisión Europea respecto de las ayudas directas .
La modulación es el punto central de este informe parlamentario y podría ser uno de los pocos elementos del dictamen del Parlamento con algún impacto en las negociaciones que mantienen los Ministros de Agricultura de la Unión .
Venimos oponiéndonos , desde hace años , a cualquier incremento de eso que llamamos eufemísticamente « modulación » , porque si la política de desarrollo rural no dispone de fondos suficientes no es por falta de recursos dentro del techo de gastos de la PAC , sino por una ausencia absoluta de voluntad política para dotar al presupuesto comunitario de ese necesario pilar .
¿ Quieren liberalizar los mercados ? Claro , háganlo , pero con iguales requisitos y condiciones para todos los productores , los de dentro y los de fuera de la Unión .
En estos momentos la Unión Europea se está jugando el futuro de muchos agricultores y ganaderos y , muy especialmente , me gustaría hacer una referencia a los sectores frágiles como el del ovino , el del vacuno o el del tabaco , cuya supervivencia en muchas zonas productoras dependerá de este chequeo .
Algunos productores , como los de ovino , ya no piden ayudas , sino que simplemente quieren que se les deje irse dignamente del mercado , porque han hecho cuentas y la única forma de sobrevivir es reducir los volúmenes producidos . El abandono de la producción , por tanto , es la única salida que dejamos a muchos productores , cuyo espacio será ocupado , sin duda , por importaciones de terceros países , porque el consumidor no dejará de consumir y el mundo no dejará de incrementar a pasos agigantados el número de consumidores .
El Parlamento debería emitir una opinión prudente y el Consejo escucharla . Agradezco desde aquí al Presidente de la Comisión de Agricultura y Desarrollo Rural , el señor Parish , las gestiones que ha realizado para que se escuche al Parlamento y no sea ninguneado de una forma tan clara y ostensible por el Consejo y la Comisión , como hasta ahora .
"
en.20081118.4.2-057,320,69.89884854221516,88.2120929994926,71.27129405955978,69.6533632905954,77.1989375,67.13685116299985,0.8696603002210989," Gracias, señor presidente. En primer lugar, sumame a las felicitaciones del señor ponente, el señor Capula Santos, por su magnífico trabajo. Creo que ha encontrado equilibrio y moderación en su informe. Creo que lo importante a estas alturas del debate es mandar un mensaje de estabilidad para nuestros agricultores. Los agricultores europeos necesitan más que nunca estabilidad y soluciones. Es necesario periodos transitorios suficientes, así como mantener medidas específicas que sean necesarias para sectores en dificultad. Señora comisaria, no valen las mismas soluciones para todos los sectores y hay que recordar que tenemos sectores que están atravesando verdaderas dificultades. La política agraria común no tiene que ser el problema, sino la solución, y para ello necesitamos un primer pilar fuerte. Creemos y apostamos por el desarrollo rural, pero no creemos que la modulación propuesta por la Comisión sea la solución. No se trata de fortalecer el desarrollo rural en detrimento del primer pilar. Estamos de acuerdo en que hay que simplificar el régimen de pago único, en revisar los instrumentos del mercado, pero eso no significa desmantelarlos. Si lo hacemos bien, estaremos poniendo las bases para una política agraria común más allá del 2013. Si no, estaremos acabando con la actividad de muchos agricultores europeos. Gracias. Gracias. No veo una...","Señor Presidente , en primer lugar , quería sumarme a la felicitación al ponente , el señor Capoulas Santos , por su magnífico trabajo . Creo que ha encontrado equilibrio y moderación en su informe .
Creo que lo importante , a estas alturas del debate , es mandar un mensaje de estabilidad a nuestros agricultores . Los agricultores europeos necesitan más que nunca estabilidad y soluciones . Son necesarios períodos transitorios suficientes , así como mantener medidas específicas que sean necesarias para sectores en dificultad .
Señora Comisaria , no valen las mismas soluciones para todos los sectores . Hay que recordar que tenemos sectores que están atravesando verdaderas dificultades . La Política Agrícola Común no tiene que ser el problema , sino la solución , y para ello necesitamos un primer pilar fuerte .
Creemos en el desarrollo rural y apostamos por él , pero no creemos que la modulación propuesta por la Comisión sea la solución . No se trata de fortalecer el desarrollo rural en detrimento del primer pilar . Estamos de acuerdo en que hay que simplificar el régimen de pago único , en revisar los instrumentos de mercado . Pero eso no significa desmantelarlos .
Si lo hacemos bien , estaremos poniendo las bases para una Política Agrícola Común más allá de 2013 ; si no , estaremos acabando con la actividad de muchos agricultores europeos .
"
en.20081118.5.2-089,320,69.93083254157168,87.64515099974233,71.75419091831516,69.31968246135109,109.1960625,95.13799688099971,0.8712584932355021," Estamos ante un plan muy esperado por el sector hortofrutícola, no solamente por las dificultades a las que atraviesa, sino también por el preocupante descenso del consumo. Creo que nos encontramos ante un plan de promoción de salud pública. Yo creo que debe ser un plan europeo y también defiendo la plena financiación comunitaria. No estoy de acuerdo en que puedan entrar los padres en la cofinanciación porque pasará lo de siempre. Los padres que puedan aportar dinero, sus hijos en las escuelas consumirán frutas y hortalizas y los que no se quedarán fuera del programa. Creo que tiene que ser un plan financiado comunitariamente para que su distribución sea homogénea. Por ello también quiero hacer mucho hincapié en que hay que poner el acento en las medidas educativas. No se trata solo de que un alumno se coma una manzana, sino que sepa qué tipo de manzana se está comiendo. Conozca sus propiedades nutritivas y comprenda los efectos beneficiosos que dichas frutas tienen para su salud y para su desarrollo. Por supuesto, debe tratarse de productos de todas las garantías de calidad, dando prioridad, si puede ser, a las frutas de temporada y, cuando sea posible, yo defiendo el origen comunitario de nuestras frutas y hortalizas. Creo que sus efectos beneficiosos de este plan, que aplaudo y por lo cual quiero felicitar a la comisaria, los notaremos inmediatamente. Por supuesto, para la salud presente y futura de nuestros niños y su educación alimentaria, pero también creo que es muy importante para el sector hortofrutícola. Un sector productivo que constituye un auténtico patrimonio cultural europeo. Pues gracias a él podemos disfrutar de una dieta equilibrada, sana y variada. Creo que merece la pena apostar e invertir en este plan de distribución de frutas y hortalizas en nuestras escuelas. Creo que el presupuesto se queda un poco corto porque, vuelvo a decir, que defiendo la plena financiación comunitaria de un plan tan ambicioso como este. Muchas gracias.","Señor Presidente , estamos ante un plan muy esperado por el sector hortofrutícola , no solamente por las dificultades por las que atraviesa , sino también por el preocupante descenso del consumo .
Nos encontramos ante un plan de promoción de la salud pública ; creo que debe ser un plan europeo , y también defiendo la plena financiación comunitaria . No estoy de acuerdo en que puedan entrar los padres en la cofinanciación , porque pasará lo de siempre : aquellos niños cuyos padres puedan aportar dinero , consumirán frutas y hortalizas en las escuelas , y los que no , se quedarán fuera del programa .
Creo que tiene que ser un plan financiado comunitariamente para que su distribución sea homogénea . Por ello también quiero hacer mucho hincapié en que hay que poner el acento en las medidas educativas . No se trata solo de que un alumno se coma una manzana , sino de que sepa qué tipo de manzana se está comiendo , conozca sus propiedades nutritivas y comprenda los efectos beneficiosos que dicha fruta tiene para su salud y para su desarrollo .
Por supuesto , debe tratarse de productos con todas las garantías de calidad , dando prioridad , si puede ser , a las frutas de temporada y , cuando sea posible , yo defiendo el origen comunitario de nuestras frutas y hortalizas .
Creo que los efectos beneficiosos de este plan , que aplaudo y por el cual quiero felicitar a la Comisaria , los notaremos inmediatamente ; por supuesto , en la salud presente y futura de nuestros niños y su educación alimentaria , pero también creo que es muy importante para el sector hortofrutícola , un sector productivo que constituye un auténtico patrimonio cultural europeo , pues gracias a él podemos disfrutar de una dieta equilibrada , sana y variada .
Creo que merece la pena apostar e invertir en este plan de distribución de frutas y hortalizas en nuestras escuelas . Creo que el presupuesto se queda un poco corto , porque , vuelvo a decirlo , defiendo la plena financiación comunitaria de un plan tan ambicioso como éste .
"
en.20081119.18.3-173,320,68.06000357232263,85.09651659969678,67.39063568794589,68.84905644277082,128.1899375,108.95034016999944,0.8499133574349346," Sí, gracias, presidente. Le pido que estas primeras palabras no las incluya, por favor, en el tiempo, en la máquina infernal del tiempo, porque mis primeras palabras son para sumarme al mensaje de condolencia expresado por esta Cámara dirigido hacia la señora Clamp y, sobre todo, para felicitar a los ponentes. Ahora sí que empiezo. Le felicito a los ponentes porque con estas dos propuestas estamos dando un paso cualificativo hacia una política común de inmigración y entramos en la promoción de la inmigración legal. Pilar clave del enfoque global que defendemos. El marco general de derechos y el permiso único de residencia y trabajo para los emigrantes legales deben extenderse al mayor número de trabajadores. Por eso, los socialistas pedimos que no se excluya a ninguna categoría de trabajadores. La denominada tarjeta azul brinda una oportunidad para que los emigrantes se instalen con sus familias y trabajen en nuestros países, les abre una puerta única a 27 mercados laborales. Ahora bien, por esta puerta no solo deben entrar los trabajadores altamente cualificados. Por ello, esperamos, señor comisario, que la comisión nos presente en breve sus propuestas relativas a las otras categorías laborales. Señorías, debemos luchar contra la fuga de cerebros. Esta tarjeta azul no debe convertirse en un pasaporte que favorezca una sangría de recursos humanos vitales en los países en vía de desarrollo. Por ello, desde el Grupo Socialista queremos que por cada profesional cualificado que venga a Europa costeemos la formación de un nuevo profesional en el país de origen. Por último, Europa debe ser un destino atractivo no solo para los talentos venidos de fuera de la Unión, sino también para los nuestros. En 2007, casi 300.000 europeos altamente cualificados se marcharon a trabajar fuera de la Unión. Hagamos todo lo posible por mantenerlos en la Casa Europea. Muchas gracias.","Señor Presidente , le pido que estas primeras palabras no las incluya , por favor , en la máquina infernal del tiempo , porque mis primeras palabras son para sumarme al mensaje de condolencia , expresado por esta Cámara y dirigido hacia la señora Klamt , y , sobre todo , para felicitar a los ponentes .
Ahora sí que empiezo . Felicito a los ponentes porque , con estas dos propuestas , estamos dando un paso cualitativo hacia una política común de inmigración y entramos en la promoción de la inmigración legal , pilar clave del enfoque global que defendemos .
El marco general de derechos y el permiso único de residencia y trabajo para los emigrantes legales , deben extenderse al mayor número de trabajadores . Por eso , los socialistas pedimos que no se excluya a ninguna categoría de trabajadores .
La denominada « tarjeta azul » brinda una oportunidad para que los emigrantes se instalen con sus familias y trabajen en nuestros países . Les abre una puerta única a 27 mercados laborales . Ahora bien , por esta puerta no sólo deben entrar los trabajadores altamente cualificados . Por ello , esperamos , señor Comisario , que la Comisión nos presente en breve sus propuestas relativas a las otras categorías laborales .
Señorías , debemos luchar contra la fuga de cerebros . Esta tarjeta azul no debe convertirse en un pasaporte que favorezca una sangría de recursos humanos vitales en los países en desarrollo . Por ello , desde el Grupo Socialista queremos que , por cada profesional cualificado que venga a Europa , costeemos la formación de un nuevo profesional en el país de origen .
Por último , Europa debe ser un destino atractivo , no sólo para los talentos venidos de fuera de la Unión , sino también para los nuestros . En 2007 , casi 300 000 europeos altamente cualificados se marcharon a trabajar fuera de la Unión . Hagamos todo lo posible por mantenerlos en la casa europea .
"
en.20081119.21.3-287,320,67.11662509190529,85.59371839965024,68.2635974537884,67.39555701665267,29.2033125,24.219804234999174,0.8293512674289663," Señora vicepresidenta, ¿le parece a usted que el Gracias.","Señora Vicepresidenta , ¿ le parece a usted que la cercanía o la lejanía de los candidatos a los electores tienen que ver con el grado de participación en las elecciones europeas ? ¿ Está usted de acuerdo en que un Estado de 45 millones de habitantes no tenga más que una sola circunscripción electoral para las elecciones al Parlamento Europeo ? ¿ Qué puede hacer la Comisión para que los Estados de mayor número de población puedan tener circunscripciones más próximas a los ciudadanos ?
"
en.20081119.21.3-290,320,67.38428016666106,83.29044579977563,65.42478578571068,64.40251085707261,7.19075,5.754348888000095,0.8002432135730062," Disculpenme, pero no he oído que la señora vicepresidenta haya contestado a mis preguntas.","Discúlpeme , pero no he oído que la señora Vicepresidenta haya contestado a mis preguntas .
"
en.20081119.21.3-302,320,68.06320041045882,82.9579532000935,65.82704641816346,69.04783543372521,40.2095625,33.91656442000021,0.843494987541837," Muchas gracias señora presidenta, me ha dado usted bastante información, diera buenos resultados, ¿cree posible la Comisión extender esa experiencia al resto de los países de la orilla sur del Mediterráneo?","Muchas gracias , señora Vicepresidenta . Me ha dado usted bastante información sobre el tema que planteaba y le agradezco esa información detallada . Creo que es importante la nueva etapa de la Comisión y , sobre todo , el proyecto de Bamako de un centro de la Unión Europea en materia de inmigración . Sé que acaba de abrirse , que es probablemente muy pronto , pero la pregunta que hago a la Comisión es : ¿ En el caso de que ese proyecto de Bamako ( Malí ) en materia de inmigración diera buenos resultados , cree posible la Comisión extender esa experiencia al resto de los países de la orilla sur del Mediterráneo ?
"
en.20081119.21.3-308,320,68.56570449065414,86.43540520015449,64.834537906561,73.33653864807948,26.2079375,22.18553094500021,0.8465195303903716," Esco la respuesta en nombre del señor Yáñez, pero he de decir, comisaria, al señor Michel, que sus acciones, sus palabras y sus gestos son muy necesarios en contacto directo y realmente con la oposición democrática cubana para cumplir las conclusiones prioritarias del Consejo y reducir los efectos de la terrible dictadura castrista en favor de la libertad.","Agradezco la respuesta en nombre del señor Yañez-Barnuevo , pero he de decir , Comisaria , al señor Michel , que sus acciones , sus palabras y sus gestos son muy necesarios en contacto directo entablado realmente con la oposición democrática cubana para cumplir las conclusiones prioritarias del Consejo y reducir los efectos de la terrible dictadura castrista y favorecer a la libertad .
"
en.20081120.29.4-238,320,72.94019974237082,95.43504149996807,73.02428684352675,71.68895208779126,126.1930625,114.85252469699935,0.9101334290623097," Señor Presidente, en nombre del Grupo Socialista, quiero expresar la más enérgica repulsa de mi grupo a los asesinatos que se están cometiendo en esta región de Somalia, invocando el nombre de Dios, es decir, yo creo que hay pocos... Pocas barbaridades se han cometido por alguien que no haya invocado el nombre de Dios o de una religión. Concretamente, la forma en la que se cometió este atroz asesinato, ya lo sabemos, una niña de 13 años que es violada y que luego es acusada de adulterios, y que cinco hombres, si se pueden llamar hombres, se apresuran a lapidarlas e impiden incluso que alguien trate de salvarlas. En un estadio ocupado por mil personas. Esto unido a los actos de piratería que este año en las costas de Somalia han alcanzado el nivel de mil barcos secuestrados, constituye una situación humanitaria absolutamente inadmisible. La comunidad internacional no puede permanecer impasible ante esto. No puede permanecer impasible ante la cobardía, ante la invocación religiosa para cometer barbaridades y, por tanto, tenemos que restablecer el orden apoyando al gobierno legítimo de Somalia a recuperar el control de todo el país y a establecer un Estado de derecho que respete los derechos humanos. Yo creo que en pocas ocasiones se nos ha presentado una situación tan clara y que nos imponga obligaciones. Yo no creo que podamos quedarnos aquí impasibles en esta comunidad de 500 millones de personas y 27 países, la más importante del mundo, sin intervenir en esa situación. No sé cómo se podrá hacer, pero desde luego creo que hay que hacerlo y que hay que intervenir rápidamente. El Grupo Socialista no está de acuerdo con las enmiendas que han sido presentadas a última hora. Que no fueron negociadas en su momento, apoyamos el texto de la resolución común, Y esperamos que este sea el comienzo de una preocupación mayor de la Unión Europea por este tipo de cuestiones humanitarias y por la repulsa de la utilización abusiva de conceptos religiosos para cometer barbaridades en nombre de Dios.","Señor Presidente , en nombre del Grupo Socialista , quiero expresar la más enérgica repulsa de mi grupo por los asesinatos que se están cometiendo en esta región de Somalia invocando el nombre de Dios . Pocas barbaridades han sido cometidas por alguien que no haya invocado el nombre de Dios o de una religión .
Concretamente , la forma en la que se cometió este atroz asesinato : una niña de 13 años que es violada , que luego es acusada de adulterio y a la que cinco hombres – si se pueden llamar hombres – se apresuran a lapidar , impidiendo incluso que alguien trate de salvarla , en un estadio ocupado por mil personas .
Esto , unido a los actos de piratería que este año en las costas de Somalia han alcanzado el nivel de casi 100 barcos secuestrados , constituye una situación humanitaria absolutamente inadmisible .
La comunidad internacional no puede permanecer impasible ante esto . No puede permanecer impasible ante la cobardía , ante la invocación religiosa para cometer barbaridades . Por tanto , tenemos que restablecer el orden , apoyando al Gobierno legítimo de Somalia para que recupere el control de todo el país y establezca un Estado de Derecho que respete los derechos humanos .
Creo que en pocas ocasiones se nos ha presentado una situación tan clara y que nos imponga obligaciones . No creo que podamos quedarnos aquí impasibles , en esta Comunidad de 500 millones de personas y 27 países , la más importante del mundo , sin intervenir en esa situación . No sé cómo se podrá hacer , pero , desde luego , creo que hay que hacerlo y que hay que intervenir rápidamente .
El Grupo Socialista no está de acuerdo con las enmiendas que han sido presentadas a última hora , que no fueron negociadas en su momento . Apoyamos el texto de la resolución común y esperamos que este sea el comienzo de una preocupación mayor de la Unión Europea por este tipo de cuestiones humanitarias y por la repulsa de la utilización abusiva de conceptos religiosos para cometer barbaridades en nombre de Dios .
"
en.20081215.17.1-182,320,71.56384012476516,90.9770160002154,73.47888912843183,70.39877298348158,131.23175,117.10393333699994,0.8923445228536535," Señor presidente, yo creo que la ponente y los oradores que me han precedido han puesto de relieve cuáles son las características de esta propuesta directiva del Parlamento y del Consejo. Se trata del reconocimiento de que también el armamento, las municiones, están dentro del mercado interior. Aunque desde luego con una serie de limitaciones. No se trata de mercancías normales, no son caramelos, ni son objetos de entretenimiento, sino que son objetos que requieren un control preciso. Desde luego hay limitaciones en el propio tratado, el artículo 30 y el artículo 296, que confieren a los Estados responsabilidades importantes en la materia. Y el hecho de que tengamos un mercado común no impide que los estados estén obligados al cumplimiento de las normas de seguridad, y con derecho a aplicarlas cuando se ponen en peligro su propia seguridad. El trabajo que se ha hecho en la Comisión de Asuntos Jurídicos y en las comisiones de opinión que han colaborado con ellas, de acuerdo con el Consejo, bajo la experta dirección de la ponente señora Ruile, han sido muy positivos. Creo que el texto que hoy presentamos es un texto bastante equilibrado, básicamente a pesar de que sobre el papel parecen muchas enmiendas, hoy nos limitamos a una sola enmienda, que es la enmienda 63, que es la que recoge el espíritu de compromiso, y en esa enmienda se puede ver un texto bien articulado, coherente, y que va a permitir el funcionamiento de todo este mercado. Ha puesto de relieve el señor Tubón que esto está en relación con otros textos internacionales, por ejemplo, la adopción en este mismo mes del convenio de Oslo, la firma del convenio de Oslo sobre la prohibición de las municiones de racimo, también el convenio sobre las limitaciones de minas antipersonales, y toda una serie de acuerdos internacionales e incluso de normas de la Unión Europea dirigidas a limitar la utilización de armas. Creo que el modelo nuestro no es el modelo de la libre circulación de armas en cualquier momento, sino de un mercado regulado, controlado por los Estados y controlado también a partir de ahora por las propias instituciones de la Unión Europea. Muchas gracias, señor presidente.","Creo que la ponente y los oradores que me han precedido han puesto de relieve cuáles son las características de esta propuesta de Directiva del Parlamento Europeo y del Consejo .
Se trata del reconocimiento de que también el armamento , las municiones , están dentro del mercado interior aunque , desde luego , con una serie de limitaciones . No se trata de mercancías normales , no son caramelos ni son objetos de entretenimiento , sino que son objetos que requieren un control preciso .
Desde luego , hay limitaciones en el propio Tratado — el artículo 30 y el artículo 296 — que confieren a los Estados responsabilidades importantes en la materia . El hecho de que tengamos un mercado común no impide que los Estados estén obligados al cumplimiento de las normas de seguridad y con derecho a aplicarlas cuando se pone en peligro su propia seguridad .
El trabajo que se ha hecho en la Comisión de Asuntos Jurídicos y en las comisiones competentes para emitir opinión que han colaborado con ella , de acuerdo con el Consejo , bajo la experta dirección de la ponente , señora Rühle , ha sido muy positivo .
Creo que el texto que hoy presentamos es un texto bastante equilibrado . Básicamente , a pesar de que sobre el papel parecen muchas enmiendas , hoy nos limitamos a una sola enmienda — la enmienda 63 , que es la que recoge el espíritu de la transacción — , y en esa enmienda se puede ver un texto y un articulado coherente y que va a permitir el funcionamiento de todo este mercado .
Ha puesto de relieve el señor Toubon que esto está en relación con otros textos internacionales . Por ejemplo , la adopción en este mismo mes del Convenio de Oslo — la firma del Convenio de Oslo — sobre la prohibición de las municiones de racimo , también el Convenio sobre las limitaciones de minas antipersonales y toda una serie de acuerdos internacionales e incluso de normas de la Unión Europea dirigidas a limitar la utilización de armas . Creo que el modelo nuestro no es el modelo de la libre circulación de armas en cualquier momento sino un mercado regulado , controlado por los Estados y controlado también , a partir de ahora , por las propias Instituciones de la Unión Europea .
"
en.20081216.36.2-344,320,67.84197351692957,83.05154939989734,66.54040586791729,71.35584598869939,64.1725625,54.1630484490006,0.8440219049847136," Gracias, señora presidenta, señor comisario. Esta propuesta salió de la comisión hace más de un año con unos objetivos realmente muy ambiciosos. Y en este tiempo han ocurrido convulsiones financieras en el mundo que parecía que iban a hacer naufragar estas medidas. Pero finalmente se ha llegado a un acuerdo equilibrado que no satisface a casi nadie al 100%, pero que es un buen acuerdo que mantiene los objetivos finales, pero que hace más asequibles a las empresas los medios para alcanzarlos. Por eso tenemos que agradecer muy especialmente y felicitar al oponente, señora Doyle, a los ponentes de los otros grupos políticos y a la presidencia francesa, muy especialmente también, porque su trabajo ha hecho que se consiga un buen resultado para todos. Confío en que en un futuro próximo las circunstancias nos permitan ser mucho más ambiciosos y que haya otros países que también se unan a esta cruzada de lucha contra el cambio climático que tanto queremos llevar a cabo en Europa. Muchísimas gracias.","Señora Presidenta , señor Comisario , esta propuesta salió de la Comisión hace más de un año con unos objetivos realmente muy ambiciosos . En este tiempo han ocurrido convulsiones financieras en el mundo que parecía que iban a hacer naufragar estas medidas , pero finalmente se ha llegado a un acuerdo equilibrado , que no satisface a casi a nadie al 100 % , pero que es un buen acuerdo que mantiene los objetivos finales y , al mismo tiempo , hace más asequibles a las empresas los medios para alcanzarlos .
Por eso tenemos que agradecer muy especialmente y felicitar a la ponente , señora Doyle , a los ponentes de los otros Grupos políticos y a la Presidencia francesa muy especialmente también , porque su trabajo ha hecho que se consiguiera un buen resultado para todos .
Confío en que , en un futuro próximo , las circunstancias nos permitan ser mucho más ambiciosos y en que haya otros países que también se unan a esta cruzada de lucha contra el cambio climático que tanto queremos llevar a cabo en Europa .
"
en.20081216.39.2-422,320,68.92440984466717,86.68541480019486,69.2288473506146,70.33375275684517,79.2190625,67.9826780429994,0.858160597936884," Gracias, presidente. Señor comisario, esta era una buena propuesta tal y como salió de la comisión, no solamente por la reducción de azufre, sino también por su nuevo artículo 7 bis, que exigía a los proveedores una reducción gradual de gases de efecto","Señor Presidente , señor Comisario , ésta era una buena propuesta tal y como salió de la Comisión , no solamente por las reducciones de azufre sino también por su nuevo artículo 7
que exigía de los proveedores una reducción gradual de las emisiones de gases de efecto invernadero , y porque resolvía el viejo problema de la presión de vapor para las mezclas de las gasolinas con bioalcohol en países como el mío , de veranos cálidos .
Precisamente esto no pasó el filtro de la votación en la Comisión de Medio Ambiente y esto nos preocupaba a muchos .
Hoy tenemos un acuerdo encima de la mesa que suaviza la aplicación del artículo 7
y que retoma el
de la presión de vapor endureciendo , por supuesto , las condiciones para acceder a la excepción y que , como el resto de este paquete sobre el clima , no satisface a todos al 100 % pero , sin embargo , es asumible por todos .
Quiero agradecer a la señora Corbey su excelente trabajo y la receptividad que ha tenido para solucionar problemas , y también dar las gracias al señor Turmes y , por supuesto , a la Presidencia francesa , que aquí también han hecho un gran alarde de efectividad .
"
en.20081218.38.4-266,320,72.66170816647653,96.39772080035982,68.24010690742801,74.95435940851912,130.210125,117.9593347709997,0.9059152256477728," Muchas gracias, señora presidenta. Tal y como dice el informe, según las estimaciones de 2007, Zimbabue cuenta con una población de 12 millones, en las que casi la mitad de ella está pasando hambre. La media, la esperanza de vida son 36 años. Y más solo un 40% de los profesores del país se está trabajando y únicamente un tercio de los alumnos asista a clase. Con lo cual Mugabe no solo está matando el presente, está matando el futuro. La represión y mutilación de los derechos humanos también está a la orden del día. Los defensores de derechos humanos de Zimbabue han sido sistemáticamente el blanco de detenciones arbitrarias, arrestos y torturas. La legislación introducida por el Gobierno reduce severamente las libertades de expresión, asamblea, movimiento y reunión. Quisiera citar varias de ellas, ya que el Gobierno ha introducido normas cada vez más represivas, las cuales han sido usadas contra estos defensores activistas de los derechos humanos. Por ejemplo, la ley de acceso a la información y protección de la privacidad, usada por el Gobierno para silenciar de forma efectiva a periodistas. La ley de orden público y seguridad, la cual ha limitado severamente la libertad de reunión y cientos de defensores de derechos humanos, incluyendo trabajadores de medios independientes, han sido detenidos arbitrariamente. Y también la ley de organizaciones voluntarias de carácter privado, restablecida en el 2002 por el Gobierno y presuntamente usada para intimidar y acosar a las ONG. Señora Presidente, en mi lengua materna, en euskera, el vasco, que no es oficial en esta Cámara, Mugabe, quiere decir sin límite. Un buen mote para este personaje. El dictador de dicho país africano no es solo uno más dentro de la lista de amplia lista de dictadores que, por desgracia, contamos en este planeta, sino que no me atrevo a decir que ocupa uno de los puestos en el top ten de dictadores y creo que en la UE tenemos que hacer lo imposible para que este personaje se vaya y acabe sus días sentados ante un tribunal de derechos humanos. Deseamos a Zimbabue un feliz año 2009 sin Mugabe. Muchas gracias.","Tal y como dice el informe , según las estimaciones de 2007 , Zimbabue cuenta con una población de 12 millones de personas , de las que casi la mitad de ellas está pasando hambre . La esperanza de vida es de 36 años y solo un 40 % de los profesores del país está trabajando , y únicamente un tercio de los alumnos asiste a clase , con lo cual Mugabe no solo está matando el presente , está matando el futuro .
La represión y mutilación de los derechos humanos también está a la orden del día . Los defensores de los derechos humanos de Zimbabue han sido sistemáticamente el blanco de detenciones arbitrarias , arrestos y torturas . La legislación introducida por el Gobierno reduce severamente las libertades de expresión , asamblea , movimiento y reunión .
Quisiera citar varias de ellas , ya que el Gobierno ha introducido normas cada vez más represivas , las cuales han sido contra estos defensores activistas de los derechos humanos . Por ejemplo , la Ley de acceso a la información y protección de la privacidad , usada por el Gobierno para silenciar de forma efectiva a periodistas ; la Ley de orden público y seguridad , la cual ha limitado severamente la libertad de reunión y cientos de defensores de los derechos humanos , incluyendo trabajadores de medios independientes , han sido detenidos arbitrariamente ; y también la Ley de organizaciones voluntarias de carácter privado , restablecida en 2002 por el Gobierno y presuntamente usada para intimidar y acosar a las ONG .
Señora Presidenta , en mi lengua materna , el euskera — el vasco — , que no es oficial en esta cámara , Mugabe quiere decir « sin límite » , un buen mote para este personaje .
El dictador de dicho país africano no es sólo uno más dentro de la amplia lista de dictadores con que , por desgracia , contamos en este planeta , sino que me atrevo a decir que ocupa uno de los puestos en el top ten de dictadores . Creo que en la UE tenemos que hacer lo imposible para que este personaje se vaya y acabe sus días sentado ante un Tribunal de Derechos Humanos .
Deseamos pues a Zimbabue un feliz año 2009 sin Mugabe .
"
en.20081218.39.4-280,320,69.7835216267931,90.41052969987504,68.93734039497576,69.08377759854893,134.2039375,116.92680143899997,0.8712620778283795," Señora Presidenta, tenemos una propuesta de resolución. Sobre Nicaragua, en la que hay que tomar diferentes aspectos. En primer lugar, hay alegación de fraude al menos en dos municipios, Nicaragua y León. Y esto empaña el resultado electoral del 9 de noviembre. Por otro lado, tenemos un gobierno que se ha preocupado de resolver algunos de los problemas que eliminan los derechos humanos en América Latina, concretamente la pobreza, el analfabetismo. La mortalidad infantil la disposición de agua potable, y la falta de titularidad sobre las tierras indígenas. Entonces, al examinar el caso, nosotros tenemos que distinguir perfectamente los dos aspectos. Por un lado, tenemos que estimular los derechos humanos. Y tenemos que defender los derechos humanos, en el sentido tradicional, como derechos políticos. Y por el otro, tenemos que alentar al gobierno de Nicaragua. Siguiendo en su función de ayuda a los sectores más necesitados del país. Desde luego, tenemos que garantizar que la oposición pueda ejercitar su función y tenemos que defendernos al fraude, pero sin embargo, hay que tener un resultado equilibrado. El Grupo Socialista ha presentado varias propuestas de enmiendas orales, tratando de encauzar el texto definitivo para que sea más equilibrado. Con respecto a las alegaciones de violaciones de derechos fundamentales, con respecto al carácter criminal o no de las investigaciones y con respecto al número de municipalidades en los que el efecto se ha producido algún tipo de derogación. En resumidas cuentas, queremos condenar las supuestas de infracción del derecho político fundamental, pero sin llegar al extremo de colocar al gobierno de Nicaragua en una situación difícil para seguir cumpliendo su función de apoyo a las capas más necesitadas de la sociedad.","Tenemos una propuesta de resolución sobre Nicaragua en la que hay que tomar en consideración diferentes aspectos . En primer lugar , hay alegación de fraude — al menos en dos municipios : Nicaragua y León — y esto empaña el resultado electoral del 9 de noviembre . Por otro lado , tenemos un Gobierno que se ha preocupado de resolver algunos de los problemas que eliminan los derechos humanos en América Latina , concretamente la pobreza , el analfabetismo , la mortalidad infantil , la disponibilidad de agua potable y la falta de titularidad sobre las tierras indígenas .
Entonces , al examinar el caso , nosotros tenemos que distinguir perfectamente los dos aspectos . Por un lado , tenemos que estimular los derechos humanos y tenemos que defender los derechos humanos , en el sentido tradicional , como derechos políticos y , por el otro lado , tenemos que alentar al Gobierno de Nicaragua a que siga en su función de ayuda a los sectores más necesitados del país . Desde luego , tenemos que garantizar que la oposición pueda ejercitar su función , tenemos que oponernos al fraude y tenemos que defender la actuación de las ONG . Pero , sin embargo , hay que tener un resultado equilibrado .
El Grupo Socialista ha presentado varias propuestas de enmiendas orales tratando de encauzar el texto definitivo para que sea más equilibrado con respecto a las alegaciones de violaciones de derechos fundamentales , con respecto al carácter criminal o no de las investigaciones y con respecto al número de municipalidades en las que en efecto se ha producido algún tipo de irregularidad .
En resumidas cuentas , queremos condenar los supuestos de infracción de derechos políticos fundamentales , pero sin llegar al extremo de colocar al Gobierno de Nicaragua en una situación difícil para que siga cumpliendo su función de apoyo a las capas más necesitadas de su sociedad .
"
en.20081218.39.4-284,320,68.98347744108216,83.48705319986038,68.04945626106172,71.84656416335586,110.1945,93.79999568300082,0.8512221180095269," minutos adelante. Sobre la situación creada en Nicaragua, por los ataques contra algunos defensores de los derechos humanos, contra algunas de las libertades fundamentales y contra la democracia. No es necesario recordar aquí ahora a Soyla América, ni a Ernesto Cardenal, ni a Carlos Mejía Godoy, ni a Jarkin, ni a Sergio Ramírez, ni a tantos otros nicaragüenses que hoy se sienten traicionados en sus esperanzas de una Nicaragua mejor. En noviembre del 2006, el señor Ortega pidió y obtuvo, democráticamente, de los nicaragüenses lo que él llamó una nueva oportunidad. Hoy sabemos ya para qué la quería. Desde entonces, la arbitrariedad, el nepotismo y la corrupción se han instalado en las instituciones del gobierno, que han culminado con el fraude electoral de las elecciones del 9 de noviembre. Antes se habían adoptado decisiones muy graves, como la cancelación de la personalidad jurídica de algunos partidos opositores, amenazas e intimidación a miembros de la sociedad civil, a periodistas y a medios de comunicación. El presidente Ortega calificó a los gobiernos de la Unión Europea como moscas que pululan sobre la inmundicia y calificó la ayuda externa que recibía Nicaragua como migajas. Pronto comprendió que no había petróleo venezolano suficiente para prescindir de esa ayuda al desarrollo. Cuando nos disponemos a entrar en una fase decisiva de la negociación de un acuerdo de asociación de la Unión Europea y de Centroamérica, el gobierno de Nicaragua debe saber que en nosotros encontrará siempre un aliado y un amigo, pero que para nosotros la exigencia del respeto a los derechos humanos, a la libertad de expresión y a la democracia en suma, es una condición a la que no renunciamos porque creemos que de ello se beneficia especialmente el pueblo de Nicaragua. Muchas gracias.","Debatimos hoy sobre la situación creada en Nicaragua por los ataques contra algunos defensores de los derechos humanos , contra algunas de las libertades fundamentales y contra la democracia .
No es necesario recordar aquí , ahora , a Zoilamérica ni a Ernesto Cardenal ni a Carlos Mejía Godoy ni a Jarquín ni a Sergio Ramírez ni a tantos otros nicaragüenses que hoy se sienten traicionados en sus esperanzas de una Nicaragua mejor .
En noviembre de 2006 , el señor Ortega pidió y obtuvo democráticamente de los nicaragüenses lo que el llamó una nueva oportunidad . Hoy sabemos ya para qué la quería . Desde entonces , la arbitrariedad , el nepotismo y la corrupción se han instalado en las instituciones del Gobierno , y han culminado con el fraude electoral de las elecciones del 9 de noviembre . Antes se habían adoptado decisiones muy graves , como la cancelación de la personalidad jurídica de algunos partidos opositores , o amenazas e intimidación a miembros de la sociedad civil , a periodistas y a medios de comunicación .
El Presidente Ortega calificó a los Gobiernos de la Unión Europea como moscas que pululan sobre la inmundicia y calificó la ayuda externa que recibía Nicaragua como migajas . Pronto comprendió que no había petróleo venezolano suficiente para prescindir de esa ayuda al desarrollo .
Cuando nos disponemos a entrar en una fase decisiva de la negociación de un acuerdo de asociación entre la Unión Europea y América Central , el Gobierno de Nicaragua debe saber que en nosotros encontrará siempre un aliado y un amigo , pero que para nosotros la exigencia del respeto a los derechos humanos , a la libertad de expresión y a la democracia en suma es una condición a la que no renunciamos porque creemos que de ello se beneficia especialmente el pueblo de Nicaragua .
"
en.20081218.39.4-285,320,73.86881384094654,99.71304030041212,73.2558452661566,76.12033229491466,123.1976875,113.41938355000002,0.9206291599426331," Durante el pasado 9 de noviembre se celebraron las elecciones municipales en Nicaragua. Como en ocasiones anteriores, ese proceso electoral ha sido puesto en entredicho desde el punto de vista de la legitimidad democrática, habiéndose vertido acusaciones de fraude y habiéndose producido manifestaciones y enfrentamientos entre partidarios de distintos partidos políticos con los resultados de numerosas heridas y una profundización en la crisis política que viene padeciendo este país. Dos partidos políticos no han podido presentarse a las elecciones locales, lo cual es inaceptable porque cercena el derecho fundamental de todos los ciudadanos a la participación política. Por otro lado, hemos recibido los testimonios directos de representantes de organizaciones de defensa de los derechos humanos que nos han informado sobre la existencia de un cuestionamiento del sistema judicial por parte de la sociedad civil sobre la existencia de mecanismos administrativos de represión que han llevado ante los tribunales hasta 17 organizaciones de movimientos sociales sobre persecución a periodistas independientes e incluso a la delegación de la Comisión Europea. Por todo ello, queremos alzar nuestra voz y hacer un llamamiento, primero a los partidos políticos para que condenen los actos de violencia llevados a cabo por sus seguidores, y segundo al propio Gobierno para que se reabran espacios de participación ciudadana, que se respete la libertad de expresión, que se dejen de prohibir las marchas y que todas las ONGs puedan recibir ayudas de la cooperación internacional, no solo las de Venezuela, para las asociaciones progubernamentalistas. Igualmente, que deroguen la penalización del aborto terapéutico en los casos de peligro para la vida de la madre. Y finalmente también queremos pedir a la Comisión que las negociaciones del acuerdo de asociación entre Centroamérica y la Unión Europea recuerde a Nicaragua que debe respetar los principios del Estado de Derecho, la democracia y los derechos humanos. Todo ello sin perjuicio de que desde Europa sigamos prestando nuestra ayuda para el desarrollo y bienestar del pueblo nicaragüense que deseamos tenga el mejor futuro posible. Muchas gracias, señora presidenta.","El pasado 9 de noviembre se celebraron las elecciones municipales en Nicaragua . Como en ocasiones anteriores , ese proceso electoral ha sido puesto en entredicho desde el punto de vista de la legitimidad democrática , habiéndose vertido acusaciones de fraude y habiéndose producido manifestaciones y enfrentamientos entre partidarios de distintos partidos políticos , con el resultado de numerosos heridos y una profundización en la crisis política que viene padeciendo este país .
Dos partidos políticos no han podido presentarse a las elecciones locales , lo cual es inaceptable porque cercena el derecho fundamental de todos los ciudadanos a la participación política .
Por otro lado , hemos recibido los testimonios directos de representantes de organizaciones de defensa de los derechos humanos que nos han informado sobre la existencia de un cuestionamiento del sistema judicial por parte de la sociedad civil , sobre la existencia de mecanismos administrativos de represión que han llevado ante los tribunales hasta a 17 organizaciones de movimientos sociales , y sobre la persecución a periodistas independientes e incluso a la Delegación de la Comisión Europea .
Por todo ello , queremos alzar nuestra voz y hacer un llamamiento , primero a los partidos políticos para que condenen los actos de violencia llevados a cabo por sus seguidores , y segundo , al propio Gobierno para que se reabran espacios de participación ciudadana , se respete la libertad de expresión , se dejen de prohibir las marchas y todas las ONG puedan recibir ayudas de la cooperación internacional , no sólo las ayudas de Venezuela para las asociaciones progubernamentalistas .
Igualmente , que deroguen la penalización del aborto terapéutico en los casos de peligro para la vida de la madre .
Y finalmente , también queremos pedir a la Comisión que en las negociaciones del Acuerdo de asociación entre Centroamérica y la Unión Europea recuerde a Nicaragua que debe respetar los principios del Estado de Derecho , la democracia y los derechos humanos , todo ello , sin perjuicio de que desde Europa sigamos prestando nuestra ayuda para el desarrollo y bienestar del pueblo nicaragüense , que deseamos tenga el mejor futuro posible .
"
en.20081008.24.3-238,480,68.30679556088013,83.09429630025994,69.67665038268933,67.69764403460823,125.3778125,106.81140588000017,0.8519163299327794," Gracias, señor presidente. En primer lugar, quisiera felicitar al señor Sieber por el trabajo realizado, porque en su informe se recogen muchas de las preocupaciones manifestadas en esta Cámara en torno a estos problemas cruciales para toda la Unión Europea. Son estos la escasez de agua y la sequía, asuntos que ya han dejado de ser solo un problema de los países del sur de Europa. Me alegro de que este proyecto incorpore algunas de las reflexiones realizadas en el informe de opinión del que fui ponente en la Comisión de Agricultura a favor de una actividad agrícola, destacando, por ejemplo, el papel que desempeñan los agricultores en la gestión sostenible de los recursos disponibles. Incluye, asimismo, una referencia a la sequía y a la escasez de agua como factores que agravan los precios en las materias primas, aspecto en el que los tiempos que corren también me parece muy importante señalar, para que tengamos presente no solo la dimensión medioambiental de este problema, sino también algunas de sus consecuencias económicas más relevantes. La Comisión de Medio Ambiente incluyó, por otra parte, la idea de crear un Observatorio Europeo de la Sequía, acción que se menciona a sí mismo en el informe de la Comisión de Agricultura y que espero que algún día se vea reflejada en hechos concretos. El texto que se somete mañana a votación nos recoge, sin embargo, una propuesta realizada por la Comisión de Agricultura para que se estudie la puesta en marcha de un fondo de adaptación económico contra la sequía, fondo que beneficiaría a todos los sectores económicos, incluido también la agricultura. Por mi parte, me gustaría dejar claro que seguiré defendiendo la constitución de este fondo, idea que volveré a proponerles al Parlamento cuando lleguen los próximos meses la comunicación que tiene previsto publicar la Comisión sobre la adaptación al cambio climático. Me parece que, después de que se constituyera el Fondo de Solidaridad, que en su día se creó para paliar las pérdidas provocadas por las calamidades climáticas, es hora de que pensemos en un instrumento que actúe a priori y destinado para financiar medidas de prevención para reducir el coste medioambiental y económico de esas catástrofes climáticas. Muchas gracias.","−
Señor Presidente , en primer lugar , quisiera felicitar al señor Seeber por el trabajo realizado , porque en su informe se recogen muchas de las preocupaciones manifestadas en esta Cámara en torno a estos problemas cruciales para toda la Unión Europea . Son éstos : la escasez de agua y la sequía , asuntos que ya han dejado de ser solamente un problema de los países del sur de Europa .
Me alegro de que este proyecto incorpore alguna de las reflexiones realizadas en la opinión de la que fui ponente en la Comisión de Agricultura , a favor de una actividad agrícola , al destacar , por ejemplo , el papel que desempeñan los agricultores en la gestión sostenible de los recursos disponibles . Incluye , asimismo , una referencia a la sequía y a la escasez de agua como factores que agravan los precios de las materias primas , aspecto que , en los tiempos que corren , también me parece muy importante señalar para que tengamos presente no solamente la dimensión medioambiental de este problema , sino también algunas de sus consecuencias económicas más relevantes .
La Comisión de Medio Ambiente incluyó , por otra parte , la idea de crear un observatorio europeo de la sequía , acción que se menciona , asimismo , en la opinión de la Comisión de Agricultura y que espero que , algún día , se vea reflejada en hechos concretos .
El texto que se somete mañana a votación no recoge , sin embargo , una propuesta realizada por la Comisión de Agricultura para que se estudie la puesta en marcha de un fondo de adaptación económico contra la sequía , que beneficiaría a todos los sectores económicos , incluido también el de la agricultura .
Por mi parte , me gustaría dejar claro que seguiré defendiendo la constitución de este fondo , una idea que volveré a proponer al Parlamento cuando llegue en los próximos meses la comunicación que tiene previsto elaborar la Comisión sobre la adaptación al cambio climático .
Me parece que , después de que se constituyera el Fondo de Solidaridad , que en su día se creó para paliar las pérdidas provocadas por las calamidades climáticas , es hora de que pensemos en un instrumento que actúe
y destinado a financiar medidas de prevención para reducir el coste medioambiental y económico de esas catástrofes climáticas .
"
en.20081020.12.1-036,480,65.75095359075837,79.06761720032594,65.17391916494742,66.85418986667989,47.35875,38.49231615099961,0.812781506078594," El Atlético de Madrid, los aficionados e incluso la policía española están siendo maltratados por la Federación Europea de Fútbol. Pero el caso trasciende lo particular. Pues esos órganos federativos agravan las sanciones a quienes recurren a la justicia ordinaria. Esta concepción medieval, esta ley del embudo, es incompatible con el derecho, con las instituciones europeas, desde las que hemos de reaccionar y lo acabaremos haciendo Pues esos señores medievales arbitrarios de horca y cuchillo han de ponerse en línea con el respeto al derecho y las garantías procesales ordinarias de nuestra Europa. Nada más, muchas gracias.","El Atlético de Madrid , los aficionados e incluso la policía española están siendo maltratados por la Federación Europea de Fútbol . Pero el caso transciende lo particular , pues esos órganos federativos agravan las sanciones a quienes recurren a la justicia ordinaria .
Esta concepción medieval , esta ley del embudo es incompatible con el Derecho y con las instituciones europeas , desde las que hemos de reaccionar . Lo acabaremos haciendo , pues esos señores medievales arbitrarios de horca y cuchillo han de ponerse en línea con el respeto al Derecho y las garantías procesales ordinarias de nuestra Europa .
"
en.20081020.15.1-139,480,66.73159666582376,81.61522099971991,66.15306502683839,66.88240524428471,63.3573125,52.41012773500006,0.8272151337700768," Gracias, señor presidente. Señor comisario, el terrorismo es un fenómeno global y la actuación de la delincuencia grave organizada también. Y, por tanto, los medios tienen que ser proporcionales y tienen que lucharse con eficacia. Yo he tomado buena nota de las respuestas que ha dado a las preguntas que eran oportunas. Es verdad que hay que exigir garantías, es verdad que es un tema delicado, pero no es menos cierto que es absolutamente inexcusable montar, formar una respuesta globalizada y armonizada. Para algunos que el terrorismo les pilla un poco lejos, les preocupan más las garantías individuales. A mí me preocupan las individuales y las colectivas. Y es absolutamente necesario que empecemos por donde podamos. Si hemos de empezar por el transporte aéreo, donde ya las compañías tienen esos datos, empecemos por ahí. Exijamos garantías, veamos cuál es el ámbito de aplicación, empecemos por las relaciones de los transportes internacionales. Y, ojo, tendremos que seguir por las interiores, porque los terroristas muchas veces no vienen de fuera, sino que vienen de dentro. Que se lo pregunten a Estados Unidos y que se lo pregunten a los demás, que así es y así tendremos que plantearlo.","Señor Presidente , señor Comisario , el terrorismo es un fenómeno global y la actuación de la delincuencia grave organizada también , y por tanto los medios tienen que ser proporcionales y hay que luchar con eficacia .
He tomado buena nota de las respuestas que ha dado a las preguntas , y eran oportunas : es verdad que hay que exigir garantías , es verdad que es un tema delicado , pero no es menos cierto que es absolutamente inexcusable montar , formar una respuesta globalizada y armonizada .
A algunos , a los que el terrorismo les queda un poco lejos , les preocupan más las garantías individuales . A mí me preocupan las individuales y las colectivas , y es absolutamente necesario que empecemos por donde podamos . Si hemos de empezar por el transporte aéreo , donde ya las compañías tienen esos datos , empecemos por ahí .
Exijamos garantías , veamos cuál es el ámbito de aplicación , empecemos por las relaciones de los transportes internacionales , y ¡ ojo ! tendremos que seguir por las interiores porque los terroristas muchas veces no vienen de fuera , sino que vienen de dentro . Que se lo pregunten a Estados Unidos , que se lo pregunten a los demás , que así es y así tendremos que plantearlo en el futuro .
"
en.20081118.31.2-399,480,68.58106906526184,87.38393939984236,67.99268316417816,69.70907046558634,129.3484375,110.60298952099947,0.8550778939328083," Muchas gracias, señor presidente. Yo quiero agradecer a la Comisión que haya presentado esta propuesta. Creo que es una propuesta positiva y que nos ayudará a reducir las cargas administrativas innecesarias. Ahora bien, como han dicho los oradores que me han precedido, este Parlamento tiene la obligación de traer a tierra lo que son propuestas muy generosas y muy altruistas por parte de la Comisión. Y la realidad es que hay una realidad nacional. En la que hay 27 países con diferentes sistemas jurídicos y con idiomas muy diferentes, lo cual exige que en cada uno de esos países nos ajustemos a las realidades del país, incluyendo el tema de las lenguas. Concretamente, como ha señalado Gosset ahora mismo, y como han señalado los oradores anteriores, es importante que el reconocimiento de estas especialidades nacionales no lleve a un aumento de los costes, que las tasas sean uniformes y que los gobiernos eventualmente asuman ese coste adicional. Pero hay un tema que aparece también y es el tema de las traducciones. Concretamente, en la Unión Europea no tenemos un idioma común, en los 27 países se suele hablar idiomas muy diferentes entre ellos, incluso en algunos países como el del comisario se hablan diferentes idiomas y vivimos con esto. Y desde el punto de vista jurídico, además, nos encontramos con la realidad de que los documentos jurídicos son diferentes. En la Comisión Jurídica, la Comisión Jurídica ha propuesto, por ejemplo, unas enmiendas sobre la autenticación de las actas de los documentos, junto con la autenticación de la traducción. En este momento la Comisión de Asuntos Jurídicos está preparando un informe sobre la","Señor Presidente , quiero agradecer a la Comisión que haya presentado esta propuesta . Creo que es una propuesta positiva y que nos ayudará a reducir las cargas administrativas innecesarias .
Ahora bien , como han dicho los oradores que me han precedido , este Parlamento tiene la obligación de traer a tierra lo que son propuestas muy generosas y muy altruistas por parte de la Comisión . Y la realidad es que hay una realidad nacional en la que hay veintisiete países con diferentes sistemas jurídicos y con idiomas muy diferentes , lo cual exige que , en cada uno de nuestros países , nos ajustemos a las realidades del país , incluyendo el tema de las lenguas .
Concretamente , como ha señalado el señor Gauzès , ahora mismo , y como han señalado los oradores anteriores , es importante que el reconocimiento de estas especificidades nacionales no lleve a un aumento de los costes , que las tasas sean uniformes y que los Gobiernos , eventualmente , asuman ese coste adicional .
Pero hay un tema que aparece también : es el tema de las traducciones . Concretamente , en la Unión Europea no tenemos un idioma común . En los veintisiete países se suelen hablar idiomas muy diferentes entre sí , incluso en algunos países , como el del Comisario , se hablan diferentes idiomas y vivimos con esto .
Y , desde el punto de vista jurídico , además , nos encontramos con la realidad de que los documentos jurídicos son diferentes . La Comisión de Asuntos Jurídicos ha propuesto , por ejemplo , unas enmiendas sobre la autenticación de las actas , de los documentos , junto con la autenticación de la traducción . En estos momentos , la Comisión de Asuntos Jurídicos está preparando un informe sobre el reconocimiento de actas auténticas en diferentes países de la Unión Europea que debería ser complementario de este informe .
En definitiva , yo creo que la Comisión ha hecho bien presentando este informe . La ponente ha hecho un magnífico trabajo y creo que todos nos hemos esforzado por hacer una propuesta de texto legislativo que pueda ser reconocido en el conjunto de la Unión , garantizando los derechos y partiendo de las bases de la realidad de una Unión que se está construyendo , que tiene diferentes ordenamientos nacionales y que tiene diferentes niveles de acceso a la comunicación electrónica .
"
en.20081118.4.2-040,480,66.45670153795042,81.32525820037702,66.26074639706135,67.0064670954195,131.3453125,108.68424567500006,0.8274695427368225," Gracias, presidente. Una gran mayoría de agricultores y ganaderos está pendiente de decisiones y acuerdos previos que adaptará el Consejo de Ministros de Agricultura de la Unión entre hoy y mañana sobre este chequeo de la PAC, porque no se trata de una simple revisión, sino que traerá consigo cambios profundos como la desaparición de muchas explotaciones. Si sale adelante este recorte que propone la Comisión Europea sobre ayudas directas. La modulación es el punto central de este informe parlamentario y podría ser uno de los pocos elementos de la opinión del Parlamento con algún impacto en las negociaciones que mantienen los ministros de Agricultura de la Unión. Venimos oponiéndonos desde hace años a cualquier incremento de eso que llamamos eufemísticamente modulación, porque si la política de desarrollo rural no dispone de fondos suficientes, no es por falta de recursos dentro del techo de gastos de la PAC, sino por una ausencia absoluta de voluntad política para dotar al presupuesto comunitario de ese necesario desarrollo pilar. Quieren liberalizar los mercados, claro, háganlo, pero con iguales requisitos y condiciones para todos los productores, los de dentro y fuera de la Unión. En estos momentos, la Unión Europea se está jugando el futuro de muchos agricultores y ganaderos, y muy especialmente me gustaría hacer una referencia a los sectores frágiles como el del ovino, el vacuno o el tabaco, cuya supervivencia en muchas zonas productoras dependerá de este chequeo. Algunos productores, como los de ovino, ya no piden ayuda, sino que simplemente quieren que se les deje irse dignamente del mercado, porque han hecho cuentas y la única forma de sobrevivir es reducir los volúmenes producidos. El abandono de la producción, por tanto, es la única salida que dejamos a muchos productores, cuyo espacio será ocupado sin duda por importaciones de países terceros, porque el consumidor no dejará de consumir y el mundo no dejará de incrementar a pasos agigantados el número de consumidores. El Parlamento debería emitir una opinión prudente y el Consejo escucharla. Agradezco desde aquí al presidente de la Comisión de Agricultura las gestiones que ha realizado el señor Paris para que se escuche al Parlamento y no sea ninguneado de una forma tan clara y ostensible por el Consejo y la Comisión como hasta ahora. Gracias. Gracias, señora Hernández García.","Señor Presidente , una gran mayoría de agricultores y ganaderos está pendiente de decisiones y acuerdos previos que adoptará el Consejo de Ministros de Agricultura de la Unión , entre hoy y mañana , sobre este chequeo de la PAC , porque no se trata de una simple revisión , sino que traerá consigo cambios profundos , como la desaparición de muchas explotaciones , si sale adelante este recorte que propone la Comisión Europea respecto de las ayudas directas .
La modulación es el punto central de este informe parlamentario y podría ser uno de los pocos elementos del dictamen del Parlamento con algún impacto en las negociaciones que mantienen los Ministros de Agricultura de la Unión .
Venimos oponiéndonos , desde hace años , a cualquier incremento de eso que llamamos eufemísticamente « modulación » , porque si la política de desarrollo rural no dispone de fondos suficientes no es por falta de recursos dentro del techo de gastos de la PAC , sino por una ausencia absoluta de voluntad política para dotar al presupuesto comunitario de ese necesario pilar .
¿ Quieren liberalizar los mercados ? Claro , háganlo , pero con iguales requisitos y condiciones para todos los productores , los de dentro y los de fuera de la Unión .
En estos momentos la Unión Europea se está jugando el futuro de muchos agricultores y ganaderos y , muy especialmente , me gustaría hacer una referencia a los sectores frágiles como el del ovino , el del vacuno o el del tabaco , cuya supervivencia en muchas zonas productoras dependerá de este chequeo .
Algunos productores , como los de ovino , ya no piden ayudas , sino que simplemente quieren que se les deje irse dignamente del mercado , porque han hecho cuentas y la única forma de sobrevivir es reducir los volúmenes producidos . El abandono de la producción , por tanto , es la única salida que dejamos a muchos productores , cuyo espacio será ocupado , sin duda , por importaciones de terceros países , porque el consumidor no dejará de consumir y el mundo no dejará de incrementar a pasos agigantados el número de consumidores .
El Parlamento debería emitir una opinión prudente y el Consejo escucharla . Agradezco desde aquí al Presidente de la Comisión de Agricultura y Desarrollo Rural , el señor Parish , las gestiones que ha realizado para que se escuche al Parlamento y no sea ninguneado de una forma tan clara y ostensible por el Consejo y la Comisión , como hasta ahora .
"
en.20081118.4.2-057,480,68.4308113065571,86.21150560047681,66.77517527270743,67.36171505933726,77.3589375,65.71848777000014,0.8495267630840992," Gracias, señor presidente. En primer lugar, sumame a la felicitación del señor ponente, el señor Capula Santos, por su magnífico trabajo. Creo que ha encontrado equilibrio y moderación en su informe. Creo que lo importante a estas alturas del debate es mandar un mensaje de estabilidad para nuestros agricultores. Los agricultores europeos necesitan más que nunca estabilidad y soluciones. Es necesario periodos transitorios suficientes, así como mantener medidas específicas que sean necesarias para sectores en dificultad. Señora comisaria, no valen las mismas soluciones para todos los sectores y hay que recordar que tenemos sectores que están atravesando verdaderas dificultades. La política agraria común no tiene que ser el problema, sino la solución y para ello necesitamos un primer pilar fuerte. Creemos y apostamos por el desarrollo rural, pero no creemos que la modulación propuesta por la Comisión sea la solución. No se trata de fortalecer el desarrollo rural en detrimento del primer pilar. Estamos de acuerdo en que hay que simplificar el régimen de pago único, en revisar los instrumentos del mercado, pero eso no significa desmantelarlos. Si lo hacemos bien, estaremos poniendo las bases para una política agraria común más allá del 2013. Si no, estaremos acabando con la actividad de muchos agricultores europeos. Gracias. Gracias. No veo una...","Señor Presidente , en primer lugar , quería sumarme a la felicitación al ponente , el señor Capoulas Santos , por su magnífico trabajo . Creo que ha encontrado equilibrio y moderación en su informe .
Creo que lo importante , a estas alturas del debate , es mandar un mensaje de estabilidad a nuestros agricultores . Los agricultores europeos necesitan más que nunca estabilidad y soluciones . Son necesarios períodos transitorios suficientes , así como mantener medidas específicas que sean necesarias para sectores en dificultad .
Señora Comisaria , no valen las mismas soluciones para todos los sectores . Hay que recordar que tenemos sectores que están atravesando verdaderas dificultades . La Política Agrícola Común no tiene que ser el problema , sino la solución , y para ello necesitamos un primer pilar fuerte .
Creemos en el desarrollo rural y apostamos por él , pero no creemos que la modulación propuesta por la Comisión sea la solución . No se trata de fortalecer el desarrollo rural en detrimento del primer pilar . Estamos de acuerdo en que hay que simplificar el régimen de pago único , en revisar los instrumentos de mercado . Pero eso no significa desmantelarlos .
Si lo hacemos bien , estaremos poniendo las bases para una Política Agrícola Común más allá de 2013 ; si no , estaremos acabando con la actividad de muchos agricultores europeos .
"
en.20081118.5.2-089,480,66.87743922739668,81.53809480027121,66.59521609497654,66.53606485431267,109.3560625,90.98143468299986,0.8319743103680225," Estamos ante un plan muy esperado por el sector hortofrutícola, no solamente por las dificultades a las que atraviesa, sino también por el preocupante descenso del consumo. Creo que nos encontramos ante un plan de promoción de salud pública. Yo creo que debe ser un plan europeo y también defiendo la plena financiación comunitaria. No estoy de acuerdo en que puedan entrar los padres en la cofinanciación porque pasará lo de siempre. Los padres que puedan aportar dinero, sus hijos en las escuelas consumirán frutas y hortalizas y los que no se quedarán fuera del programa. Creo que tiene que ser un plan financiado comunitariamente para que su distribución sea homogénea. Por ello también quiero hacer mucho hincapié en que hay que poner el acento en las medidas educativas. No se trata solo de que un alumno se coma una manzana, sino que sepa qué tipo de manzana se está comiendo. Conozca sus propiedades nutritivas y comprenda los efectos beneficiosos que dichas frutas tienen para su salud y para su desarrollo. Por supuesto, debe tratarse de productos de todas las garantías de calidad, dando prioridad, si puede ser, a las frutas de temporada y, cuando sea posible, yo defiendo el origen comunitario de nuestras frutas y hortalizas. Creo que sus efectos beneficiosos de este plan, que aplaudo y por lo cual quiero felicitar a la comisaria, los notaremos inmediatamente. Por supuesto, para la salud presente y futura de nuestros niños y su educación alimentaria, pero también creo que es muy importante para el sector hortofrutícola. Un sector productivo que constituye un auténtico patrimonio cultural europeo. Pues gracias a él podemos disfrutar de una dieta equilibrada, sana y variada. Creo que merece la pena apostar e invertir en este plan de distribución de frutas y hortalizas en nuestras escuelas. Creo que el presupuesto se queda un poco corto porque vuelvo a decir que defiendo la plena financiación comunitaria de un plan tan ambicioso como este. Muchas gracias.","Señor Presidente , estamos ante un plan muy esperado por el sector hortofrutícola , no solamente por las dificultades por las que atraviesa , sino también por el preocupante descenso del consumo .
Nos encontramos ante un plan de promoción de la salud pública ; creo que debe ser un plan europeo , y también defiendo la plena financiación comunitaria . No estoy de acuerdo en que puedan entrar los padres en la cofinanciación , porque pasará lo de siempre : aquellos niños cuyos padres puedan aportar dinero , consumirán frutas y hortalizas en las escuelas , y los que no , se quedarán fuera del programa .
Creo que tiene que ser un plan financiado comunitariamente para que su distribución sea homogénea . Por ello también quiero hacer mucho hincapié en que hay que poner el acento en las medidas educativas . No se trata solo de que un alumno se coma una manzana , sino de que sepa qué tipo de manzana se está comiendo , conozca sus propiedades nutritivas y comprenda los efectos beneficiosos que dicha fruta tiene para su salud y para su desarrollo .
Por supuesto , debe tratarse de productos con todas las garantías de calidad , dando prioridad , si puede ser , a las frutas de temporada y , cuando sea posible , yo defiendo el origen comunitario de nuestras frutas y hortalizas .
Creo que los efectos beneficiosos de este plan , que aplaudo y por el cual quiero felicitar a la Comisaria , los notaremos inmediatamente ; por supuesto , en la salud presente y futura de nuestros niños y su educación alimentaria , pero también creo que es muy importante para el sector hortofrutícola , un sector productivo que constituye un auténtico patrimonio cultural europeo , pues gracias a él podemos disfrutar de una dieta equilibrada , sana y variada .
Creo que merece la pena apostar e invertir en este plan de distribución de frutas y hortalizas en nuestras escuelas . Creo que el presupuesto se queda un poco corto , porque , vuelvo a decirlo , defiendo la plena financiación comunitaria de un plan tan ambicioso como éste .
"
en.20081119.18.3-173,480,66.53524910707608,79.9797772000602,65.25725731768732,67.66730888742816,128.3499375,106.49158883499967,0.8296972395097556," Sí, gracias, presidente. Le pido que estas primeras palabras no las incluya, por favor, en el tiempo, en la máquina infernal del tiempo, porque mis primeras palabras son para sumarme al mensaje de condolencia expresado por esta Cámara dirigido hacia la señora Clamp y, sobre todo, para felicitar a los ponentes. Ahora sí que empiezo. Le felicito a los ponentes porque con estas dos propuestas estamos dando un paso cualificativo hacia una política común de inmigración y entramos en la promoción de la inmigración legal. Pilar clave del enfoque global que defendemos. El marco general de derechos y el permiso único de residencia y trabajo para los emigrantes legales deben extenderse al mayor número de trabajadores. Por eso, los socialistas pedimos que no se excluya a ninguna categoría de trabajadores. La denominada tarjeta azul brinda una oportunidad para que los emigrantes se instalen con sus familias y trabajen en nuestros países. Les abre una puerta única a 27 mercados laborales. Ahora bien, por esta puerta no solo deben entrar los trabajadores altamente cualificados. Por ello, esperamos, señor comisario, que la comisión nos presente en breve sus propuestas relativas a las otras categorías laborales. Señorías, debemos luchar contra la fuga de cerebros. Esta tarjeta azul no debe convertirse en un pasaporte que favorezca una sangría de recursos humanos vitales en los países en vía de desarrollo. Por ello, desde el Grupo Socialista queremos que por cada profesional cualificado que venga a Europa costeemos la formación de un nuevo profesional en el país de origen. Por último, Europa debe ser un destino atractivo no solo para los talentos venidos de fuera de la Unión, sino también para los nuestros. En 2007, casi 300.000 europeos altamente cualificados se marcharon a trabajar fuera de la Unión. Hagamos todo lo posible por mantenerlos en la Casa Europea. Muchas gracias.","Señor Presidente , le pido que estas primeras palabras no las incluya , por favor , en la máquina infernal del tiempo , porque mis primeras palabras son para sumarme al mensaje de condolencia , expresado por esta Cámara y dirigido hacia la señora Klamt , y , sobre todo , para felicitar a los ponentes .
Ahora sí que empiezo . Felicito a los ponentes porque , con estas dos propuestas , estamos dando un paso cualitativo hacia una política común de inmigración y entramos en la promoción de la inmigración legal , pilar clave del enfoque global que defendemos .
El marco general de derechos y el permiso único de residencia y trabajo para los emigrantes legales , deben extenderse al mayor número de trabajadores . Por eso , los socialistas pedimos que no se excluya a ninguna categoría de trabajadores .
La denominada « tarjeta azul » brinda una oportunidad para que los emigrantes se instalen con sus familias y trabajen en nuestros países . Les abre una puerta única a 27 mercados laborales . Ahora bien , por esta puerta no sólo deben entrar los trabajadores altamente cualificados . Por ello , esperamos , señor Comisario , que la Comisión nos presente en breve sus propuestas relativas a las otras categorías laborales .
Señorías , debemos luchar contra la fuga de cerebros . Esta tarjeta azul no debe convertirse en un pasaporte que favorezca una sangría de recursos humanos vitales en los países en desarrollo . Por ello , desde el Grupo Socialista queremos que , por cada profesional cualificado que venga a Europa , costeemos la formación de un nuevo profesional en el país de origen .
Por último , Europa debe ser un destino atractivo , no sólo para los talentos venidos de fuera de la Unión , sino también para los nuestros . En 2007 , casi 300 000 europeos altamente cualificados se marcharon a trabajar fuera de la Unión . Hagamos todo lo posible por mantenerlos en la casa europea .
"
en.20081119.21.3-287,480,65.09327746237464,71.71074199959547,65.71189263025595,65.50289749995197,29.3633125,23.459477750000588,0.7989383946378866," Señora vicepresidenta, ¿le parece a usted que la cercanía o la lejanía de los candidatos a los electores tiene que ver con el grado de participación en las elecciones europeas? ¿Está usted de acuerdo en que un Estado de 45 millones de habitantes no tenga más que una sola circunscripción electoral para las elecciones al Parlamento Europeo? ¿Qué puede hacer la Comisión para que los Estados de mayor número de población puedan tener circunscripciones más próximas a los ciudadanos?","Señora Vicepresidenta , ¿ le parece a usted que la cercanía o la lejanía de los candidatos a los electores tienen que ver con el grado de participación en las elecciones europeas ? ¿ Está usted de acuerdo en que un Estado de 45 millones de habitantes no tenga más que una sola circunscripción electoral para las elecciones al Parlamento Europeo ? ¿ Qué puede hacer la Comisión para que los Estados de mayor número de población puedan tener circunscripciones más próximas a los ciudadanos ?
"
en.20081119.21.3-290,480,63.53390322620033,66.72913809998136,66.66004060720557,62.90682764282402,7.35075,5.427959998000006,0.7384226096656812," Disculpenme, pero no he oído que la señora vicepresidenta haya contestado a mis preguntas.","Discúlpeme , pero no he oído que la señora Vicepresidenta haya contestado a mis preguntas .
"
en.20081119.21.3-302,480,66.37561717103213,82.41363039942372,66.42270490301598,66.90253618679375,40.3695625,33.085684763000245,0.8195700600669191," Muchas gracias señora presidenta, me ha dado usted bastante información sobre el tema que planteaba y le agradezco esa información detallada. Creo que es importante la nueva etapa de la comisión y sobre todo el proyecto de Bamako de un centro de la Unión Europea en materia de inmigración. Sé que acaba de abrirse, que es probablemente muy pronto, pero la pregunta que hago a la comisión es, en el caso de que ese proyecto de Bamako Balí en materia de inmigración diera buenos resultados, ¿cree posible la comisión extender esa experiencia al resto de los países de la orilla sur del Mediterráneo?","Muchas gracias , señora Vicepresidenta . Me ha dado usted bastante información sobre el tema que planteaba y le agradezco esa información detallada . Creo que es importante la nueva etapa de la Comisión y , sobre todo , el proyecto de Bamako de un centro de la Unión Europea en materia de inmigración . Sé que acaba de abrirse , que es probablemente muy pronto , pero la pregunta que hago a la Comisión es : ¿ En el caso de que ese proyecto de Bamako ( Malí ) en materia de inmigración diera buenos resultados , cree posible la Comisión extender esa experiencia al resto de los países de la orilla sur del Mediterráneo ?
"
en.20081119.21.3-308,480,65.40667832297619,72.49182240057054,64.50076751405282,66.015164740739,26.3679375,21.15541168999971,0.8023157552614689," Es con la respuesta en nombre del señor Yáñez, pero he de decir, comisaria, al señor Michel, que sus acciones, sus palabras y sus gestos son muy necesarios en contacto directo y realmente con la oposición democrática cubana para cumplir las conclusiones prioritarias del Consejo y reducir los efectos de la terrible dictadura castrista en favor de la libertad.","Agradezco la respuesta en nombre del señor Yañez-Barnuevo , pero he de decir , Comisaria , al señor Michel , que sus acciones , sus palabras y sus gestos son muy necesarios en contacto directo entablado realmente con la oposición democrática cubana para cumplir las conclusiones prioritarias del Consejo y reducir los efectos de la terrible dictadura castrista y favorecer a la libertad .
"
en.20081120.29.4-238,480,66.15849283904807,76.89428060029971,65.70198693130105,66.01608054388495,126.3530625,104.13343705499938,0.8241465224081876," Señor Presidente, en nombre del Grupo Socialista, quiero expresar la más enérgica repulsa de mi grupo a los asesinatos que se están cometiendo en esta región de Somalia, invocando el nombre de Dios. Es decir, yo creo que hay pocos... Pocas barbaridades se han cometido por alguien que no haya invocado el nombre de Dios o de una religión. Concretamente, la forma en la que se cometió este atroz asesinato, ya lo sabemos, una niña de 13 años que es violada y que luego se ha acusado de adulterios, y que cinco hombres, si se pueden llamar hombres, se apresuran a lapidarlas e impiden incluso que alguien trate de salvarlas, en un estadio ocupado por mil personas. Esto unido a los actos de piratería que este año en las costas de Somalia han alcanzado el nivel de mil barcos secuestrados, constituye una situación humanitaria absolutamente inadmisible. La comunidad internacional no puede permanecer impasible ante esto. No puede permanecer impasible ante la cobardía, ante la invocación religiosa para cometer barbaridades y, por tanto, tenemos que restablecer el orden apoyando al gobierno legítimo de Somalia, a recuperar el control de todo el país y a establecer un Estado de derecho que respete los derechos humanos. Yo creo que en pocas ocasiones... Se nos ha presentado una situación tan clara y que nos imponga obligaciones. Yo no creo que podamos quedarnos aquí impasibles en esta comunidad de 500 millones de personas y 27 países, la más importante del mundo, sin intervenir en esa situación. No sé cómo se podrá hacer, pero desde luego creo que hay que hacerlo y que hay que intervenir rápidamente. El Grupo Socialista no está de acuerdo con las enmiendas que han sido presentadas a última hora. Que no fueron negociadas en su momento, apoyamos el texto de la resolución común y esperamos que este sea el comienzo de una preocupación mayor de la Unión Europea por este tipo de cuestiones humanitarias y por la repulsa de la utilización abusiva de conceptos religiosos para cometer barbaridades en nombre de Dios.","Señor Presidente , en nombre del Grupo Socialista , quiero expresar la más enérgica repulsa de mi grupo por los asesinatos que se están cometiendo en esta región de Somalia invocando el nombre de Dios . Pocas barbaridades han sido cometidas por alguien que no haya invocado el nombre de Dios o de una religión .
Concretamente , la forma en la que se cometió este atroz asesinato : una niña de 13 años que es violada , que luego es acusada de adulterio y a la que cinco hombres – si se pueden llamar hombres – se apresuran a lapidar , impidiendo incluso que alguien trate de salvarla , en un estadio ocupado por mil personas .
Esto , unido a los actos de piratería que este año en las costas de Somalia han alcanzado el nivel de casi 100 barcos secuestrados , constituye una situación humanitaria absolutamente inadmisible .
La comunidad internacional no puede permanecer impasible ante esto . No puede permanecer impasible ante la cobardía , ante la invocación religiosa para cometer barbaridades . Por tanto , tenemos que restablecer el orden , apoyando al Gobierno legítimo de Somalia para que recupere el control de todo el país y establezca un Estado de Derecho que respete los derechos humanos .
Creo que en pocas ocasiones se nos ha presentado una situación tan clara y que nos imponga obligaciones . No creo que podamos quedarnos aquí impasibles , en esta Comunidad de 500 millones de personas y 27 países , la más importante del mundo , sin intervenir en esa situación . No sé cómo se podrá hacer , pero , desde luego , creo que hay que hacerlo y que hay que intervenir rápidamente .
El Grupo Socialista no está de acuerdo con las enmiendas que han sido presentadas a última hora , que no fueron negociadas en su momento . Apoyamos el texto de la resolución común y esperamos que este sea el comienzo de una preocupación mayor de la Unión Europea por este tipo de cuestiones humanitarias y por la repulsa de la utilización abusiva de conceptos religiosos para cometer barbaridades en nombre de Dios .
"
en.20081215.17.1-182,480,65.89662933762624,75.80126100001509,65.44191839633591,67.41792881468695,131.39175,107.83721021400015,0.8207304508388095," Señor presidente, yo creo que la ponente y los oradores que me han precedido han puesto de relieve cuáles son las características de esta propuesta directiva del Parlamento y del Consejo. Se trata del reconocimiento de que también el armamento, las municiones, están dentro del mercado interior. Aunque desde luego con una serie de limitaciones. No se trata de mercancías normales, no son caramelos, ni son objetos de entretenimiento, sino que son objetos que requieren un control preciso. Desde luego hay limitaciones en el propio tratado, el artículo 30 y el artículo 296, que confieren a los Estados responsabilidades importantes en la materia. Y el hecho de que tengamos un mercado común no impide que los Estados estén obligados al cumplimiento de las normas de seguridad, y con derecho a aplicarlas cuando se pone en peligro su propia seguridad. El trabajo que se ha hecho en la Comisión de Asuntos Jurídicos y en las comisiones de opinión que han colaborado con ellas, de acuerdo con el Consejo, bajo la experta dirección de la ponente señora Ruile, ha sido muy positivo. Creo que el texto que hoy presentamos es un texto bastante equilibrado, básicamente a pesar de que sobre el papel parecen muchas enmiendas, hoy nos limitamos a una sola enmienda, que es la enmienda 63, que es la que recoge el espíritu de compromiso, y en esa enmienda se puede ver un texto bien articulado, coherente, y que va a permitir el funcionamiento de todo este mercado. Ha puesto de relieve el señor Tubón que esto está en relación con otros textos internacionales, por ejemplo, la adopción en este mismo mes del convenio de Oslo, la firma del convenio de Oslo sobre la prohibición de las municiones de racimo, también el convenio sobre las limitaciones de minas antipersonales, y toda una serie de acuerdos internacionales e incluso de normas de la Unión Europea dirigidas a limitar la utilización de armas. Creo que el modelo nuestro no es el modelo de la libre circulación de armas en cualquier momento, sino de un mercado regulado, controlado por los Estados y controlado también a partir de ahora por las propias instituciones de la Unión Europea. Muchas gracias, señor presidente.","Creo que la ponente y los oradores que me han precedido han puesto de relieve cuáles son las características de esta propuesta de Directiva del Parlamento Europeo y del Consejo .
Se trata del reconocimiento de que también el armamento , las municiones , están dentro del mercado interior aunque , desde luego , con una serie de limitaciones . No se trata de mercancías normales , no son caramelos ni son objetos de entretenimiento , sino que son objetos que requieren un control preciso .
Desde luego , hay limitaciones en el propio Tratado — el artículo 30 y el artículo 296 — que confieren a los Estados responsabilidades importantes en la materia . El hecho de que tengamos un mercado común no impide que los Estados estén obligados al cumplimiento de las normas de seguridad y con derecho a aplicarlas cuando se pone en peligro su propia seguridad .
El trabajo que se ha hecho en la Comisión de Asuntos Jurídicos y en las comisiones competentes para emitir opinión que han colaborado con ella , de acuerdo con el Consejo , bajo la experta dirección de la ponente , señora Rühle , ha sido muy positivo .
Creo que el texto que hoy presentamos es un texto bastante equilibrado . Básicamente , a pesar de que sobre el papel parecen muchas enmiendas , hoy nos limitamos a una sola enmienda — la enmienda 63 , que es la que recoge el espíritu de la transacción — , y en esa enmienda se puede ver un texto y un articulado coherente y que va a permitir el funcionamiento de todo este mercado .
Ha puesto de relieve el señor Toubon que esto está en relación con otros textos internacionales . Por ejemplo , la adopción en este mismo mes del Convenio de Oslo — la firma del Convenio de Oslo — sobre la prohibición de las municiones de racimo , también el Convenio sobre las limitaciones de minas antipersonales y toda una serie de acuerdos internacionales e incluso de normas de la Unión Europea dirigidas a limitar la utilización de armas . Creo que el modelo nuestro no es el modelo de la libre circulación de armas en cualquier momento sino un mercado regulado , controlado por los Estados y controlado también , a partir de ahora , por las propias Instituciones de la Unión Europea .
"
en.20081216.36.2-344,480,67.60776324089747,83.89062420010305,68.70633196982487,65.64818486465373,64.3325625,53.99192288799986,0.8392627433113653," Gracias, señora presidenta, señor comisario. Esta propuesta salió de la comisión hace más de un año. Con unos objetivos realmente muy ambiciosos. Y en este tiempo han ocurrido convulsiones financieras en el mundo que parecía que iban a hacer naufragar estas medidas. Pero finalmente se ha llegado a un acuerdo equilibrado que no satisface a casi nadie al 100%, pero que es un buen acuerdo que mantiene los objetivos finales, pero que hace más asequibles a las empresas los medios para alcanzarlos. Por eso tenemos que agradecer muy especialmente y felicitar al oponente, señora Doyle, a los ponentes de los otros grupos políticos y a la presidencia francesa, muy especialmente también, porque su trabajo ha hecho que se consiga un buen resultado para todos. Confío en que en un futuro próximo las circunstancias nos permitan ser mucho más ambiciosos y que haya otros países que también se unan a esta cruzada de lucha contra el cambio climático que tanto queremos llevar a cabo en Europa. Muchísimas gracias.","Señora Presidenta , señor Comisario , esta propuesta salió de la Comisión hace más de un año con unos objetivos realmente muy ambiciosos . En este tiempo han ocurrido convulsiones financieras en el mundo que parecía que iban a hacer naufragar estas medidas , pero finalmente se ha llegado a un acuerdo equilibrado , que no satisface a casi a nadie al 100 % , pero que es un buen acuerdo que mantiene los objetivos finales y , al mismo tiempo , hace más asequibles a las empresas los medios para alcanzarlos .
Por eso tenemos que agradecer muy especialmente y felicitar a la ponente , señora Doyle , a los ponentes de los otros Grupos políticos y a la Presidencia francesa muy especialmente también , porque su trabajo ha hecho que se consiguiera un buen resultado para todos .
Confío en que , en un futuro próximo , las circunstancias nos permitan ser mucho más ambiciosos y en que haya otros países que también se unan a esta cruzada de lucha contra el cambio climático que tanto queremos llevar a cabo en Europa .
"
en.20081216.39.2-422,480,72.2339005746246,94.42635620034707,73.49017334756698,69.17722807294346,79.3790625,71.24561359399922,0.8975365965552846," Gracias, presidente. Señor comisario, esta era una buena propuesta, tal y como salió de la comisión, no solamente por las reducciones de azufre, sino también por su nuevo artículo 7 bis, que exigía a los proveedores una reducción gradual de las emisiones de gases de efecto invernadero. Y porque resolvía el viejo problema de la presión de vapor para las mezclas de las gasolinas con bialcol en países como el mío de veranos cálidos. Precisamente esto no pasó el filtro del voto en la Comisión de Medio Ambiente y esto nos preocupaba a muchos. Hoy tenemos un acuerdo encima de la mesa que suaviza la aplicación del artículo 7 bis y que retoma el waiver de la presión de vapor endureciendo, por supuesto, las condiciones para acceder a la excepción. Y que, como en el resto de este paquete clima, el acuerdo no satisface a todos al 100%, pero, sin embargo, es asumible para todos. Quiero agradecer a la señora Corby por su excelente trabajo, por la receptividad que ha tenido para solucionar problemas, también al señor Turmes y, por supuesto, a la presidencia francesa, que aquí también han hecho un gran alarde de efectividad. Muchas gracias.","Señor Presidente , señor Comisario , ésta era una buena propuesta tal y como salió de la Comisión , no solamente por las reducciones de azufre sino también por su nuevo artículo 7
que exigía de los proveedores una reducción gradual de las emisiones de gases de efecto invernadero , y porque resolvía el viejo problema de la presión de vapor para las mezclas de las gasolinas con bioalcohol en países como el mío , de veranos cálidos .
Precisamente esto no pasó el filtro de la votación en la Comisión de Medio Ambiente y esto nos preocupaba a muchos .
Hoy tenemos un acuerdo encima de la mesa que suaviza la aplicación del artículo 7
y que retoma el
de la presión de vapor endureciendo , por supuesto , las condiciones para acceder a la excepción y que , como el resto de este paquete sobre el clima , no satisface a todos al 100 % pero , sin embargo , es asumible por todos .
Quiero agradecer a la señora Corbey su excelente trabajo y la receptividad que ha tenido para solucionar problemas , y también dar las gracias al señor Turmes y , por supuesto , a la Presidencia francesa , que aquí también han hecho un gran alarde de efectividad .
"
en.20081218.38.4-266,480,69.29172120036519,86.53307619952102,68.91713075000283,72.21760670978767,130.370125,112.49552745100027,0.8628934539335624," Muchas gracias, señora presidenta. Tal y como dice el informe, según las estimaciones de 2007, Zimbabue cuenta con una población de 12 millones, en las que casi la mitad de ella está pasando hambre. La esperanza de vida son 36 años. Y más solo un 40% de los profesores del país está trabajando y únicamente un tercio de los alumnos asista a clase, con lo cual Mugabe no solo está matando el presente, está matando el futuro. La represión y mutilación de los derechos humanos también está a la orden del día. Los defensores de derechos humanos de Zimbabue han sido sistemáticamente el blanco de detenciones arbitrarias, arrestos y torturas. La legislación introducida por el Gobierno reduce severamente las libertades de expresión, asamblea, movimiento y reunión. Quisiera citar varias de ellas, ya que el Gobierno ha introducido normas cada vez más represivas, las cuales han sido usadas contra estos defensores activistas de los derechos humanos. Por ejemplo, la ley de acceso a la información y protección de la privacidad, usada por el Gobierno para silenciar de forma efectiva a periodistas. La ley de orden público y seguridad, la cual ha limitado severamente la libertad de reunión y cientos de defensores de derechos humanos, incluyendo trabajadores de medios independientes, han sido detenidos arbitrariamente. Y también la ley de organizaciones voluntarias de carácter privado, restablecida en el 2002 por el Gobierno y presuntamente usada para intimidar y acosar a las ONG. Señora Presidente, en mi lengua materna, en euskera, el vasco, que no es oficial en esta Cámara, Mugabe, quiere decir sin límite. Un buen mote para este personaje. El dictador de dicho país africano no es solo uno más dentro de la lista de amplia lista de dictadores que, por desgracia, contamos en este planeta, sino que no me atrevo a decir que ocupa uno de los puestos en el top ten de dictadores y creo que en la UE tenemos que hacer lo imposible para que este personaje se vaya y acabe sus días sentados ante un tribunal de derechos humanos. Deseamos a Zimbabue un feliz año 2009 sin Mugabe. Muchas gracias.","Tal y como dice el informe , según las estimaciones de 2007 , Zimbabue cuenta con una población de 12 millones de personas , de las que casi la mitad de ellas está pasando hambre . La esperanza de vida es de 36 años y solo un 40 % de los profesores del país está trabajando , y únicamente un tercio de los alumnos asiste a clase , con lo cual Mugabe no solo está matando el presente , está matando el futuro .
La represión y mutilación de los derechos humanos también está a la orden del día . Los defensores de los derechos humanos de Zimbabue han sido sistemáticamente el blanco de detenciones arbitrarias , arrestos y torturas . La legislación introducida por el Gobierno reduce severamente las libertades de expresión , asamblea , movimiento y reunión .
Quisiera citar varias de ellas , ya que el Gobierno ha introducido normas cada vez más represivas , las cuales han sido contra estos defensores activistas de los derechos humanos . Por ejemplo , la Ley de acceso a la información y protección de la privacidad , usada por el Gobierno para silenciar de forma efectiva a periodistas ; la Ley de orden público y seguridad , la cual ha limitado severamente la libertad de reunión y cientos de defensores de los derechos humanos , incluyendo trabajadores de medios independientes , han sido detenidos arbitrariamente ; y también la Ley de organizaciones voluntarias de carácter privado , restablecida en 2002 por el Gobierno y presuntamente usada para intimidar y acosar a las ONG .
Señora Presidenta , en mi lengua materna , el euskera — el vasco — , que no es oficial en esta cámara , Mugabe quiere decir « sin límite » , un buen mote para este personaje .
El dictador de dicho país africano no es sólo uno más dentro de la amplia lista de dictadores con que , por desgracia , contamos en este planeta , sino que me atrevo a decir que ocupa uno de los puestos en el top ten de dictadores . Creo que en la UE tenemos que hacer lo imposible para que este personaje se vaya y acabe sus días sentado ante un Tribunal de Derechos Humanos .
Deseamos pues a Zimbabue un feliz año 2009 sin Mugabe .
"
en.20081218.39.4-280,480,70.01723252032212,89.06363070054796,73.01618235006659,66.55219930107413,134.3639375,117.16854480500024,0.8720237512018449," Señora Presidenta, tenemos una propuesta de resolución. Sobre Nicaragua, en la que hay que tomar diferentes aspectos. En primer lugar, hay alegación de fraude al menos en dos municipios, Nicaragua y León. Y esto empaña el resultado electoral del 9 de noviembre. Por otro lado, tenemos un gobierno que se ha preocupado de resolver algunos de los problemas que eliminan los derechos humanos en América Latina, concretamente la pobreza, el analfabetismo. La mortalidad infantil la disposición de agua potable, y la falta de titularidad sobre las tierras indígenas. Entonces, al examinar el caso, nosotros tenemos que distinguir perfectamente los dos aspectos. Por un lado, tenemos que estimular los derechos humanos. Y tenemos que defender los derechos humanos, en el sentido tradicional, como derechos políticos. Y por el otro, tenemos que alentar al gobierno de Nicaragua. Siguiendo en su función de ayuda a los sectores más necesitados del país. Desde luego, tenemos que garantizar que la oposición pueda ejercitar su función Tenemos que ponernos al fraude, pero, y tenemos que defender la actuación de las ONGs, pero sin embargo hay que tener un resultado equilibrado. El Grupo Socialista ha presentado varias propuestas de enmiendas orales, tratando de encauzar el texto definitivo para que sea más equilibrado. Con respecto a las alegaciones de violaciones de derechos fundamentales, con respecto al carácter criminal o no de las investigaciones y con respecto al número de municipalidades en los que el efecto se ha producido algún tipo de derogación. En resumidas cuentas, queremos condenar los supuestos de infracción del derecho político fundamental, pero sin llegar al extremo de colocar al gobierno de Nicaragua en una situación difícil para seguir cumpliendo su función de apoyo a las capas más necesitadas de la sociedad.","Tenemos una propuesta de resolución sobre Nicaragua en la que hay que tomar en consideración diferentes aspectos . En primer lugar , hay alegación de fraude — al menos en dos municipios : Nicaragua y León — y esto empaña el resultado electoral del 9 de noviembre . Por otro lado , tenemos un Gobierno que se ha preocupado de resolver algunos de los problemas que eliminan los derechos humanos en América Latina , concretamente la pobreza , el analfabetismo , la mortalidad infantil , la disponibilidad de agua potable y la falta de titularidad sobre las tierras indígenas .
Entonces , al examinar el caso , nosotros tenemos que distinguir perfectamente los dos aspectos . Por un lado , tenemos que estimular los derechos humanos y tenemos que defender los derechos humanos , en el sentido tradicional , como derechos políticos y , por el otro lado , tenemos que alentar al Gobierno de Nicaragua a que siga en su función de ayuda a los sectores más necesitados del país . Desde luego , tenemos que garantizar que la oposición pueda ejercitar su función , tenemos que oponernos al fraude y tenemos que defender la actuación de las ONG . Pero , sin embargo , hay que tener un resultado equilibrado .
El Grupo Socialista ha presentado varias propuestas de enmiendas orales tratando de encauzar el texto definitivo para que sea más equilibrado con respecto a las alegaciones de violaciones de derechos fundamentales , con respecto al carácter criminal o no de las investigaciones y con respecto al número de municipalidades en las que en efecto se ha producido algún tipo de irregularidad .
En resumidas cuentas , queremos condenar los supuestos de infracción de derechos políticos fundamentales , pero sin llegar al extremo de colocar al Gobierno de Nicaragua en una situación difícil para que siga cumpliendo su función de apoyo a las capas más necesitadas de su sociedad .
"
en.20081218.39.4-284,480,66.47002786952588,80.89890700020987,66.65177271554188,66.70554218557673,110.3545,91.29149221700027,0.8272566340022407," Sobre la situación creada en Nicaragua, por los ataques contra algunos defensores de los derechos humanos, contra algunas de las libertades fundamentales y contra la democracia. No es necesario recordar aquí ahora a Soy la América ni a Ernesto Cardenal ni a Carlos Mejía Godoy ni a Jarkin ni a Sergio Ramírez ni a tantos otros nicaragüenses que hoy se sienten traicionados en sus esperanzas de una Nicaragua mejor. En noviembre del 2006, el señor Ortega pidió y obtuvo, democráticamente, de los nicaragüenses lo que él llamó una nueva oportunidad. Hoy sabemos ya para qué la quería. Desde entonces, la arbitrariedad, el nepotismo y la corrupción se han instalado en las instituciones del gobierno, que han culminado con el fraude electoral de las elecciones del 9 de noviembre. Antes se habían adoptado decisiones muy graves, como la cancelación de la personalidad jurídica de algunos partidos opositores, amenazas e intimidación a miembros de la sociedad civil, a periodistas y a medios de comunicación. El presidente Ortega calificó a los gobiernos de la Unión Europea como moscas que pululan sobre la inmundicia y calificó la ayuda externa que recibía Nicaragua como migajas. Pronto comprendió que no había petróleo venezolano suficiente para prescindir de esa ayuda al desarrollo. Cuando nos disponemos a entrar en una fase decisiva de la negociación de un acuerdo de asociación de la Unión Europea y de Centroamérica, el gobierno de Nicaragua debe saber que en nosotros encontrará siempre un aliado y un amigo, pero que para nosotros la exigencia del respeto a los derechos humanos, a la libertad de expresión y a la democracia en suma, es una condición a la que no renunciamos porque creemos que de ello se beneficia especialmente el pueblo de Nicaragua. Muchas gracias.","Debatimos hoy sobre la situación creada en Nicaragua por los ataques contra algunos defensores de los derechos humanos , contra algunas de las libertades fundamentales y contra la democracia .
No es necesario recordar aquí , ahora , a Zoilamérica ni a Ernesto Cardenal ni a Carlos Mejía Godoy ni a Jarquín ni a Sergio Ramírez ni a tantos otros nicaragüenses que hoy se sienten traicionados en sus esperanzas de una Nicaragua mejor .
En noviembre de 2006 , el señor Ortega pidió y obtuvo democráticamente de los nicaragüenses lo que el llamó una nueva oportunidad . Hoy sabemos ya para qué la quería . Desde entonces , la arbitrariedad , el nepotismo y la corrupción se han instalado en las instituciones del Gobierno , y han culminado con el fraude electoral de las elecciones del 9 de noviembre . Antes se habían adoptado decisiones muy graves , como la cancelación de la personalidad jurídica de algunos partidos opositores , o amenazas e intimidación a miembros de la sociedad civil , a periodistas y a medios de comunicación .
El Presidente Ortega calificó a los Gobiernos de la Unión Europea como moscas que pululan sobre la inmundicia y calificó la ayuda externa que recibía Nicaragua como migajas . Pronto comprendió que no había petróleo venezolano suficiente para prescindir de esa ayuda al desarrollo .
Cuando nos disponemos a entrar en una fase decisiva de la negociación de un acuerdo de asociación entre la Unión Europea y América Central , el Gobierno de Nicaragua debe saber que en nosotros encontrará siempre un aliado y un amigo , pero que para nosotros la exigencia del respeto a los derechos humanos , a la libertad de expresión y a la democracia en suma es una condición a la que no renunciamos porque creemos que de ello se beneficia especialmente el pueblo de Nicaragua .
"
en.20081218.39.4-285,480,67.36055781420411,81.95674720027455,65.08297108022973,69.53193458789464,123.3576875,103.42384251800013,0.8384061392039319," Durante el pasado 9 de noviembre se celebraron las elecciones municipales en Nicaragua, como en ocasiones anteriores, ese proceso electoral ha sido puesto en entredicho desde el punto de vista de la legitimidad democrática, habiéndose vertido acusaciones de fraude y habiéndose producido manifestaciones y enfrentamientos entre partidarios de distintos partidos políticos con el resultado de numerosos heridos y una profundización en la crisis política que viene padeciendo este país. Dos partidos políticos no han podido presentarse a las elecciones, lo cual es inaceptable porque cercena el derecho fundamental de todos los ciudadanos a la participación política. Por otro lado, hemos recibido los testimonios directos de representantes de organizaciones de defensa de los derechos humanos que nos han informado sobre la existencia de un cuestionamiento del sistema judicial por parte de la sociedad civil sobre la existencia de mecanismos administrativos de represión que han llevado ante los tribunales hasta 17 organizaciones de movimientos sociales sobre persecución a periodistas independientes e incluso la delegación de la Comisión Europea. Por todo ello, queremos alzar nuestra voz y hacer un llamamiento, primero a los partidos políticos para que condenen los actos de violencia llevados a cabo por sus seguidores, y segundo al propio Gobierno para que se reabran espacios de participación ciudadana, que se respete la libertad de expresión, que se dejen de prohibir las marchas y que todas las ONGs puedan recibir ayudas de la cooperación internacional, no solo las de Venezuela, para las asociaciones progubernamentalistas. Igualmente, que deroguen la penalización del aborto terapéutico en los casos de peligro para la vida de la madre. Y, finalmente, también queremos pedir a la Comisión que las negociaciones del acuerdo de asociación entre Centroamérica y la Unión Europea recuerde a Nicaragua que debe respetar los principios del Estado de Derecho, la democracia y los derechos humanos. Todo ello sin perjuicio de que desde Europa sigamos prestando nuestra ayuda para el desarrollo y bienestar del pueblo nicaragüense que deseamos tenga el mejor futuro posible. Muchas gracias, señora presidenta.","El pasado 9 de noviembre se celebraron las elecciones municipales en Nicaragua . Como en ocasiones anteriores , ese proceso electoral ha sido puesto en entredicho desde el punto de vista de la legitimidad democrática , habiéndose vertido acusaciones de fraude y habiéndose producido manifestaciones y enfrentamientos entre partidarios de distintos partidos políticos , con el resultado de numerosos heridos y una profundización en la crisis política que viene padeciendo este país .
Dos partidos políticos no han podido presentarse a las elecciones locales , lo cual es inaceptable porque cercena el derecho fundamental de todos los ciudadanos a la participación política .
Por otro lado , hemos recibido los testimonios directos de representantes de organizaciones de defensa de los derechos humanos que nos han informado sobre la existencia de un cuestionamiento del sistema judicial por parte de la sociedad civil , sobre la existencia de mecanismos administrativos de represión que han llevado ante los tribunales hasta a 17 organizaciones de movimientos sociales , y sobre la persecución a periodistas independientes e incluso a la Delegación de la Comisión Europea .
Por todo ello , queremos alzar nuestra voz y hacer un llamamiento , primero a los partidos políticos para que condenen los actos de violencia llevados a cabo por sus seguidores , y segundo , al propio Gobierno para que se reabran espacios de participación ciudadana , se respete la libertad de expresión , se dejen de prohibir las marchas y todas las ONG puedan recibir ayudas de la cooperación internacional , no sólo las ayudas de Venezuela para las asociaciones progubernamentalistas .
Igualmente , que deroguen la penalización del aborto terapéutico en los casos de peligro para la vida de la madre .
Y finalmente , también queremos pedir a la Comisión que en las negociaciones del Acuerdo de asociación entre Centroamérica y la Unión Europea recuerde a Nicaragua que debe respetar los principios del Estado de Derecho , la democracia y los derechos humanos , todo ello , sin perjuicio de que desde Europa sigamos prestando nuestra ayuda para el desarrollo y bienestar del pueblo nicaragüense , que deseamos tenga el mejor futuro posible .
"
en.20081008.24.3-238,960,67.63803290577516,82.14514289957152,68.15822596539559,67.30657784231741,125.8578125,105.69127741699958,0.839767316129061," Gracias, señor presidente. En primer lugar, quisiera felicitar al señor Sieber por el trabajo realizado, porque en su informe se recogen muchas de las preocupaciones manifestadas en esta Cámara en torno a estos problemas cruciales para toda la Unión Europea. Son estos la escasez de agua y la sequía, asuntos que ya han dejado de ser solo un problema de los países del sur de Europa. Me alegro de que este proyecto incorpore algunas de las reflexiones realizadas en el informe de opinión del que fui ponente en la Comisión de Agricultura a favor de una actividad agrícola, destacando, por ejemplo, el papel que desempeñan los agricultores en la gestión sostenible de los recursos disponibles. Incluye, asimismo, una referencia a la sequía y a la escasez de agua como factores que agravan los precios en las materias primas, aspecto en el que los tiempos que corren también me parece muy importante señalar, para que tengamos presente no solo la dimensión medioambiental de este problema, sino también algunas de sus consecuencias económicas más relevantes. La Comisión de Medio Ambiente incluyó, por otra parte, la idea de crear un Observatorio Europeo de la Sequía, acción que se menciona a sí misma en el informe de la Comisión de Agricultura y que espero que algún día se vea reflejada en hechos concretos. El texto que se somete mañana a votación nos recoge, sin embargo, una propuesta realizada por la Comisión de Agricultura para que se estudie la puesta en marcha de un fondo de adaptación económico contra la sequía, fondo que beneficiaría a todos los sectores económicos, incluido también la agricultura. Por mi parte, me gustaría dejar claro que seguiré defendiendo la constitución de este fondo, idea que volveré a proponerles al Parlamento cuando lleguen los próximos meses la comunicación que tiene previsto publicar la Comisión sobre la adaptación al cambio climático. Me parece que, después de que se constituyera el Fondo de Solidaridad, que en su día se creó para paliar las pérdidas provocadas por las calamidades climáticas, es hora de que pensemos en un instrumento que actúe a priori y destinado para financiar medidas de prevención para reducir el coste medioambiental y económico de esas catástrofes climáticas. Muchas gracias.","−
Señor Presidente , en primer lugar , quisiera felicitar al señor Seeber por el trabajo realizado , porque en su informe se recogen muchas de las preocupaciones manifestadas en esta Cámara en torno a estos problemas cruciales para toda la Unión Europea . Son éstos : la escasez de agua y la sequía , asuntos que ya han dejado de ser solamente un problema de los países del sur de Europa .
Me alegro de que este proyecto incorpore alguna de las reflexiones realizadas en la opinión de la que fui ponente en la Comisión de Agricultura , a favor de una actividad agrícola , al destacar , por ejemplo , el papel que desempeñan los agricultores en la gestión sostenible de los recursos disponibles . Incluye , asimismo , una referencia a la sequía y a la escasez de agua como factores que agravan los precios de las materias primas , aspecto que , en los tiempos que corren , también me parece muy importante señalar para que tengamos presente no solamente la dimensión medioambiental de este problema , sino también algunas de sus consecuencias económicas más relevantes .
La Comisión de Medio Ambiente incluyó , por otra parte , la idea de crear un observatorio europeo de la sequía , acción que se menciona , asimismo , en la opinión de la Comisión de Agricultura y que espero que , algún día , se vea reflejada en hechos concretos .
El texto que se somete mañana a votación no recoge , sin embargo , una propuesta realizada por la Comisión de Agricultura para que se estudie la puesta en marcha de un fondo de adaptación económico contra la sequía , que beneficiaría a todos los sectores económicos , incluido también el de la agricultura .
Por mi parte , me gustaría dejar claro que seguiré defendiendo la constitución de este fondo , una idea que volveré a proponer al Parlamento cuando llegue en los próximos meses la comunicación que tiene previsto elaborar la Comisión sobre la adaptación al cambio climático .
Me parece que , después de que se constituyera el Fondo de Solidaridad , que en su día se creó para paliar las pérdidas provocadas por las calamidades climáticas , es hora de que pensemos en un instrumento que actúe
y destinado a financiar medidas de prevención para reducir el coste medioambiental y económico de esas catástrofes climáticas .
"
en.20081020.12.1-036,960,68.53273355480499,83.8051069003086,66.22145845360662,65.09236377948979,47.83875,40.11994992700056,0.8386496287424016," El Atlético de Madrid, los aficionados e incluso la policía española están siendo maltratados por la Federación Europea de Fútbol. Pero el caso trasciende lo particular, pues esos órganos federativos agravan las sanciones a quienes recurren a la justicia ordinaria. Esta concepción medieval, esta ley del embudo, es incompatible con el derecho, con las instituciones europeas, desde las que hemos de reaccionar y lo acabaremos haciendo, pues esos señores medievales, arbitrarios de horca y cuchillo, han de ponerse en línea con el respeto al derecho y las garantías procesales ordinarias de nuestra Europa. Nada más, muchas gracias.","El Atlético de Madrid , los aficionados e incluso la policía española están siendo maltratados por la Federación Europea de Fútbol . Pero el caso transciende lo particular , pues esos órganos federativos agravan las sanciones a quienes recurren a la justicia ordinaria .
Esta concepción medieval , esta ley del embudo es incompatible con el Derecho y con las instituciones europeas , desde las que hemos de reaccionar . Lo acabaremos haciendo , pues esos señores medievales arbitrarios de horca y cuchillo han de ponerse en línea con el respeto al Derecho y las garantías procesales ordinarias de nuestra Europa .
"
en.20081020.15.1-139,960,65.30553654975587,75.03855650038531,64.65735869730392,65.40753891604324,63.8373125,51.317781932999424,0.803883809065418," Gracias, señor presidente. Señor comisario, el terrorismo es un fenómeno global y la actuación de la delincuencia grave organizada también. Y, por tanto, los medios tienen que ser proporcionales y tienen que lucharse con eficacia. Yo he tomado buena nota de las respuestas que ha dado a las preguntas que eran oportunas. Es verdad que hay que exigir garantías, es verdad que es un tema delicado, pero no es menos cierto que es absolutamente inexcusable montar, formar una respuesta globalizada y armonizada. Para algunos que el terrorismo les pilla un poco lejos, les preocupan más las garantías individuales. A mí me preocupan las individuales y las colectivas. Y es absolutamente necesario que empecemos por donde podamos. Si hemos empezado por el transporte aéreo, donde ya las compañías tienen esos datos, empecemos por ahí. Exijamos garantías, veamos cuál es el ámbito de aplicación, empecemos por las relaciones de los transportes internacionales. Y, ojo, tendremos que seguir por las interiores, porque los terroristas muchas veces no vienen de fuera, sino que vienen de dentro. Que se lo pregunten a Estados Unidos y que se lo pregunten a los demás, que así es y así tendremos que plantearlo.","Señor Presidente , señor Comisario , el terrorismo es un fenómeno global y la actuación de la delincuencia grave organizada también , y por tanto los medios tienen que ser proporcionales y hay que luchar con eficacia .
He tomado buena nota de las respuestas que ha dado a las preguntas , y eran oportunas : es verdad que hay que exigir garantías , es verdad que es un tema delicado , pero no es menos cierto que es absolutamente inexcusable montar , formar una respuesta globalizada y armonizada .
A algunos , a los que el terrorismo les queda un poco lejos , les preocupan más las garantías individuales . A mí me preocupan las individuales y las colectivas , y es absolutamente necesario que empecemos por donde podamos . Si hemos de empezar por el transporte aéreo , donde ya las compañías tienen esos datos , empecemos por ahí .
Exijamos garantías , veamos cuál es el ámbito de aplicación , empecemos por las relaciones de los transportes internacionales , y ¡ ojo ! tendremos que seguir por las interiores porque los terroristas muchas veces no vienen de fuera , sino que vienen de dentro . Que se lo pregunten a Estados Unidos , que se lo pregunten a los demás , que así es y así tendremos que plantearlo en el futuro .
"
en.20081118.31.2-399,960,66.0806545661926,75.72552879937577,66.98892858022266,66.05267256238774,129.8284375,106.42274389800059,0.819718283199708," Muchas gracias, señor presidente. Yo quiero agradecer a la comisión que haya presentado esta propuesta. Creo que es una propuesta positiva y que nos ayudará a reducir las cargas administrativas innecesarias. Ahora bien, como han dicho los oradores que me han precedido, este Parlamento tiene la obligación de traer a tierra lo que son propuestas muy generosas y muy altruistas por parte de la Comisión. Y la realidad es que hay una realidad nacional en la que hay 27 países con diferentes sistemas jurídicos y con idiomas muy diferentes, lo cual exige que en cada uno de esos países nos ajustemos a las realidades del país, incluyendo el tema de las lenguas. Concretamente, como ha señalado Gosset ahora mismo, y como han señalado los oradores anteriores, es importante que el reconocimiento de estas especialidades nacionales no lleve a un aumento de los costes, que las tasas sean uniformes y que los gobiernos eventualmente asuman ese coste adicional. Pero hay un tema que aparece también, que es el tema de las traducciones. Concretamente, en la Unión Europea no tenemos un idioma común. En los 27 países se suele hablar idiomas muy diferentes entre ellos, incluso en algunos países como el del comisario se hablan diferentes idiomas y vivimos con esto. Y desde el punto de vista jurídico, además, nos encontramos con la realidad de que los documentos jurídicos son diferentes. En la Comisión Jurídica, la Comisión Jurídica ha propuesto, por ejemplo, unas enmiendas sobre la autenticación de las actas de los documentos, junto con la autenticación de la traducción. En este momento la Comisión de Asuntos Jurídicos está preparando un informe sobre el reconocimiento de actas auténticas en diferentes países de la Unión Europea que debería ser complementario a este informe. En definitiva, yo creo que la Comisión ha hecho bien presentando este informe, la ponente ha hecho un magnífico trabajo y creo que todos nos hemos esforzado por hacer una propuesta de texto legislativo que pueda ser reconocido en el conjunto de la Unión, garantizando los derechos y partiendo de las bases de la realidad de una Unión que se está construyendo, que tiene diferentes ordenamientos nacionales y que tiene diferentes niveles de acceso a la comunicación electrónica. Muchas gracias, Presidenta.","Señor Presidente , quiero agradecer a la Comisión que haya presentado esta propuesta . Creo que es una propuesta positiva y que nos ayudará a reducir las cargas administrativas innecesarias .
Ahora bien , como han dicho los oradores que me han precedido , este Parlamento tiene la obligación de traer a tierra lo que son propuestas muy generosas y muy altruistas por parte de la Comisión . Y la realidad es que hay una realidad nacional en la que hay veintisiete países con diferentes sistemas jurídicos y con idiomas muy diferentes , lo cual exige que , en cada uno de nuestros países , nos ajustemos a las realidades del país , incluyendo el tema de las lenguas .
Concretamente , como ha señalado el señor Gauzès , ahora mismo , y como han señalado los oradores anteriores , es importante que el reconocimiento de estas especificidades nacionales no lleve a un aumento de los costes , que las tasas sean uniformes y que los Gobiernos , eventualmente , asuman ese coste adicional .
Pero hay un tema que aparece también : es el tema de las traducciones . Concretamente , en la Unión Europea no tenemos un idioma común . En los veintisiete países se suelen hablar idiomas muy diferentes entre sí , incluso en algunos países , como el del Comisario , se hablan diferentes idiomas y vivimos con esto .
Y , desde el punto de vista jurídico , además , nos encontramos con la realidad de que los documentos jurídicos son diferentes . La Comisión de Asuntos Jurídicos ha propuesto , por ejemplo , unas enmiendas sobre la autenticación de las actas , de los documentos , junto con la autenticación de la traducción . En estos momentos , la Comisión de Asuntos Jurídicos está preparando un informe sobre el reconocimiento de actas auténticas en diferentes países de la Unión Europea que debería ser complementario de este informe .
En definitiva , yo creo que la Comisión ha hecho bien presentando este informe . La ponente ha hecho un magnífico trabajo y creo que todos nos hemos esforzado por hacer una propuesta de texto legislativo que pueda ser reconocido en el conjunto de la Unión , garantizando los derechos y partiendo de las bases de la realidad de una Unión que se está construyendo , que tiene diferentes ordenamientos nacionales y que tiene diferentes niveles de acceso a la comunicación electrónica .
"
en.20081118.4.2-040,960,65.97334090698683,76.71425260032267,65.40260011949032,66.71762347892965,131.8253125,107.94019926500005,0.8188123905642177," Gracias, presidente. Una gran mayoría de agricultores y ganaderos está pendiente de decisiones y acuerdos previos que adaptará el Consejo de Ministros de Agricultura de la Unión entre hoy y mañana sobre este chequeo de la PAC, porque no se trata de una simple revisión, sino que traerá consigo cambios profundos como la desaparición de muchas explotaciones. Si sale adelante este recorte que propone la Comisión Europea sobre ayudas directas. La modulación es el punto central de este informe parlamentario y podría ser uno de los pocos elementos de la opinión del Parlamento con algún impacto en las negociaciones que mantienen los ministros de Agricultura de la Unión. Venimos oponiéndonos desde hace años a cualquier incremento de eso que llamamos eufemísticamente modulación, porque si la política de desarrollo rural no dispone de fondos suficientes, no es por falta de recursos dentro del techo de gastos de la PAC, sino por una ausencia absoluta de voluntad política para dotar al presupuesto comunitario de ese necesario desarrollo pilar. ¿Quieren liberalizar los mercados? Claro, háganlo, pero con iguales requisitos y condiciones para todos los productores, los de dentro y fuera de la Unión. En estos momentos, la Unión Europea se está jugando el futuro de muchos agricultores y ganaderos y, muy especialmente, me gustaría hacer una referencia a los sectores frágiles como el del ovino, el vacuno o el tabaco, cuya supervivencia en muchas zonas productoras dependerá de este chequeo. Algunos productores, como los de ovino, ya no piden ayuda, sino que simplemente quieren que se les deje irse dignamente del mercado, porque han hecho cuentas y la única forma de sobrevivir es reducir los volúmenes producidos. El abandono de la producción, por tanto, es la única salida que dejamos a muchos productores, cuyo espacio será ocupado sin duda por importaciones de países terceros, porque el consumidor no dejará de consumir y el mundo no dejará de incrementar a pasos agigantados el número de consumidores. El Parlamento debería emitir una opinión prudente y el Consejo escucharla. Agradezco desde aquí al presidente de la Comisión de Agricultura las gestiones que ha realizado el señor Paris para que se escuche al Parlamento y no sea ninguneado de una forma tan clara y ostensible por el Consejo y la Comisión como hasta ahora. Gracias. Gracias, señora Hernández García.","Señor Presidente , una gran mayoría de agricultores y ganaderos está pendiente de decisiones y acuerdos previos que adoptará el Consejo de Ministros de Agricultura de la Unión , entre hoy y mañana , sobre este chequeo de la PAC , porque no se trata de una simple revisión , sino que traerá consigo cambios profundos , como la desaparición de muchas explotaciones , si sale adelante este recorte que propone la Comisión Europea respecto de las ayudas directas .
La modulación es el punto central de este informe parlamentario y podría ser uno de los pocos elementos del dictamen del Parlamento con algún impacto en las negociaciones que mantienen los Ministros de Agricultura de la Unión .
Venimos oponiéndonos , desde hace años , a cualquier incremento de eso que llamamos eufemísticamente « modulación » , porque si la política de desarrollo rural no dispone de fondos suficientes no es por falta de recursos dentro del techo de gastos de la PAC , sino por una ausencia absoluta de voluntad política para dotar al presupuesto comunitario de ese necesario pilar .
¿ Quieren liberalizar los mercados ? Claro , háganlo , pero con iguales requisitos y condiciones para todos los productores , los de dentro y los de fuera de la Unión .
En estos momentos la Unión Europea se está jugando el futuro de muchos agricultores y ganaderos y , muy especialmente , me gustaría hacer una referencia a los sectores frágiles como el del ovino , el del vacuno o el del tabaco , cuya supervivencia en muchas zonas productoras dependerá de este chequeo .
Algunos productores , como los de ovino , ya no piden ayudas , sino que simplemente quieren que se les deje irse dignamente del mercado , porque han hecho cuentas y la única forma de sobrevivir es reducir los volúmenes producidos . El abandono de la producción , por tanto , es la única salida que dejamos a muchos productores , cuyo espacio será ocupado , sin duda , por importaciones de terceros países , porque el consumidor no dejará de consumir y el mundo no dejará de incrementar a pasos agigantados el número de consumidores .
El Parlamento debería emitir una opinión prudente y el Consejo escucharla . Agradezco desde aquí al Presidente de la Comisión de Agricultura y Desarrollo Rural , el señor Parish , las gestiones que ha realizado para que se escuche al Parlamento y no sea ninguneado de una forma tan clara y ostensible por el Consejo y la Comisión , como hasta ahora .
"
en.20081118.4.2-057,960,65.69346354536285,75.62741959973216,64.53046092479599,66.11234149373217,77.8389375,63.099324243999945,0.810639588239497," Gracias, señor presidente. En primer lugar, sumame a la felicitación del señor ponente, el señor Capula Santos, por su magnífico trabajo. Creo que ha encontrado equilibrio y moderación en su informe. Creo que lo importante a estas alturas del debate es mandar un mensaje de estabilidad para nuestros agricultores. Los agricultores europeos necesitan más que nunca estabilidad y soluciones. Es necesario periodos transitorios suficientes, así como mantener medidas específicas que sean necesarias para sectores en dificultad. Señora comisaria, no valen las mismas soluciones para todos los sectores y hay que recordar que tenemos sectores que están atravesando verdaderas dificultades. La política agraria común no tiene que ser el problema, sino la solución y para ello necesitamos un primer pilar fuerte. Creemos y apostamos por el desarrollo rural, pero no creemos que la modulación propuesta por la Comisión sea la solución. No se trata de fortalecer el desarrollo rural en detrimento del primer pilar. Estamos de acuerdo en que hay que simplificar el régimen de pago único, en revisar los instrumentos del mercado, pero eso no significa desmantelarlos. Si lo hacemos bien, estaremos poniendo las bases para una política agraria común más allá del 2013. Si no, estaremos acabando con la actividad de muchos agricultores europeos. Gracias. Gracias.","Señor Presidente , en primer lugar , quería sumarme a la felicitación al ponente , el señor Capoulas Santos , por su magnífico trabajo . Creo que ha encontrado equilibrio y moderación en su informe .
Creo que lo importante , a estas alturas del debate , es mandar un mensaje de estabilidad a nuestros agricultores . Los agricultores europeos necesitan más que nunca estabilidad y soluciones . Son necesarios períodos transitorios suficientes , así como mantener medidas específicas que sean necesarias para sectores en dificultad .
Señora Comisaria , no valen las mismas soluciones para todos los sectores . Hay que recordar que tenemos sectores que están atravesando verdaderas dificultades . La Política Agrícola Común no tiene que ser el problema , sino la solución , y para ello necesitamos un primer pilar fuerte .
Creemos en el desarrollo rural y apostamos por él , pero no creemos que la modulación propuesta por la Comisión sea la solución . No se trata de fortalecer el desarrollo rural en detrimento del primer pilar . Estamos de acuerdo en que hay que simplificar el régimen de pago único , en revisar los instrumentos de mercado . Pero eso no significa desmantelarlos .
Si lo hacemos bien , estaremos poniendo las bases para una Política Agrícola Común más allá de 2013 ; si no , estaremos acabando con la actividad de muchos agricultores europeos .
"
en.20081118.5.2-089,960,65.5371149926344,73.57135339971137,64.43444402206975,66.02942864018311,109.8360625,89.16594718099986,0.8118093925754108," Estamos ante un plan muy esperado por el sector hortofrutícola, no solamente por las dificultades a las que atraviesa, sino también por el preocupante descenso del consumo. Creo que nos encontramos ante un plan de promoción de salud pública. Yo creo que debe ser un plan europeo y también defiendo la plena financiación comunitaria. No estoy de acuerdo en que puedan entrar los padres en la cofinanciación porque pasará lo de siempre. Los padres que puedan aportar dinero, sus hijos en las escuelas consumirán frutas y hortalizas y los que no se quedarán fuera del programa. Creo que tiene que ser un plan financiado comunitariamente para que su distribución sea homogénea. Por ello también quiero hacer mucho hincapié en que hay que poner el acento en las medidas educativas. No se trata solo de que un alumno se coma una manzana, sino que sepa qué tipo de manzana se está comiendo. Conozca sus propiedades nutritivas y comprenda los efectos beneficiosos que dicha fruta tiene para su salud y para su desarrollo. Por supuesto, debe tratarse de productos de todas las garantías de calidad, dando prioridad, si puede ser, a las frutas de temporada y cuando sea posible yo defiendo el origen comunitario de nuestras frutas y hortalizas. Creo que sus efectos beneficiosos de este plan, que aplaudo y por lo cual quiero felicitar a la comisaria, los notaremos inmediatamente, por supuesto, para la salud presente y futura de nuestros niños y su educación alimentaria. Pero también creo que es muy importante para el sector hortofrutícola, un sector productivo que constituye un auténtico patrimonio cultural europeo, pues gracias a él podemos disfrutar de una dieta equilibrada, sana y variada. Creo que merece la pena apostar e invertir en este plan de distribución de frutas y hortalizas en nuestras escuelas. Creo que el presupuesto se queda un poco corto porque vuelvo a decir que defiendo la plena financiación comunitaria de un plan tan ambicioso como este. Muchas gracias.","Señor Presidente , estamos ante un plan muy esperado por el sector hortofrutícola , no solamente por las dificultades por las que atraviesa , sino también por el preocupante descenso del consumo .
Nos encontramos ante un plan de promoción de la salud pública ; creo que debe ser un plan europeo , y también defiendo la plena financiación comunitaria . No estoy de acuerdo en que puedan entrar los padres en la cofinanciación , porque pasará lo de siempre : aquellos niños cuyos padres puedan aportar dinero , consumirán frutas y hortalizas en las escuelas , y los que no , se quedarán fuera del programa .
Creo que tiene que ser un plan financiado comunitariamente para que su distribución sea homogénea . Por ello también quiero hacer mucho hincapié en que hay que poner el acento en las medidas educativas . No se trata solo de que un alumno se coma una manzana , sino de que sepa qué tipo de manzana se está comiendo , conozca sus propiedades nutritivas y comprenda los efectos beneficiosos que dicha fruta tiene para su salud y para su desarrollo .
Por supuesto , debe tratarse de productos con todas las garantías de calidad , dando prioridad , si puede ser , a las frutas de temporada y , cuando sea posible , yo defiendo el origen comunitario de nuestras frutas y hortalizas .
Creo que los efectos beneficiosos de este plan , que aplaudo y por el cual quiero felicitar a la Comisaria , los notaremos inmediatamente ; por supuesto , en la salud presente y futura de nuestros niños y su educación alimentaria , pero también creo que es muy importante para el sector hortofrutícola , un sector productivo que constituye un auténtico patrimonio cultural europeo , pues gracias a él podemos disfrutar de una dieta equilibrada , sana y variada .
Creo que merece la pena apostar e invertir en este plan de distribución de frutas y hortalizas en nuestras escuelas . Creo que el presupuesto se queda un poco corto , porque , vuelvo a decirlo , defiendo la plena financiación comunitaria de un plan tan ambicioso como éste .
"
en.20081119.18.3-173,960,66.27301666999264,75.95643000004203,65.53811803004656,67.51592581425304,128.8299375,105.93358033000004,0.8222745612214556," Sí, gracias, presidente. Le pido que estas primeras palabras no las incluya, por favor, en la máquina infernal del tiempo, porque mis primeras palabras son para sumarme al mensaje de condolencia expresado por esta Cámara dirigido hacia la señora Clam y, sobre todo, para felicitar a los ponentes. Ahora sí que empiezo. Le felicito a los ponentes porque con estas dos propuestas estamos dando un paso cualificativo hacia una política común de inmigración y entramos en la promoción de la inmigración legal. Pilar clave del enfoque global que defendemos. El marco general de derechos y el permiso único de residencia y trabajo para los emigrantes legales deben extenderse al mayor número de trabajadores. Por eso, los socialistas pedimos que no se excluya a ninguna categoría de trabajadores. La denominada tarjeta azul brinda una oportunidad para que los emigrantes se instalen con sus familias y trabajen en nuestros países. Les abre una puerta única a 27 mercados laborales. Ahora bien, por esta puerta no solo deben entrar los trabajadores altamente cualificados. Por ello, esperamos, señor comisario, que la comisión nos presente en breve sus propuestas relativas a las otras categorías laborales. Señorías, debemos luchar contra la fuga de cerebros. Esta tarjeta azul no debe convertirse en un pasaporte que favorezca una sangría de recursos humanos vitales en los países en vía de desarrollo. Por ello, desde el Grupo Socialista queremos que por cada profesional cualificado que venga a Europa, costeemos la formación de un nuevo profesional en el país de origen. Por último, Europa debe ser un destino atractivo no solo para los talentos venidos de fuera de la Unión, sino también para los nuestros. En 2007, casi 300.000 europeos altamente cualificados se marcharon a trabajar fuera de la Unión. Hagamos todo lo posible por mantenerlos en la Casa Europea. Muchas gracias.","Señor Presidente , le pido que estas primeras palabras no las incluya , por favor , en la máquina infernal del tiempo , porque mis primeras palabras son para sumarme al mensaje de condolencia , expresado por esta Cámara y dirigido hacia la señora Klamt , y , sobre todo , para felicitar a los ponentes .
Ahora sí que empiezo . Felicito a los ponentes porque , con estas dos propuestas , estamos dando un paso cualitativo hacia una política común de inmigración y entramos en la promoción de la inmigración legal , pilar clave del enfoque global que defendemos .
El marco general de derechos y el permiso único de residencia y trabajo para los emigrantes legales , deben extenderse al mayor número de trabajadores . Por eso , los socialistas pedimos que no se excluya a ninguna categoría de trabajadores .
La denominada « tarjeta azul » brinda una oportunidad para que los emigrantes se instalen con sus familias y trabajen en nuestros países . Les abre una puerta única a 27 mercados laborales . Ahora bien , por esta puerta no sólo deben entrar los trabajadores altamente cualificados . Por ello , esperamos , señor Comisario , que la Comisión nos presente en breve sus propuestas relativas a las otras categorías laborales .
Señorías , debemos luchar contra la fuga de cerebros . Esta tarjeta azul no debe convertirse en un pasaporte que favorezca una sangría de recursos humanos vitales en los países en desarrollo . Por ello , desde el Grupo Socialista queremos que , por cada profesional cualificado que venga a Europa , costeemos la formación de un nuevo profesional en el país de origen .
Por último , Europa debe ser un destino atractivo , no sólo para los talentos venidos de fuera de la Unión , sino también para los nuestros . En 2007 , casi 300 000 europeos altamente cualificados se marcharon a trabajar fuera de la Unión . Hagamos todo lo posible por mantenerlos en la casa europea .
"
en.20081119.21.3-287,960,72.11086178828982,94.50856940075026,70.93125388233724,70.83279623329872,29.8433125,25.998287495000113,0.8711595770409237," Señora vicepresidenta, ¿le parece a usted que la cercanía o la lejanía de los candidatos a los electores tiene que ver con el grado de participación en las elecciones europeas? ¿Está usted de acuerdo en que un Estado de 45 millones de habitantes no tenga más que una sola circunscripción electoral para las elecciones al Parlamento Europeo? ¿Qué puede hacer la Comisión para que los Estados de mayor número de población puedan tener circunscripciones más próximas a los ciudadanos?","Señora Vicepresidenta , ¿ le parece a usted que la cercanía o la lejanía de los candidatos a los electores tienen que ver con el grado de participación en las elecciones europeas ? ¿ Está usted de acuerdo en que un Estado de 45 millones de habitantes no tenga más que una sola circunscripción electoral para las elecciones al Parlamento Europeo ? ¿ Qué puede hacer la Comisión para que los Estados de mayor número de población puedan tener circunscripciones más próximas a los ciudadanos ?
"
en.20081119.21.3-290,960,64.54019174998393,73.9236625998274,67.55567749996771,63.32147760719766,7.83075,5.523843891999604,0.7054041939788148," Disculpenme, pero no he oído que la señora vicepresidenta haya contestado a mis preguntas.","Discúlpeme , pero no he oído que la señora Vicepresidenta haya contestado a mis preguntas .
"
en.20081119.21.3-302,960,73.4100131811073,97.47836040041877,69.21573078180893,71.92510868077649,40.8495625,36.57756990799953,0.8954213379396544," Muchas gracias señora presidenta, me ha dado usted bastante información sobre el tema que planteaba y le agradezco esa información detallada. Creo que es importante la nueva etapa de la comisión y sobre todo el proyecto de Bamako, de un centro de la Unión Europea en materia de inmigración. Sé que acaba de abrirse, que es probablemente muy pronto, pero la pregunta que hago a la comisión es, en el caso de que ese proyecto de Bamako Balí, en materia de inmigración, diera buenos resultados, ¿cree posible la comisión extender esa experiencia al resto de los países de la orilla sur del Mediterráneo?","Muchas gracias , señora Vicepresidenta . Me ha dado usted bastante información sobre el tema que planteaba y le agradezco esa información detallada . Creo que es importante la nueva etapa de la Comisión y , sobre todo , el proyecto de Bamako de un centro de la Unión Europea en materia de inmigración . Sé que acaba de abrirse , que es probablemente muy pronto , pero la pregunta que hago a la Comisión es : ¿ En el caso de que ese proyecto de Bamako ( Malí ) en materia de inmigración diera buenos resultados , cree posible la Comisión extender esa experiencia al resto de los países de la orilla sur del Mediterráneo ?
"
en.20081119.21.3-308,960,69.75433634474741,91.22997799995576,68.64099734586965,69.14291917595013,26.8479375,22.554273908999676,0.8400747323327789," Esco la respuesta en nombre del señor Yáñez, pero he de decir, comisaria, al señor Michel, que sus acciones, sus palabras y sus gestos son muy necesarios en contacto directo y realmente con la oposición democrática cubana para cumplir las conclusiones prioritarias del Consejo y reducir los efectos de la terrible dictadura castrista en favor de la libertad.","Agradezco la respuesta en nombre del señor Yañez-Barnuevo , pero he de decir , Comisaria , al señor Michel , que sus acciones , sus palabras y sus gestos son muy necesarios en contacto directo entablado realmente con la oposición democrática cubana para cumplir las conclusiones prioritarias del Consejo y reducir los efectos de la terrible dictadura castrista y favorecer a la libertad .
"
en.20081120.29.4-238,960,70.38116036705529,90.21472839958733,70.05591395038022,72.49939111069864,126.8330625,110.74431687099968,0.873150223515258," Señor Presidente, en nombre del Grupo Socialista, quiero expresar la más enérgica repulsa de mi grupo a los asesinatos que se están cometiendo en esta región de Somalia, invocando el nombre de Dios. Es decir, yo creo que hay pocos... Pocas barbaridades se han cometido por alguien que no haya invocado el nombre de Dios o de una religión. Concretamente, la forma en la que se cometió este atroz asesinato, ya lo sabemos, una niña de 13 años que es violada y que luego es acusada de adulterios, y que cinco hombres, si se pueden llamar hombres, se apresuran a lapidarlas e impiden incluso que alguien trate de salvarlas, en un estadio ocupado por mil personas. Esto unido a los actos de piratería que este año en las costas de Somalia han alcanzado el nivel de mil barcos, perdón, de casi 100 barcos secuestrados, constituye una situación humanitaria absolutamente inadmisible. La comunidad internacional no puede permanecer impasible ante esto. No puede permanecer impasible ante la cobardía, ante la invocación religiosa para cometer barbaridades y, por tanto, tenemos que restablecer el orden apoyando al gobierno legítimo de Somalia a recuperar el control de todo el país y a establecer un Estado de derecho que respete los derechos humanos. Yo creo que en pocas ocasiones se nos ha presentado una situación tan clara. Y que nos imponga obligaciones. Yo no creo que podamos quedarnos aquí impasibles en esta comunidad de 500 millones de personas y 27 países, la más importante del mundo, sin intervenir en esa situación. No sé cómo se podrá hacer, pero desde luego creo que hay que hacerlo y que hay que intervenir rápidamente. El Grupo Socialista no está de acuerdo con las enmiendas que han sido presentadas a última hora, que no fueron negociadas en su momento. Apoyamos el texto de la resolución común y esperamos que este sea el comienzo de una preocupación mayor de la Unión Europea por este tipo de cuestiones humanitarias y por la repulsa de la utilización abusiva de conceptos religiosos para cometer barbaridades en nombre de Dios.","Señor Presidente , en nombre del Grupo Socialista , quiero expresar la más enérgica repulsa de mi grupo por los asesinatos que se están cometiendo en esta región de Somalia invocando el nombre de Dios . Pocas barbaridades han sido cometidas por alguien que no haya invocado el nombre de Dios o de una religión .
Concretamente , la forma en la que se cometió este atroz asesinato : una niña de 13 años que es violada , que luego es acusada de adulterio y a la que cinco hombres – si se pueden llamar hombres – se apresuran a lapidar , impidiendo incluso que alguien trate de salvarla , en un estadio ocupado por mil personas .
Esto , unido a los actos de piratería que este año en las costas de Somalia han alcanzado el nivel de casi 100 barcos secuestrados , constituye una situación humanitaria absolutamente inadmisible .
La comunidad internacional no puede permanecer impasible ante esto . No puede permanecer impasible ante la cobardía , ante la invocación religiosa para cometer barbaridades . Por tanto , tenemos que restablecer el orden , apoyando al Gobierno legítimo de Somalia para que recupere el control de todo el país y establezca un Estado de Derecho que respete los derechos humanos .
Creo que en pocas ocasiones se nos ha presentado una situación tan clara y que nos imponga obligaciones . No creo que podamos quedarnos aquí impasibles , en esta Comunidad de 500 millones de personas y 27 países , la más importante del mundo , sin intervenir en esa situación . No sé cómo se podrá hacer , pero , desde luego , creo que hay que hacerlo y que hay que intervenir rápidamente .
El Grupo Socialista no está de acuerdo con las enmiendas que han sido presentadas a última hora , que no fueron negociadas en su momento . Apoyamos el texto de la resolución común y esperamos que este sea el comienzo de una preocupación mayor de la Unión Europea por este tipo de cuestiones humanitarias y por la repulsa de la utilización abusiva de conceptos religiosos para cometer barbaridades en nombre de Dios .
"
en.20081215.17.1-182,960,68.48628394434003,83.91288040056682,66.15150434861606,71.39246879264522,131.87175,112.20372112800032,0.8508548732234185," Señor presidente, yo creo que la ponente y los oradores que me han precedido han puesto de relieve cuáles son las características de esta propuesta directiva del Parlamento y del Consejo. Se trata del reconocimiento de que también... El armamento, las municiones, están dentro del mercado interior, aunque desde luego con una serie de limitaciones. No se trata de mercancías normales, no son caramelos ni son objetos de entretenimiento, sino que son objetos que requieren un control preciso. Desde luego hay limitaciones en el propio tratado, el artículo 30 y el artículo 296, que confieren a los Estados responsabilidades importantes en la materia. Y el hecho de que tengamos un mercado común no impide que los Estados estén obligados al cumplimiento de las normas de seguridad y con derecho a aplicarlas cuando se pone en peligro su propia seguridad. El trabajo que se ha hecho en la Comisión de Asuntos Jurídicos y en las comisiones de opinión que han colaborado con ellas, de acuerdo con el Consejo, bajo la experta dirección de la ponente señora Ruile, ha sido muy positivo. Creo que el texto que hoy presentamos es un texto bastante equilibrado, básicamente, a pesar de que sobre el papel parecen muchas enmiendas, hoy nos limitamos a una sola enmienda, que es la enmienda 63, que es la que recoge el espíritu de compromiso, y en esa enmienda se puede ver un texto bien articulado, coherente, y que va a permitir el funcionamiento de todo este mercado. Ha puesto de relieve el señor Tubón que esto está en relación con otros textos internacionales, por ejemplo, la adopción en este mismo mes del convenio de Oslo, la firma del convenio de Oslo sobre la prohibición de las municiones de racimo. También el convenio sobre las limitaciones de minas antipersonales y toda una serie de acuerdos internacionales e incluso de normas de la Unión Europea dirigidas a limitar la utilización de armas. Creo que el modelo nuestro no es el modelo de la libre circulación de armas en cualquier momento, sino de un mercado regulado, controlado por los Estados y controlado también a partir de ahora por las propias instituciones de la Unión Europea. Muchas gracias, señor presidente.","Creo que la ponente y los oradores que me han precedido han puesto de relieve cuáles son las características de esta propuesta de Directiva del Parlamento Europeo y del Consejo .
Se trata del reconocimiento de que también el armamento , las municiones , están dentro del mercado interior aunque , desde luego , con una serie de limitaciones . No se trata de mercancías normales , no son caramelos ni son objetos de entretenimiento , sino que son objetos que requieren un control preciso .
Desde luego , hay limitaciones en el propio Tratado — el artículo 30 y el artículo 296 — que confieren a los Estados responsabilidades importantes en la materia . El hecho de que tengamos un mercado común no impide que los Estados estén obligados al cumplimiento de las normas de seguridad y con derecho a aplicarlas cuando se pone en peligro su propia seguridad .
El trabajo que se ha hecho en la Comisión de Asuntos Jurídicos y en las comisiones competentes para emitir opinión que han colaborado con ella , de acuerdo con el Consejo , bajo la experta dirección de la ponente , señora Rühle , ha sido muy positivo .
Creo que el texto que hoy presentamos es un texto bastante equilibrado . Básicamente , a pesar de que sobre el papel parecen muchas enmiendas , hoy nos limitamos a una sola enmienda — la enmienda 63 , que es la que recoge el espíritu de la transacción — , y en esa enmienda se puede ver un texto y un articulado coherente y que va a permitir el funcionamiento de todo este mercado .
Ha puesto de relieve el señor Toubon que esto está en relación con otros textos internacionales . Por ejemplo , la adopción en este mismo mes del Convenio de Oslo — la firma del Convenio de Oslo — sobre la prohibición de las municiones de racimo , también el Convenio sobre las limitaciones de minas antipersonales y toda una serie de acuerdos internacionales e incluso de normas de la Unión Europea dirigidas a limitar la utilización de armas . Creo que el modelo nuestro no es el modelo de la libre circulación de armas en cualquier momento sino un mercado regulado , controlado por los Estados y controlado también , a partir de ahora , por las propias Instituciones de la Unión Europea .
"
en.20081216.36.2-344,960,69.20984367755419,87.98612980044709,68.76841225283262,70.53786134588849,64.8125625,55.256853728999886,0.8525639412729575," Gracias, señora presidenta. Señor comisario, esta propuesta salió de la comisión hace más de un año, con unos objetivos realmente muy ambiciosos. Y en este tiempo han ocurrido convulsiones financieras en el mundo que parecía que iban a hacer naufragar estas medidas. Pero finalmente se ha llegado a un acuerdo equilibrado que no satisface a casi nadie al 100%, pero que es un buen acuerdo que mantiene los objetivos finales, pero que hace más asequibles a las empresas los medios para alcanzarlos. Por eso tenemos que agradecer muy especialmente y felicitar a la ponente señora Doyle, a los ponentes de los otros grupos políticos y a la presidencia francesa, muy especialmente también, porque su trabajo ha hecho que se consiga un buen resultado para todos. Confío en que en un futuro próximo las circunstancias nos permitan ser mucho más ambiciosos y que haya otros países que también se unan a esta cruzada de lucha contra el cambio climático que tanto queremos llevar a cabo en Europa. Muchísimas gracias.","Señora Presidenta , señor Comisario , esta propuesta salió de la Comisión hace más de un año con unos objetivos realmente muy ambiciosos . En este tiempo han ocurrido convulsiones financieras en el mundo que parecía que iban a hacer naufragar estas medidas , pero finalmente se ha llegado a un acuerdo equilibrado , que no satisface a casi a nadie al 100 % , pero que es un buen acuerdo que mantiene los objetivos finales y , al mismo tiempo , hace más asequibles a las empresas los medios para alcanzarlos .
Por eso tenemos que agradecer muy especialmente y felicitar a la ponente , señora Doyle , a los ponentes de los otros Grupos políticos y a la Presidencia francesa muy especialmente también , porque su trabajo ha hecho que se consiguiera un buen resultado para todos .
Confío en que , en un futuro próximo , las circunstancias nos permitan ser mucho más ambiciosos y en que haya otros países que también se unan a esta cruzada de lucha contra el cambio climático que tanto queremos llevar a cabo en Europa .
"
en.20081216.39.2-422,960,69.05023673603255,86.35075919992232,68.62749266159292,69.64262988447854,79.8590625,68.11017019299925,0.8528796615036554," Gracias, presidente. Señor comisario, esta era una buena propuesta, tal y como salió de la comisión. No solamente por las reducciones de azufre, sino también por su nuevo artículo 7 bis, que exigía a los proveedores una reducción gradual de las emisiones de gases de efecto invernadero. Y porque resolvía el viejo problema de la presión de vapor para las mezclas de las gasolinas con bialcol en países como el mío de veranos cálidos. Precisamente esto no pasó el filtro del voto en la Comisión de Medio Ambiente y esto nos preocupaba a muchos. Hoy tenemos un acuerdo encima de la mesa que suaviza la aplicación del artículo 7 bis y que retoma el waiver de la presión de vapor, endureciendo, por supuesto, las condiciones para acceder a la excepción. Y que, como en el resto de este paquete clima, el acuerdo no satisface a todos al 100%, pero, sin embargo, es asumible para todos. Quiero agradecer a la señora Corby por su excelente trabajo, por la receptividad que ha tenido para solucionar problemas, también al señor Turmes y, por supuesto, a la presidencia francesa, que aquí también han hecho un gran alarde de efectividad. Muchas gracias.","Señor Presidente , señor Comisario , ésta era una buena propuesta tal y como salió de la Comisión , no solamente por las reducciones de azufre sino también por su nuevo artículo 7
que exigía de los proveedores una reducción gradual de las emisiones de gases de efecto invernadero , y porque resolvía el viejo problema de la presión de vapor para las mezclas de las gasolinas con bioalcohol en países como el mío , de veranos cálidos .
Precisamente esto no pasó el filtro de la votación en la Comisión de Medio Ambiente y esto nos preocupaba a muchos .
Hoy tenemos un acuerdo encima de la mesa que suaviza la aplicación del artículo 7
y que retoma el
de la presión de vapor endureciendo , por supuesto , las condiciones para acceder a la excepción y que , como el resto de este paquete sobre el clima , no satisface a todos al 100 % pero , sin embargo , es asumible por todos .
Quiero agradecer a la señora Corbey su excelente trabajo y la receptividad que ha tenido para solucionar problemas , y también dar las gracias al señor Turmes y , por supuesto , a la Presidencia francesa , que aquí también han hecho un gran alarde de efectividad .
"
en.20081218.38.4-266,960,67.84401007027508,83.84533269982059,66.59352765737755,68.876471757863,130.850125,110.14133297899934,0.8417365514859031," Muchas gracias, señora presidenta. Tal y como dice el informe, según las estimaciones de 2007, Zimbabue cuenta con una población de 12 millones, en las que casi la mitad de ella está pasando hambre. La esperanza de vida son 36 años. Y más solo un 40% de los profesores del país está trabajando y únicamente un tercio de los alumnos asista a clase. Con lo cual Mugabe no solo está matando el presente, está matando el futuro. La represión y mutilación de los derechos humanos también está a la orden del día. Los defensores de derechos humanos de Zimbabue han sido sistemáticamente el blanco de detenciones arbitrarias, arrestos y torturas. La legislación introducida por el Gobierno reduce severamente las libertades de expresión, asamblea, movimiento y reunión. Quisiera citar varias de ellas, ya que el Gobierno ha introducido normas cada vez más represivas, las cuales han sido usadas contra estos defensores activistas de los derechos humanos. Por ejemplo, la Ley de Acceso a la Información y Protección de la Privacidad, usada por el Gobierno para silenciar de forma efectiva a periodistas. La ley de orden público y seguridad, la cual ha limitado severamente la libertad de reunión y cientos de defensores de derechos humanos, incluyendo trabajadores de medios independientes, han sido detenidos arbitrariamente. Y también la ley de organizaciones voluntarias de carácter privado, restablecida en el 2002 por el Gobierno y presuntamente usada para intimidar y acosar a las ONG. Señora Presidente, en mi lengua materna, el euskera, el vasco, que no es oficial en esta Cámara, Mugabe quiere decir sin límite. Un buen mote para este personaje. El dictador de dicho país africano no es solo uno más dentro de la amplia lista de dictadores que, por desgracia, contamos en este planeta, sino que no me atrevo a decir que ocupa uno de los puestos en el top ten de dictadores y creo que en la UE tenemos que hacer lo imposible para que este personaje se vaya y acabe sus días sentados ante un tribunal de derechos humanos. Deseamos a Zimbabue un feliz año 2009 sin Mugabe. Muchas gracias.","Tal y como dice el informe , según las estimaciones de 2007 , Zimbabue cuenta con una población de 12 millones de personas , de las que casi la mitad de ellas está pasando hambre . La esperanza de vida es de 36 años y solo un 40 % de los profesores del país está trabajando , y únicamente un tercio de los alumnos asiste a clase , con lo cual Mugabe no solo está matando el presente , está matando el futuro .
La represión y mutilación de los derechos humanos también está a la orden del día . Los defensores de los derechos humanos de Zimbabue han sido sistemáticamente el blanco de detenciones arbitrarias , arrestos y torturas . La legislación introducida por el Gobierno reduce severamente las libertades de expresión , asamblea , movimiento y reunión .
Quisiera citar varias de ellas , ya que el Gobierno ha introducido normas cada vez más represivas , las cuales han sido contra estos defensores activistas de los derechos humanos . Por ejemplo , la Ley de acceso a la información y protección de la privacidad , usada por el Gobierno para silenciar de forma efectiva a periodistas ; la Ley de orden público y seguridad , la cual ha limitado severamente la libertad de reunión y cientos de defensores de los derechos humanos , incluyendo trabajadores de medios independientes , han sido detenidos arbitrariamente ; y también la Ley de organizaciones voluntarias de carácter privado , restablecida en 2002 por el Gobierno y presuntamente usada para intimidar y acosar a las ONG .
Señora Presidenta , en mi lengua materna , el euskera — el vasco — , que no es oficial en esta cámara , Mugabe quiere decir « sin límite » , un buen mote para este personaje .
El dictador de dicho país africano no es sólo uno más dentro de la amplia lista de dictadores con que , por desgracia , contamos en este planeta , sino que me atrevo a decir que ocupa uno de los puestos en el top ten de dictadores . Creo que en la UE tenemos que hacer lo imposible para que este personaje se vaya y acabe sus días sentado ante un Tribunal de Derechos Humanos .
Deseamos pues a Zimbabue un feliz año 2009 sin Mugabe .
"
en.20081218.39.4-280,960,68.80257282715976,85.04587969946442,67.90147776123858,69.89688179388675,134.8439375,115.14542581399928,0.8539162230708316," Señora Presidenta, tenemos una propuesta de resolución. Sobre Nicaragua. En la que hay que tomar diferentes aspectos. En primer lugar, hay alegación de fraude. Al menos en dos municipios, Nicaragua y León. Y esto empaña el resultado electoral del 9 de noviembre. Por otro lado, tenemos un gobierno que se ha preocupado de resolver algunos de los problemas que eliminan los derechos humanos en América Latina, concretamente la pobreza, el analfabetismo. La mortalidad infantil la disposición de agua potable y la falta de titularidad sobre las tierras indígenas. Entonces, al examinar el caso, nosotros tenemos que distinguir perfectamente los dos aspectos. Por un lado, tenemos que estimular los derechos humanos y tenemos que defender los derechos humanos en el sentido tradicional como derechos políticos. Y por el otro... Tenemos que alentar al gobierno de Nicaragua siguiendo en su función de ayuda a los sectores más necesitados del país. Desde luego, tenemos que garantizar que la oposición pueda ejercitar su función. Tenemos que ponernos al fraude. Pero, y tenemos que defender la actuación de las ONGs, pero, sin embargo, hay que tener un resultado equilibrado. El Grupo Socialista ha presentado varias propuestas de enmiendas orales, tratando de encauzar el texto definitivo para que sea más equilibrado. Con respecto a las alegaciones de... De violaciones de derechos fundamentales. Con respecto al carácter criminal o no de la investigación, y con respecto al número de municipalidades en los que el efecto se ha producido algún tipo de derogación. En resumidas cuentas, queremos condenar los supuestos de infracción de derechos políticos fundamentales, pero sin llegar al extremo de colocar al gobierno de Nicaragua en una situación difícil para seguir cumpliendo su función de apoyo a las capas más necesitadas de la sociedad.","Tenemos una propuesta de resolución sobre Nicaragua en la que hay que tomar en consideración diferentes aspectos . En primer lugar , hay alegación de fraude — al menos en dos municipios : Nicaragua y León — y esto empaña el resultado electoral del 9 de noviembre . Por otro lado , tenemos un Gobierno que se ha preocupado de resolver algunos de los problemas que eliminan los derechos humanos en América Latina , concretamente la pobreza , el analfabetismo , la mortalidad infantil , la disponibilidad de agua potable y la falta de titularidad sobre las tierras indígenas .
Entonces , al examinar el caso , nosotros tenemos que distinguir perfectamente los dos aspectos . Por un lado , tenemos que estimular los derechos humanos y tenemos que defender los derechos humanos , en el sentido tradicional , como derechos políticos y , por el otro lado , tenemos que alentar al Gobierno de Nicaragua a que siga en su función de ayuda a los sectores más necesitados del país . Desde luego , tenemos que garantizar que la oposición pueda ejercitar su función , tenemos que oponernos al fraude y tenemos que defender la actuación de las ONG . Pero , sin embargo , hay que tener un resultado equilibrado .
El Grupo Socialista ha presentado varias propuestas de enmiendas orales tratando de encauzar el texto definitivo para que sea más equilibrado con respecto a las alegaciones de violaciones de derechos fundamentales , con respecto al carácter criminal o no de las investigaciones y con respecto al número de municipalidades en las que en efecto se ha producido algún tipo de irregularidad .
En resumidas cuentas , queremos condenar los supuestos de infracción de derechos políticos fundamentales , pero sin llegar al extremo de colocar al Gobierno de Nicaragua en una situación difícil para que siga cumpliendo su función de apoyo a las capas más necesitadas de su sociedad .
"
en.20081218.39.4-284,960,67.10272768585541,81.18963869947038,66.95630191469891,67.14481287553413,110.8345,92.18156145000103,0.8317045816059171," Sobre la situación creada en Nicaragua por los ataques contra algunos defensores de los derechos humanos, contra algunas de las libertades fundamentales y contra la democracia. No es necesario recordar aquí ahora a Soyla América, ni a Ernesto Cardenal, ni a Carlos Mejía Godoy, ni a Jarkin, ni a Sergio Ramírez, ni a tantos otros nicaragüenses que hoy se sienten traicionados en sus esperanzas de una Nicaragua mejor. En noviembre del 2006, el señor Ortega pidió y obtuvo, democráticamente, de los nicaragüenses lo que él llamó una nueva oportunidad. Hoy sabemos ya para qué la quería. Desde entonces, la arbitrariedad, el nepotismo y la corrupción se han instalado en las instituciones del gobierno, que han culminado con el fraude electoral de las elecciones del 9 de noviembre. Antes se habían adoptado decisiones muy graves, como la cancelación de la personalidad jurídica de algunos partidos opositores, amenazas e intimidación a miembros de la sociedad civil, a periodistas y a medios de comunicación. El presidente Ortega calificó a los gobiernos de la Unión Europea como moscas que pululan sobre la inmundicia y calificó la ayuda externa que recibía Nicaragua como migajas. Pronto comprendió que no había petróleo venezolano suficiente para prescindir de esa ayuda al desarrollo. Cuando nos disponemos a entrar en una fase decisiva de la negociación de un acuerdo de asociación de la Unión Europea y de Centroamérica, el gobierno de Nicaragua debe saber que en nosotros encontrará siempre un aliado y un amigo, pero que para nosotros la exigencia del respeto a los derechos humanos, a la libertad de expresión y a la democracia en suma, es una condición a la que no renunciamos porque creemos que de ello se beneficia especialmente el pueblo de Nicaragua. Muchas gracias. Sashef Kareem.","Debatimos hoy sobre la situación creada en Nicaragua por los ataques contra algunos defensores de los derechos humanos , contra algunas de las libertades fundamentales y contra la democracia .
No es necesario recordar aquí , ahora , a Zoilamérica ni a Ernesto Cardenal ni a Carlos Mejía Godoy ni a Jarquín ni a Sergio Ramírez ni a tantos otros nicaragüenses que hoy se sienten traicionados en sus esperanzas de una Nicaragua mejor .
En noviembre de 2006 , el señor Ortega pidió y obtuvo democráticamente de los nicaragüenses lo que el llamó una nueva oportunidad . Hoy sabemos ya para qué la quería . Desde entonces , la arbitrariedad , el nepotismo y la corrupción se han instalado en las instituciones del Gobierno , y han culminado con el fraude electoral de las elecciones del 9 de noviembre . Antes se habían adoptado decisiones muy graves , como la cancelación de la personalidad jurídica de algunos partidos opositores , o amenazas e intimidación a miembros de la sociedad civil , a periodistas y a medios de comunicación .
El Presidente Ortega calificó a los Gobiernos de la Unión Europea como moscas que pululan sobre la inmundicia y calificó la ayuda externa que recibía Nicaragua como migajas . Pronto comprendió que no había petróleo venezolano suficiente para prescindir de esa ayuda al desarrollo .
Cuando nos disponemos a entrar en una fase decisiva de la negociación de un acuerdo de asociación entre la Unión Europea y América Central , el Gobierno de Nicaragua debe saber que en nosotros encontrará siempre un aliado y un amigo , pero que para nosotros la exigencia del respeto a los derechos humanos , a la libertad de expresión y a la democracia en suma es una condición a la que no renunciamos porque creemos que de ello se beneficia especialmente el pueblo de Nicaragua .
"
en.20081218.39.4-285,960,67.6806467040579,83.68123339969316,67.8438478786661,68.30657654106886,123.8376875,103.93068552600016,0.8392492432967965," El pasado 9 de noviembre se celebraron las elecciones municipales en Nicaragua. Como en ocasiones anteriores, ese proceso electoral ha sido puesto en entredicho desde el punto de vista de la legitimidad democrática, habiéndose vertido acusaciones de fraude y habiéndose producido manifestaciones y enfrentamientos entre partidarios de distintos partidos políticos con el resultado de numerosos heridos y una profundización en la crisis política que viene padeciendo este país. Dos partidos políticos no han podido presentarse a las elecciones, lo cual es inaceptable porque cercena el derecho fundamental de todos los ciudadanos a la participación política. Por otro lado, hemos recibido los testimonios directos de representantes de organizaciones de defensa de los derechos humanos que nos han informado sobre la existencia de un cuestionamiento del sistema judicial por parte de la sociedad civil, sobre la existencia de mecanismos administrativos de represión que han llevado ante los tribunales hasta 17 organizaciones de movimientos sociales, sobre persecución a periodistas independientes e incluso a la delegación de la Comisión Europea. Por todo ello, queremos alzar nuestra voz y hacer un llamamiento, primero a los partidos políticos para que condenen los actos de violencia llevados a cabo por sus seguidores, y segundo al propio Gobierno para que se reabran espacios de participación ciudadana, que se respete la libertad de expresión, que se dejen de prohibir las marchas y que todas las ONGs puedan recibir ayudas de la cooperación internacional, no solo las de Venezuela para las asociaciones progubernamentalistas. Igualmente, que deroguen la penalización del aborto terapéutico en los casos de peligro para la vida de la madre. Y finalmente también queremos pedir a la Comisión que las negociaciones del acuerdo de asociación entre Centroamérica y la Unión Europea recuerde a Nicaragua que debe respetar los principios del Estado de Derecho, la democracia y los derechos humanos, todo ello sin perjuicio de que desde Europa sigamos prestando nuestra ayuda para el desarrollo y bienestar del pueblo nicaragüense que deseamos tenga el mejor futuro posible. Muchas gracias, señora presidenta.","El pasado 9 de noviembre se celebraron las elecciones municipales en Nicaragua . Como en ocasiones anteriores , ese proceso electoral ha sido puesto en entredicho desde el punto de vista de la legitimidad democrática , habiéndose vertido acusaciones de fraude y habiéndose producido manifestaciones y enfrentamientos entre partidarios de distintos partidos políticos , con el resultado de numerosos heridos y una profundización en la crisis política que viene padeciendo este país .
Dos partidos políticos no han podido presentarse a las elecciones locales , lo cual es inaceptable porque cercena el derecho fundamental de todos los ciudadanos a la participación política .
Por otro lado , hemos recibido los testimonios directos de representantes de organizaciones de defensa de los derechos humanos que nos han informado sobre la existencia de un cuestionamiento del sistema judicial por parte de la sociedad civil , sobre la existencia de mecanismos administrativos de represión que han llevado ante los tribunales hasta a 17 organizaciones de movimientos sociales , y sobre la persecución a periodistas independientes e incluso a la Delegación de la Comisión Europea .
Por todo ello , queremos alzar nuestra voz y hacer un llamamiento , primero a los partidos políticos para que condenen los actos de violencia llevados a cabo por sus seguidores , y segundo , al propio Gobierno para que se reabran espacios de participación ciudadana , se respete la libertad de expresión , se dejen de prohibir las marchas y todas las ONG puedan recibir ayudas de la cooperación internacional , no sólo las ayudas de Venezuela para las asociaciones progubernamentalistas .
Igualmente , que deroguen la penalización del aborto terapéutico en los casos de peligro para la vida de la madre .
Y finalmente , también queremos pedir a la Comisión que en las negociaciones del Acuerdo de asociación entre Centroamérica y la Unión Europea recuerde a Nicaragua que debe respetar los principios del Estado de Derecho , la democracia y los derechos humanos , todo ello , sin perjuicio de que desde Europa sigamos prestando nuestra ayuda para el desarrollo y bienestar del pueblo nicaragüense , que deseamos tenga el mejor futuro posible .
"
en.20081008.24.3-238,1920,67.99556465835639,85.29225010024675,67.3783756577065,68.83270076160933,126.8178125,106.2569667459993,0.8378709950228743," Gracias, señor presidente. En primer lugar, quisiera felicitar al señor Sieber por el trabajo realizado, porque en su informe se recogen muchas de las preocupaciones manifestadas en esta Cámara en torno a estos problemas cruciales para toda la Unión Europea. Son estos la escasez de agua y la sequía, asuntos que ya han dejado de ser solo un problema de los países del sur de Europa. Me alegro de que este proyecto incorpore algunas de las reflexiones realizadas en el informe de opinión del que fui ponente en la Comisión de Agricultura a favor de una actividad agrícola, destacando, por ejemplo, el papel que desempeñan los agricultores en la gestión sostenible de los recursos disponibles. Incluye, asimismo, una referencia a la sequía y a la escasez de agua como factores que agravan los precios en las materias primas, aspecto en el que los tiempos que corren también me parece muy importante señalar, para que tengamos presente no solo la dimensión medioambiental de este problema, sino también algunas de sus consecuencias económicas más relevantes. La Comisión de Medio Ambiente incluyó, por otra parte, la idea de crear un observatorio europeo de la sequía, acción que se menciona a sí mismo en el informe de la Comisión de Agricultura y que espero que algún día se vea reflejada en hechos concretos. El texto que se somete mañana a votación nos recoge, sin embargo, una propuesta realizada por la Comisión de Agricultura para que se estudie la puesta en marcha de un fondo de adaptación económico contra la sequía, fondo que beneficiaría a todos los sectores económicos, incluido también la agricultura. Por mi parte, me gustaría dejar claro que seguiré defendiendo la constitución de este fondo, idea que volveré a proponerles al Parlamento cuando llegue en los próximos meses la comunicación que tiene previsto publicar la Comisión sobre la adaptación al cambio climático. Me parece que, después de que se constituyera el Fondo de Solidaridad, que en su día se creó para paliar las pérdidas provocadas por las calamidades climáticas, es hora de que pensemos en un instrumento que actúe a priori y destinado para financiar medidas de prevención para reducir el coste medioambiental y económico de esas catástrofes climáticas. Muchas gracias.","−
Señor Presidente , en primer lugar , quisiera felicitar al señor Seeber por el trabajo realizado , porque en su informe se recogen muchas de las preocupaciones manifestadas en esta Cámara en torno a estos problemas cruciales para toda la Unión Europea . Son éstos : la escasez de agua y la sequía , asuntos que ya han dejado de ser solamente un problema de los países del sur de Europa .
Me alegro de que este proyecto incorpore alguna de las reflexiones realizadas en la opinión de la que fui ponente en la Comisión de Agricultura , a favor de una actividad agrícola , al destacar , por ejemplo , el papel que desempeñan los agricultores en la gestión sostenible de los recursos disponibles . Incluye , asimismo , una referencia a la sequía y a la escasez de agua como factores que agravan los precios de las materias primas , aspecto que , en los tiempos que corren , también me parece muy importante señalar para que tengamos presente no solamente la dimensión medioambiental de este problema , sino también algunas de sus consecuencias económicas más relevantes .
La Comisión de Medio Ambiente incluyó , por otra parte , la idea de crear un observatorio europeo de la sequía , acción que se menciona , asimismo , en la opinión de la Comisión de Agricultura y que espero que , algún día , se vea reflejada en hechos concretos .
El texto que se somete mañana a votación no recoge , sin embargo , una propuesta realizada por la Comisión de Agricultura para que se estudie la puesta en marcha de un fondo de adaptación económico contra la sequía , que beneficiaría a todos los sectores económicos , incluido también el de la agricultura .
Por mi parte , me gustaría dejar claro que seguiré defendiendo la constitución de este fondo , una idea que volveré a proponer al Parlamento cuando llegue en los próximos meses la comunicación que tiene previsto elaborar la Comisión sobre la adaptación al cambio climático .
Me parece que , después de que se constituyera el Fondo de Solidaridad , que en su día se creó para paliar las pérdidas provocadas por las calamidades climáticas , es hora de que pensemos en un instrumento que actúe
y destinado a financiar medidas de prevención para reducir el coste medioambiental y económico de esas catástrofes climáticas .
"
en.20081020.12.1-036,1920,68.78221116258915,88.3774415993685,68.44044197417311,69.74585676402151,48.79875,40.271219330999884,0.8252510429263021," El Atlético de Madrid, los aficionados e incluso la policía española están siendo maltratados por la Federación Europea de Fútbol. Pero el caso trasciende lo particular, pues esos órganos federativos agravan las sanciones a quienes recurren a la justicia ordinaria. Esta concepción medieval, esta ley del embudo, es incompatible con el derecho, con las instituciones europeas, desde las que hemos de reaccionar y lo acabaremos haciendo, pues esos señores medievales, arbitrarios de horca y cuchillo... Han de ponerse en línea con el respeto al derecho y las garantías procesales ordinarias de nuestra Europa. Nada más, muchas","El Atlético de Madrid , los aficionados e incluso la policía española están siendo maltratados por la Federación Europea de Fútbol . Pero el caso transciende lo particular , pues esos órganos federativos agravan las sanciones a quienes recurren a la justicia ordinaria .
Esta concepción medieval , esta ley del embudo es incompatible con el Derecho y con las instituciones europeas , desde las que hemos de reaccionar . Lo acabaremos haciendo , pues esos señores medievales arbitrarios de horca y cuchillo han de ponerse en línea con el respeto al Derecho y las garantías procesales ordinarias de nuestra Europa .
"
en.20081020.15.1-139,1920,66.84891926912611,80.89611119921756,68.5109254598055,65.80996405340946,64.7973125,52.510390045999884,0.8103791348753836," Gracias, señor presidente. Señor comisario, el terrorismo es un fenómeno global y la actuación de la delincuencia grave organizada también. Y, por tanto, los medios tienen que ser proporcionales y tienen que lucharse con eficacia. Yo he tomado buena nota de las respuestas que he dado a las preguntas que eran oportunas. Es verdad que hay que exigir garantías, es verdad que es un tema delicado, pero no es menos cierto que es absolutamente inexcusable montar, formar una respuesta globalizada y armonizada. Para algunos que el terrorismo les pilla un poco lejos, les preocupan más las garantías individuales, les preocupan las individuales y las colectivas. Y es absolutamente necesario que empecemos por donde podamos. Si hemos empezado por el transporte aéreo, donde ya las compañías tienen esos datos, empecemos por ahí. Exijamos garantías, veamos cuál es el ámbito de aplicación, empecemos por las relaciones de los transportes internacionales y, ojo, tendremos que seguir por las interiores porque los terroristas muchas veces no vienen de fuera, sino que vienen de dentro. Que se lo pregunten a Estados Unidos y que se lo pregunten a los demás, que así es y así tendremos que plantearlo.","Señor Presidente , señor Comisario , el terrorismo es un fenómeno global y la actuación de la delincuencia grave organizada también , y por tanto los medios tienen que ser proporcionales y hay que luchar con eficacia .
He tomado buena nota de las respuestas que ha dado a las preguntas , y eran oportunas : es verdad que hay que exigir garantías , es verdad que es un tema delicado , pero no es menos cierto que es absolutamente inexcusable montar , formar una respuesta globalizada y armonizada .
A algunos , a los que el terrorismo les queda un poco lejos , les preocupan más las garantías individuales . A mí me preocupan las individuales y las colectivas , y es absolutamente necesario que empecemos por donde podamos . Si hemos de empezar por el transporte aéreo , donde ya las compañías tienen esos datos , empecemos por ahí .
Exijamos garantías , veamos cuál es el ámbito de aplicación , empecemos por las relaciones de los transportes internacionales , y ¡ ojo ! tendremos que seguir por las interiores porque los terroristas muchas veces no vienen de fuera , sino que vienen de dentro . Que se lo pregunten a Estados Unidos , que se lo pregunten a los demás , que así es y así tendremos que plantearlo en el futuro .
"
en.20081118.31.2-399,1920,70.07704183527704,91.33537820125639,69.70781710260577,70.42677842827199,130.7884375,112.98934598499909,0.863909288502656," Muchas gracias, señor presidente. Yo quiero agradecer a la Comisión que haya presentado esta propuesta. Creo que es una propuesta positiva y que nos ayudará a reducir las cargas administrativas innecesarias. Ahora bien, como han dicho los oradores que me han precedido, este Parlamento tiene la obligación de traer a tierra lo que son propuestas muy generosas y muy altruistas por parte de la Comisión. Y la realidad es que hay una realidad nacional en la que hay 27 países con diferentes sistemas jurídicos y con idiomas muy diferentes, lo cual exige que en cada uno de esos países nos ajustemos a las realidades del país, incluyendo el tema de las lenguas. Concretamente, como ha señalado Gosset ahora mismo y como han señalado los oradores anteriores, es importante que el reconocimiento de estas especialidades nacionales no lleve a un aumento de los costes, que las tasas sean uniformes y que los gobiernos eventualmente asuman ese coste adicional. Pero hay un tema que aparece también, que es el tema de las traducciones. Concretamente, en la Unión Europea no tenemos un idioma común. En los 27 países suele hablar idiomas muy diferentes entre ellos, incluso en algunos países como el del comisario, se hablan diferentes idiomas y vivimos con esto. Y desde el punto de vista jurídico, además, nos encontramos con la realidad de que los documentos jurídicos son diferentes. En la Comisión Jurídica, la Comisión Jurídica ha propuesto, por ejemplo, unas enmiendas sobre la autenticación de las actas, de los documentos, junto con la autenticación de la traducción. En este momento, la Comisión de Asuntos Jurídicos está preparando un informe sobre el reconocimiento de actas auténticas en diferentes países de la Unión Europea que debería ser complementario a este informe. En definitiva, yo creo que la Comisión ha hecho bien presentando este informe, la ponente ha hecho un magnífico trabajo y creo que todos nos hemos esforzado por hacer una propuesta de texto legislativo que pueda ser reconocido en el conjunto de la Unión, garantizando los derechos y partiendo de las bases de la realidad de una Unión que se está construyendo, que tiene diferentes ordenamientos nacionales y que tiene diferentes niveles de acceso a la comunicación electrónica. Muchas gracias, presidente.","Señor Presidente , quiero agradecer a la Comisión que haya presentado esta propuesta . Creo que es una propuesta positiva y que nos ayudará a reducir las cargas administrativas innecesarias .
Ahora bien , como han dicho los oradores que me han precedido , este Parlamento tiene la obligación de traer a tierra lo que son propuestas muy generosas y muy altruistas por parte de la Comisión . Y la realidad es que hay una realidad nacional en la que hay veintisiete países con diferentes sistemas jurídicos y con idiomas muy diferentes , lo cual exige que , en cada uno de nuestros países , nos ajustemos a las realidades del país , incluyendo el tema de las lenguas .
Concretamente , como ha señalado el señor Gauzès , ahora mismo , y como han señalado los oradores anteriores , es importante que el reconocimiento de estas especificidades nacionales no lleve a un aumento de los costes , que las tasas sean uniformes y que los Gobiernos , eventualmente , asuman ese coste adicional .
Pero hay un tema que aparece también : es el tema de las traducciones . Concretamente , en la Unión Europea no tenemos un idioma común . En los veintisiete países se suelen hablar idiomas muy diferentes entre sí , incluso en algunos países , como el del Comisario , se hablan diferentes idiomas y vivimos con esto .
Y , desde el punto de vista jurídico , además , nos encontramos con la realidad de que los documentos jurídicos son diferentes . La Comisión de Asuntos Jurídicos ha propuesto , por ejemplo , unas enmiendas sobre la autenticación de las actas , de los documentos , junto con la autenticación de la traducción . En estos momentos , la Comisión de Asuntos Jurídicos está preparando un informe sobre el reconocimiento de actas auténticas en diferentes países de la Unión Europea que debería ser complementario de este informe .
En definitiva , yo creo que la Comisión ha hecho bien presentando este informe . La ponente ha hecho un magnífico trabajo y creo que todos nos hemos esforzado por hacer una propuesta de texto legislativo que pueda ser reconocido en el conjunto de la Unión , garantizando los derechos y partiendo de las bases de la realidad de una Unión que se está construyendo , que tiene diferentes ordenamientos nacionales y que tiene diferentes niveles de acceso a la comunicación electrónica .
"
en.20081118.4.2-040,1920,72.15827575640182,96.58718089995091,69.0260702518264,73.07643750454181,132.7853125,118.00884311499976,0.888719097716472," Gracias, presidente. Una gran mayoría de agricultores y ganaderos está pendiente de decisiones y acuerdos previos que adaptará el Consejo de Ministros de Agricultura de la Unión entre hoy y mañana sobre este chequeo de la PAC, porque no se trata de una simple revisión, sino que traerá consigo cambios profundos, como la desaparición de muchas explotaciones. Si sale adelante este recorte que propone la Comisión Europea sobre ayudas directas. La modulación es el punto central de este informe parlamentario y podría ser uno de los pocos elementos de la opinión del Parlamento con algún impacto en las negociaciones que mantienen los ministros de Agricultura de la Unión. Venimos oponiéndonos desde hace años a cualquier incremento de eso que llamamos eufemísticamente modulación, porque si la política de desarrollo rural no dispone de fondos suficientes, no es por falta de recursos dentro del techo de gastos de la PAC, sino por una ausencia absoluta de voluntad política para dotar al presupuesto comunitario de ese necesario pilar. ¿Quieren liberalizar los mercados? Claro, háganlo, pero con iguales requisitos y condiciones para todos los productores, los de dentro y fuera de la Unión. En estos momentos, la Unión Europea se está jugando el futuro de muchos agricultores y ganaderos, y muy especialmente me gustaría hacer una referencia a los sectores frágiles como el del ovino, el vacuno o el tabaco, cuya supervivencia en muchas zonas productoras dependerá de este chequeo. Algunos productores, como los de ovino, ya no piden ayuda, sino que simplemente quieren que se les deje irse dignamente del mercado, porque han hecho cuentas y la única forma de sobrevivir es reducir los volúmenes producidos. El abandono de la producción, por tanto, es la única salida que dejamos a muchos productores, cuyo espacio será ocupado sin duda por importaciones de países terceros, porque el consumidor no dejará de consumir y el mundo no dejará de incrementar a pasos agigantados el número de consumidores. El Parlamento debería emitir una opinión prudente y el Consejo escucharla. Agradezco desde aquí al presidente de la Comisión de Agricultura las gestiones que ha realizado el señor Parris para que se escuche al Parlamento y no sea ninguneado de una forma tan clara y ostensible por el Consejo y la Comisión como hasta ahora. Gracias, señor Heránz García.","Señor Presidente , una gran mayoría de agricultores y ganaderos está pendiente de decisiones y acuerdos previos que adoptará el Consejo de Ministros de Agricultura de la Unión , entre hoy y mañana , sobre este chequeo de la PAC , porque no se trata de una simple revisión , sino que traerá consigo cambios profundos , como la desaparición de muchas explotaciones , si sale adelante este recorte que propone la Comisión Europea respecto de las ayudas directas .
La modulación es el punto central de este informe parlamentario y podría ser uno de los pocos elementos del dictamen del Parlamento con algún impacto en las negociaciones que mantienen los Ministros de Agricultura de la Unión .
Venimos oponiéndonos , desde hace años , a cualquier incremento de eso que llamamos eufemísticamente « modulación » , porque si la política de desarrollo rural no dispone de fondos suficientes no es por falta de recursos dentro del techo de gastos de la PAC , sino por una ausencia absoluta de voluntad política para dotar al presupuesto comunitario de ese necesario pilar .
¿ Quieren liberalizar los mercados ? Claro , háganlo , pero con iguales requisitos y condiciones para todos los productores , los de dentro y los de fuera de la Unión .
En estos momentos la Unión Europea se está jugando el futuro de muchos agricultores y ganaderos y , muy especialmente , me gustaría hacer una referencia a los sectores frágiles como el del ovino , el del vacuno o el del tabaco , cuya supervivencia en muchas zonas productoras dependerá de este chequeo .
Algunos productores , como los de ovino , ya no piden ayudas , sino que simplemente quieren que se les deje irse dignamente del mercado , porque han hecho cuentas y la única forma de sobrevivir es reducir los volúmenes producidos . El abandono de la producción , por tanto , es la única salida que dejamos a muchos productores , cuyo espacio será ocupado , sin duda , por importaciones de terceros países , porque el consumidor no dejará de consumir y el mundo no dejará de incrementar a pasos agigantados el número de consumidores .
El Parlamento debería emitir una opinión prudente y el Consejo escucharla . Agradezco desde aquí al Presidente de la Comisión de Agricultura y Desarrollo Rural , el señor Parish , las gestiones que ha realizado para que se escuche al Parlamento y no sea ninguneado de una forma tan clara y ostensible por el Consejo y la Comisión , como hasta ahora .
"
en.20081118.4.2-057,1920,67.31767956828988,83.14770379984114,66.35200227899524,67.96045412809804,78.7989375,64.66082606700002,0.820579923009749," Gracias, señor presidente. En primer lugar, sumame a la felicitación del señor ponente, el señor Capula Santos, por su magnífico trabajo. Creo que ha encontrado equilibrio y moderación en su informe. Creo que lo importante a estas alturas del debate es mandar un mensaje de estabilidad para nuestros agricultores. Los agricultores europeos necesitan más que nunca estabilidad y soluciones. Es necesario periodos transitorios suficientes, así como mantener medidas específicas que sean necesarias para sectores en dificultad. Señora comisaria, no valen las mismas soluciones para todos los sectores y hay que recordar que tenemos sectores que están atravesando verdaderas dificultades. La política agraria común no tiene que ser el problema, sino la solución y para ello necesitamos un primer pilar fuerte. Creemos y apostamos por el desarrollo rural, pero no creemos que la modulación propuesta por la Comisión sea la solución. No se trata de fortalecer el desarrollo rural en detrimento del primer pilar. Estamos de acuerdo en que hay que simplificar el régimen de pago único, en revisar los instrumentos de mercado, pero eso no significa desmantelarlos. Si lo hacemos bien, estaremos poniendo las bases para una política agraria común más allá del 2013. Si no, estaremos acabando con la actividad de muchos agricultores europeos. Gracias.","Señor Presidente , en primer lugar , quería sumarme a la felicitación al ponente , el señor Capoulas Santos , por su magnífico trabajo . Creo que ha encontrado equilibrio y moderación en su informe .
Creo que lo importante , a estas alturas del debate , es mandar un mensaje de estabilidad a nuestros agricultores . Los agricultores europeos necesitan más que nunca estabilidad y soluciones . Son necesarios períodos transitorios suficientes , así como mantener medidas específicas que sean necesarias para sectores en dificultad .
Señora Comisaria , no valen las mismas soluciones para todos los sectores . Hay que recordar que tenemos sectores que están atravesando verdaderas dificultades . La Política Agrícola Común no tiene que ser el problema , sino la solución , y para ello necesitamos un primer pilar fuerte .
Creemos en el desarrollo rural y apostamos por él , pero no creemos que la modulación propuesta por la Comisión sea la solución . No se trata de fortalecer el desarrollo rural en detrimento del primer pilar . Estamos de acuerdo en que hay que simplificar el régimen de pago único , en revisar los instrumentos de mercado . Pero eso no significa desmantelarlos .
Si lo hacemos bien , estaremos poniendo las bases para una Política Agrícola Común más allá de 2013 ; si no , estaremos acabando con la actividad de muchos agricultores europeos .
"
en.20081118.5.2-089,1920,74.44207659163774,101.0979126000166,72.03790907952012,80.61120940843068,110.7960625,101.30351183200037,0.9143241153718831," Creo que tiene que ser un plan financiado comunitariamente para que su distribución sea homogénea. Por ello, también quiero hacer mucho hincapié en que hay que poner el acento en las medidas educativas. No se trata solo de que un alumno se coma una manzana, sino que sepa qué tipo de manzana se está comiendo, conozca sus propiedades nutritivas y comprenda los efectos beneficiosos que dicha fruta tiene para su salud y para su desarrollo. Por supuesto, debe tratarse de productos de todas las garantías de calidad, dando prioridad, si puede ser, a las frutas de temporada y, cuando sea posible, yo defiendo el origen comunitario de nuestras frutas y hortalizas. Creo que sus efectos beneficiosos de este plan, que aplaudo y por lo cual quiero felicitar a la comisaria, los notaremos inmediatamente, por supuesto, para la salud presente y futura de nuestros niños y su educación alimentaria, pero también creo que es muy importante para el sector hortofrutícola, un sector productivo que constituye un auténtico patrimonio cultural europeo, pues gracias a él podemos disfrutar de una dieta equilibrada, sana y variada. Creo que merece la pena apostar e invertir en este plan de distribución de frutas y hortalizas en nuestras escuelas. Creo que el presupuesto se queda un poco corto porque vuelvo a decir que defiendo la plena financiación comunitaria de un plan tan ambicioso como este. Muchas gracias.","Señor Presidente , estamos ante un plan muy esperado por el sector hortofrutícola , no solamente por las dificultades por las que atraviesa , sino también por el preocupante descenso del consumo .
Nos encontramos ante un plan de promoción de la salud pública ; creo que debe ser un plan europeo , y también defiendo la plena financiación comunitaria . No estoy de acuerdo en que puedan entrar los padres en la cofinanciación , porque pasará lo de siempre : aquellos niños cuyos padres puedan aportar dinero , consumirán frutas y hortalizas en las escuelas , y los que no , se quedarán fuera del programa .
Creo que tiene que ser un plan financiado comunitariamente para que su distribución sea homogénea . Por ello también quiero hacer mucho hincapié en que hay que poner el acento en las medidas educativas . No se trata solo de que un alumno se coma una manzana , sino de que sepa qué tipo de manzana se está comiendo , conozca sus propiedades nutritivas y comprenda los efectos beneficiosos que dicha fruta tiene para su salud y para su desarrollo .
Por supuesto , debe tratarse de productos con todas las garantías de calidad , dando prioridad , si puede ser , a las frutas de temporada y , cuando sea posible , yo defiendo el origen comunitario de nuestras frutas y hortalizas .
Creo que los efectos beneficiosos de este plan , que aplaudo y por el cual quiero felicitar a la Comisaria , los notaremos inmediatamente ; por supuesto , en la salud presente y futura de nuestros niños y su educación alimentaria , pero también creo que es muy importante para el sector hortofrutícola , un sector productivo que constituye un auténtico patrimonio cultural europeo , pues gracias a él podemos disfrutar de una dieta equilibrada , sana y variada .
Creo que merece la pena apostar e invertir en este plan de distribución de frutas y hortalizas en nuestras escuelas . Creo que el presupuesto se queda un poco corto , porque , vuelvo a decirlo , defiendo la plena financiación comunitaria de un plan tan ambicioso como éste .
"
en.20081119.18.3-173,1920,72.11051603948079,95.19638259953354,69.80640690225594,74.51958407698935,129.7899375,115.32684759999938,0.8885653989932724," Sí, gracias, presidente. Le pido que estas primeras palabras no las incluya, por favor, en la máquina enferma del tiempo, porque mis primeras palabras son para sumarme al mensaje de condolencia expresado por esta Cámara dirigido hacia la señora Clamp y, sobre todo, para felicitar a los ponentes. Ahora sí que empiezo. Le felicito a los ponentes porque con estas dos propuestas estamos dando un paso cualitativo hacia una política común de inmigración y entramos en la promoción de la inmigración legal, pilar clave del enfoque global que defendemos. El marco general de derechos y el permiso único de residencia y trabajo para los emigrantes legales deben extenderse al mayor número de trabajadores. Por eso, los socialistas pedimos que no se excluya a ninguna categoría de trabajadores. La denominada tarjeta azul brinda una oportunidad para que los emigrantes se instalen con sus familias y trabajen en nuestros países. Les abre una puerta única a 27 mercados laborales. Ahora bien, por esta puerta no solo deben entrar los trabajadores altamente cualificados. Por ello, esperamos, señor comisario, que la comisión nos presente en breve sus propuestas relativas a las otras categorías laborales. Señorías, debemos luchar contra la fuga de cerebros. Esta tarjeta azul no debe convertirse en un pasaporte que favorezca una sangría de recursos humanos vitales en los países en vía de desarrollo. Por ello, desde el Grupo Socialista queremos que por cada profesional cualificado que venga a Europa, costeemos la formación de un nuevo profesional en el país de origen. Por último, Europa debe ser un destino atractivo no solo para los talentos venidos de fuera de la Unión, sino también para los nuestros. En 2007, casi 300.000 europeos altamente cualificados se marcharon a trabajar fuera de la Unión. Hagamos todo lo posible por mantenerlos en la Casa Europea. Muchas gracias.","Señor Presidente , le pido que estas primeras palabras no las incluya , por favor , en la máquina infernal del tiempo , porque mis primeras palabras son para sumarme al mensaje de condolencia , expresado por esta Cámara y dirigido hacia la señora Klamt , y , sobre todo , para felicitar a los ponentes .
Ahora sí que empiezo . Felicito a los ponentes porque , con estas dos propuestas , estamos dando un paso cualitativo hacia una política común de inmigración y entramos en la promoción de la inmigración legal , pilar clave del enfoque global que defendemos .
El marco general de derechos y el permiso único de residencia y trabajo para los emigrantes legales , deben extenderse al mayor número de trabajadores . Por eso , los socialistas pedimos que no se excluya a ninguna categoría de trabajadores .
La denominada « tarjeta azul » brinda una oportunidad para que los emigrantes se instalen con sus familias y trabajen en nuestros países . Les abre una puerta única a 27 mercados laborales . Ahora bien , por esta puerta no sólo deben entrar los trabajadores altamente cualificados . Por ello , esperamos , señor Comisario , que la Comisión nos presente en breve sus propuestas relativas a las otras categorías laborales .
Señorías , debemos luchar contra la fuga de cerebros . Esta tarjeta azul no debe convertirse en un pasaporte que favorezca una sangría de recursos humanos vitales en los países en desarrollo . Por ello , desde el Grupo Socialista queremos que , por cada profesional cualificado que venga a Europa , costeemos la formación de un nuevo profesional en el país de origen .
Por último , Europa debe ser un destino atractivo , no sólo para los talentos venidos de fuera de la Unión , sino también para los nuestros . En 2007 , casi 300 000 europeos altamente cualificados se marcharon a trabajar fuera de la Unión . Hagamos todo lo posible por mantenerlos en la casa europea .
"
en.20081119.21.3-287,1920,70.39307826737748,92.31085859901211,71.36177691595434,70.48081544990055,30.8033125,25.383675060000314,0.8240566679314217," Señora vicepresidenta, ¿le parece a usted que la cercanía o la lejanía de los candidatos a los electores tiene que ver con el grado de participación en las elecciones europeas? ¿Está usted de acuerdo en que un Estado de 45 millones de habitantes no tenga más que una sola circunscripción electoral para las elecciones al Parlamento Europeo? ¿Qué puede hacer la Comisión para que los Estados de mayor número de población puedan tener circunscripciones más próximas a los ciudadanos?","Señora Vicepresidenta , ¿ le parece a usted que la cercanía o la lejanía de los candidatos a los electores tienen que ver con el grado de participación en las elecciones europeas ? ¿ Está usted de acuerdo en que un Estado de 45 millones de habitantes no tenga más que una sola circunscripción electoral para las elecciones al Parlamento Europeo ? ¿ Qué puede hacer la Comisión para que los Estados de mayor número de población puedan tener circunscripciones más próximas a los ciudadanos ?
"
en.20081119.21.3-290,1920,71.01722420232666,90.72668589979003,65.46397057140244,75.11411846417104,8.79075,6.097509610000998,0.6936279168445239," Disculpe, pero no he oído que la señora vicepresidenta haya contestado a mis preguntas.","Discúlpeme , pero no he oído que la señora Vicepresidenta haya contestado a mis preguntas .
"
en.20081119.21.3-302,1920,74.30352742854552,98.73267700022554,70.00663995144846,75.66766083129046,41.8095625,37.05479792699953,0.8862756678451138,,"Muchas gracias , señora Vicepresidenta . Me ha dado usted bastante información sobre el tema que planteaba y le agradezco esa información detallada . Creo que es importante la nueva etapa de la Comisión y , sobre todo , el proyecto de Bamako de un centro de la Unión Europea en materia de inmigración . Sé que acaba de abrirse , que es probablemente muy pronto , pero la pregunta que hago a la Comisión es : ¿ En el caso de que ese proyecto de Bamako ( Malí ) en materia de inmigración diera buenos resultados , cree posible la Comisión extender esa experiencia al resto de los países de la orilla sur del Mediterráneo ?
"
en.20081119.21.3-308,1920,70.53094298136661,86.20752639908463,72.65660671960474,68.84694626854036,27.8079375,22.81208453600084,0.820344354413226," La respuesta en nombre del señor Yáñez, pero he de decir, comisaria, al señor Michel, que sus acciones, sus palabras y sus gestos son muy necesarios en contacto directo y realmente con la oposición democrática cubana para cumplir las conclusiones prioritarias del Consejo y reducir los efectos de la terrible dictadura castrista en favor de la libertad. Nada más, muchas gracias.","Agradezco la respuesta en nombre del señor Yañez-Barnuevo , pero he de decir , Comisaria , al señor Michel , que sus acciones , sus palabras y sus gestos son muy necesarios en contacto directo entablado realmente con la oposición democrática cubana para cumplir las conclusiones prioritarias del Consejo y reducir los efectos de la terrible dictadura castrista y favorecer a la libertad .
"
en.20081120.29.4-238,1920,69.62405865456634,88.92761709976189,69.3808350114391,69.55477808204851,127.7930625,109.56747797000025,0.8573820505318921," Señor presidente, en nombre del Grupo Socialista quiero expresar la más enérgica repulsa de mi grupo a los asesinatos que se están cometiendo en esta región de Somalia, invocando el nombre de Dios. Es decir, yo creo que hay pocos... Pocas barbaridades se han cometido por alguien que no haya invocado el nombre de Dios o de una religión. Concretamente, la forma en la que se cometió este atroz asesinato, ya lo sabemos, una niña de 13 años que es violada y que luego se ha acusado de adulterios, y que cinco hombres, si se pueden llamar hombres, se apresuran a lapidarlas e impiden incluso que alguien trate de salvarlas en un estadio ocupado por mil personas. Esto unido a los actos de piratería que este año en las costas de Somalia han alcanzado el nivel de casi 100 barcos secuestrados, constituye una situación humanitaria absolutamente inadmisible. La comunidad internacional no puede permanecer impasible ante esto. No puede permanecer impasible ante la cobardía, ante la invocación religiosa para cometer barbaridades y, por tanto, tenemos que restablecer el orden apoyando al gobierno legítimo de Somalia a recuperar el control de todo el país y a establecer un Estado de derecho que respete los derechos humanos. Yo creo que en pocas ocasiones se nos ha presentado una situación tan clara y que nos imponga obligaciones. Yo no creo que podamos quedarnos aquí impasibles en esta comunidad de 500 millones de personas y 27 países, la más importante del mundo, sin intervenir en esa situación. No sé cómo se podrá hacer, pero desde luego creo que hay que hacerlo y que hay que intervenir rápidamente. El Grupo Socialista no está de acuerdo con las enmiendas que han sido presentadas a última hora, que no fueron negociadas en su momento. Apoyamos el texto de la resolución común y esperamos que este sea el comienzo de una preocupación mayor de la Unión Europea por este tipo de cuestiones humanitarias y por la repulsión de la utilización abusiva de conceptos religiosos para cometer barbaridades en nombre de Dios.","Señor Presidente , en nombre del Grupo Socialista , quiero expresar la más enérgica repulsa de mi grupo por los asesinatos que se están cometiendo en esta región de Somalia invocando el nombre de Dios . Pocas barbaridades han sido cometidas por alguien que no haya invocado el nombre de Dios o de una religión .
Concretamente , la forma en la que se cometió este atroz asesinato : una niña de 13 años que es violada , que luego es acusada de adulterio y a la que cinco hombres – si se pueden llamar hombres – se apresuran a lapidar , impidiendo incluso que alguien trate de salvarla , en un estadio ocupado por mil personas .
Esto , unido a los actos de piratería que este año en las costas de Somalia han alcanzado el nivel de casi 100 barcos secuestrados , constituye una situación humanitaria absolutamente inadmisible .
La comunidad internacional no puede permanecer impasible ante esto . No puede permanecer impasible ante la cobardía , ante la invocación religiosa para cometer barbaridades . Por tanto , tenemos que restablecer el orden , apoyando al Gobierno legítimo de Somalia para que recupere el control de todo el país y establezca un Estado de Derecho que respete los derechos humanos .
Creo que en pocas ocasiones se nos ha presentado una situación tan clara y que nos imponga obligaciones . No creo que podamos quedarnos aquí impasibles , en esta Comunidad de 500 millones de personas y 27 países , la más importante del mundo , sin intervenir en esa situación . No sé cómo se podrá hacer , pero , desde luego , creo que hay que hacerlo y que hay que intervenir rápidamente .
El Grupo Socialista no está de acuerdo con las enmiendas que han sido presentadas a última hora , que no fueron negociadas en su momento . Apoyamos el texto de la resolución común y esperamos que este sea el comienzo de una preocupación mayor de la Unión Europea por este tipo de cuestiones humanitarias y por la repulsa de la utilización abusiva de conceptos religiosos para cometer barbaridades en nombre de Dios .
"
en.20081215.17.1-182,1920,66.9920957889885,77.94963720043597,65.86452679629966,66.46402882021377,132.83175,109.63248504500007,0.8253484957097988," Gracias, señor presidente. Yo creo que los oradores que me han precedido han puesto de relieve cuáles son las características de esta propuesta directiva del Parlamento y del Consejo. Se trata del reconocimiento de que también... El armamento, las municiones están dentro del mercado, aunque desde luego con una serie de limitaciones. No se trata de mercancías normales, no son caramelos ni son objetos de entretenimiento, sino que son objetos que requieren un control preciso. Desde luego hay limitaciones en el propio tratado, el artículo 30 y el artículo 296, que confieren a los Estados responsabilidades importantes en la materia. Y el hecho de que tengamos un mercado común no impide que los Estados estén obligados al cumplimiento de las normas de seguridad y con derecho a aplicarlas cuando se pone en peligro su propia seguridad. El trabajo que se ha hecho en las comisiones de asuntos jurídicos y en las comisiones de opinión que han colaborado con ellas, de acuerdo con el Consejo, bajo la experta dirección de la ponente señora Ruile, ha sido muy positivo. Creo que el texto que hoy presentamos es un texto bastante equilibrado, básicamente a pesar de que sobre el papel parecen muchas enmiendas, hoy nos limitamos a una sola enmienda, que es la enmienda 63, que es la que recoge el espíritu de compromiso, y en esa enmienda se puede ver un texto bien articulado, coherente y que va a permitir el funcionamiento de todo este mercado. Ha puesto de relieve el señor Tubón que esto está en relación con otros textos internacionales, por ejemplo, la adopción en este mismo mes del convenio de Oslo, la firma del convenio de Oslo sobre la prohibición de las municiones de racimo, también el convenio sobre las limitaciones de minas antipersonales y toda una serie de acuerdos internacionales e incluso de normas de la Unión Europea dirigidas a limitar la utilización de armas. Creo que el modelo nuestro no es el modelo de la libre circulación de armas en cualquier momento, sino de un mercado regulado, controlado por los Estados y controlado también a partir de ahora por las propias instituciones de la Unión Europea.","Creo que la ponente y los oradores que me han precedido han puesto de relieve cuáles son las características de esta propuesta de Directiva del Parlamento Europeo y del Consejo .
Se trata del reconocimiento de que también el armamento , las municiones , están dentro del mercado interior aunque , desde luego , con una serie de limitaciones . No se trata de mercancías normales , no son caramelos ni son objetos de entretenimiento , sino que son objetos que requieren un control preciso .
Desde luego , hay limitaciones en el propio Tratado — el artículo 30 y el artículo 296 — que confieren a los Estados responsabilidades importantes en la materia . El hecho de que tengamos un mercado común no impide que los Estados estén obligados al cumplimiento de las normas de seguridad y con derecho a aplicarlas cuando se pone en peligro su propia seguridad .
El trabajo que se ha hecho en la Comisión de Asuntos Jurídicos y en las comisiones competentes para emitir opinión que han colaborado con ella , de acuerdo con el Consejo , bajo la experta dirección de la ponente , señora Rühle , ha sido muy positivo .
Creo que el texto que hoy presentamos es un texto bastante equilibrado . Básicamente , a pesar de que sobre el papel parecen muchas enmiendas , hoy nos limitamos a una sola enmienda — la enmienda 63 , que es la que recoge el espíritu de la transacción — , y en esa enmienda se puede ver un texto y un articulado coherente y que va a permitir el funcionamiento de todo este mercado .
Ha puesto de relieve el señor Toubon que esto está en relación con otros textos internacionales . Por ejemplo , la adopción en este mismo mes del Convenio de Oslo — la firma del Convenio de Oslo — sobre la prohibición de las municiones de racimo , también el Convenio sobre las limitaciones de minas antipersonales y toda una serie de acuerdos internacionales e incluso de normas de la Unión Europea dirigidas a limitar la utilización de armas . Creo que el modelo nuestro no es el modelo de la libre circulación de armas en cualquier momento sino un mercado regulado , controlado por los Estados y controlado también , a partir de ahora , por las propias Instituciones de la Unión Europea .
"
en.20081216.36.2-344,1920,67.54852821460798,84.21856660061167,66.68009429818342,67.66210612407401,65.7725625,53.9362429720004,0.8200416848895068," Gracias, señora presidenta. Señor comisario, esta propuesta salió de la comisión hace más de un año, con unos objetivos realmente muy ambiciosos. Y en este tiempo han ocurrido convulsiones financieras en el mundo que parecía que iban a hacer naufragar estas medidas. Pero finalmente se ha llegado a un acuerdo equilibrado que no satisface a casi nadie al 100%, pero que es un buen acuerdo, que mantiene los objetivos finales, pero que hace más asequibles a las empresas los medios para alcanzarlos. Por eso tenemos que agradecer muy especialmente y felicitar a la ponente señora Doyle, a los ponentes de los otros grupos políticos y a la presidencia francesa muy especialmente también, porque su trabajo ha hecho que se consiga un buen resultado para todos. Confío en que en un futuro próximo las circunstancias nos permitan ser mucho más ambiciosos y que haya otros países que también se unan a esta cruzada de lucha contra el cambio climático que tanto queremos llevar a cabo en Europa.","Señora Presidenta , señor Comisario , esta propuesta salió de la Comisión hace más de un año con unos objetivos realmente muy ambiciosos . En este tiempo han ocurrido convulsiones financieras en el mundo que parecía que iban a hacer naufragar estas medidas , pero finalmente se ha llegado a un acuerdo equilibrado , que no satisface a casi a nadie al 100 % , pero que es un buen acuerdo que mantiene los objetivos finales y , al mismo tiempo , hace más asequibles a las empresas los medios para alcanzarlos .
Por eso tenemos que agradecer muy especialmente y felicitar a la ponente , señora Doyle , a los ponentes de los otros Grupos políticos y a la Presidencia francesa muy especialmente también , porque su trabajo ha hecho que se consiguiera un buen resultado para todos .
Confío en que , en un futuro próximo , las circunstancias nos permitan ser mucho más ambiciosos y en que haya otros países que también se unan a esta cruzada de lucha contra el cambio climático que tanto queremos llevar a cabo en Europa .
"
en.20081216.39.2-422,1920,66.48142000000736,80.75742979999632,65.99797835362396,67.08264010340359,80.8190625,65.58508482800062,0.8115051424656233," Gracias, presidente. Señor comisario, esta era una buena propuesta tal y como Y que, como en el resto","Señor Presidente , señor Comisario , ésta era una buena propuesta tal y como salió de la Comisión , no solamente por las reducciones de azufre sino también por su nuevo artículo 7
que exigía de los proveedores una reducción gradual de las emisiones de gases de efecto invernadero , y porque resolvía el viejo problema de la presión de vapor para las mezclas de las gasolinas con bioalcohol en países como el mío , de veranos cálidos .
Precisamente esto no pasó el filtro de la votación en la Comisión de Medio Ambiente y esto nos preocupaba a muchos .
Hoy tenemos un acuerdo encima de la mesa que suaviza la aplicación del artículo 7
y que retoma el
de la presión de vapor endureciendo , por supuesto , las condiciones para acceder a la excepción y que , como el resto de este paquete sobre el clima , no satisface a todos al 100 % pero , sin embargo , es asumible por todos .
Quiero agradecer a la señora Corbey su excelente trabajo y la receptividad que ha tenido para solucionar problemas , y también dar las gracias al señor Turmes y , por supuesto , a la Presidencia francesa , que aquí también han hecho un gran alarde de efectividad .
"
en.20081218.38.4-266,1920,66.96206817077085,81.28759319897654,65.70977542221752,67.73121897595803,131.810125,108.82994738699927,0.8256569621415598," Muchas gracias, señora presidenta. Tal y como dice el informe, según las estimaciones de 2007, Zimbabue cuenta con una población de 12 millones, en las que casi la mitad de ella está pasando hambre. La esperanza de vida son 36 años y solo un 40% de los profesores del país está trabajando y únicamente un tercio de los alumnos asista a clase, con lo cual Mugabe no solo está matando el presente, está matando el futuro. La represión y mutilación de los derechos humanos también está a la orden del día. Los defensores de derechos humanos en Zimbabue han sido sistemáticamente en blanco de detenciones arbitrarias, arrestos y torturas. La legislación introducida por el Gobierno reduce severamente las libertades de expresión, asamblea, movimiento y reunión. Quisiera citar varias de ellas, ya que el Gobierno ha introducido normas cada vez más represivas, las cuales han sido usadas contra estos defensores activistas de los derechos humanos. Por ejemplo, la Ley de Acceso a la Información y Protección de la Privacidad, usada por el Gobierno para silenciar de forma efectiva a periodistas. La ley de orden público y seguridad, la cual ha limitado severamente la libertad de reunión y cientos de defensores de derechos humanos, incluyendo trabajadores de medios independientes, han sido detenidos arbitrariamente. Y también la ley de organizaciones voluntarias de carácter privado, restablecida en el 2002 por el Gobierno y presuntamente usada para intimidar y acosar a las ONG. Señora Presidente, en mi lengua materna, el euskera, el vasco, que no es oficial en esta Cámara, Mugabe, quiere decir sin límite. Un buen mote para este personaje. El dictador de dicho país africano no es solo uno más dentro de la amplia lista de dictadores que, por desgracia, contamos en este planeta, sino que no me atrevo a decir que ocupa uno de los puestos en el top ten de dictadores y creo que en la UE tenemos que hacer lo imposible para que este personaje se vaya y acabe sus días sentados ante un tribunal de derechos humanos. Deseamos a Zimbabue un feliz año 2009 sin Mugabe.","Tal y como dice el informe , según las estimaciones de 2007 , Zimbabue cuenta con una población de 12 millones de personas , de las que casi la mitad de ellas está pasando hambre . La esperanza de vida es de 36 años y solo un 40 % de los profesores del país está trabajando , y únicamente un tercio de los alumnos asiste a clase , con lo cual Mugabe no solo está matando el presente , está matando el futuro .
La represión y mutilación de los derechos humanos también está a la orden del día . Los defensores de los derechos humanos de Zimbabue han sido sistemáticamente el blanco de detenciones arbitrarias , arrestos y torturas . La legislación introducida por el Gobierno reduce severamente las libertades de expresión , asamblea , movimiento y reunión .
Quisiera citar varias de ellas , ya que el Gobierno ha introducido normas cada vez más represivas , las cuales han sido contra estos defensores activistas de los derechos humanos . Por ejemplo , la Ley de acceso a la información y protección de la privacidad , usada por el Gobierno para silenciar de forma efectiva a periodistas ; la Ley de orden público y seguridad , la cual ha limitado severamente la libertad de reunión y cientos de defensores de los derechos humanos , incluyendo trabajadores de medios independientes , han sido detenidos arbitrariamente ; y también la Ley de organizaciones voluntarias de carácter privado , restablecida en 2002 por el Gobierno y presuntamente usada para intimidar y acosar a las ONG .
Señora Presidenta , en mi lengua materna , el euskera — el vasco — , que no es oficial en esta cámara , Mugabe quiere decir « sin límite » , un buen mote para este personaje .
El dictador de dicho país africano no es sólo uno más dentro de la amplia lista de dictadores con que , por desgracia , contamos en este planeta , sino que me atrevo a decir que ocupa uno de los puestos en el top ten de dictadores . Creo que en la UE tenemos que hacer lo imposible para que este personaje se vaya y acabe sus días sentado ante un Tribunal de Derechos Humanos .
Deseamos pues a Zimbabue un feliz año 2009 sin Mugabe .
"
en.20081218.39.4-280,1920,66.99891463752587,80.9705319994464,66.64632197477023,68.53176582258439,135.8039375,112.25145547700049,0.8265699621338336," Señora Presidenta, tenemos una","Tenemos una propuesta de resolución sobre Nicaragua en la que hay que tomar en consideración diferentes aspectos . En primer lugar , hay alegación de fraude — al menos en dos municipios : Nicaragua y León — y esto empaña el resultado electoral del 9 de noviembre . Por otro lado , tenemos un Gobierno que se ha preocupado de resolver algunos de los problemas que eliminan los derechos humanos en América Latina , concretamente la pobreza , el analfabetismo , la mortalidad infantil , la disponibilidad de agua potable y la falta de titularidad sobre las tierras indígenas .
Entonces , al examinar el caso , nosotros tenemos que distinguir perfectamente los dos aspectos . Por un lado , tenemos que estimular los derechos humanos y tenemos que defender los derechos humanos , en el sentido tradicional , como derechos políticos y , por el otro lado , tenemos que alentar al Gobierno de Nicaragua a que siga en su función de ayuda a los sectores más necesitados del país . Desde luego , tenemos que garantizar que la oposición pueda ejercitar su función , tenemos que oponernos al fraude y tenemos que defender la actuación de las ONG . Pero , sin embargo , hay que tener un resultado equilibrado .
El Grupo Socialista ha presentado varias propuestas de enmiendas orales tratando de encauzar el texto definitivo para que sea más equilibrado con respecto a las alegaciones de violaciones de derechos fundamentales , con respecto al carácter criminal o no de las investigaciones y con respecto al número de municipalidades en las que en efecto se ha producido algún tipo de irregularidad .
En resumidas cuentas , queremos condenar los supuestos de infracción de derechos políticos fundamentales , pero sin llegar al extremo de colocar al Gobierno de Nicaragua en una situación difícil para que siga cumpliendo su función de apoyo a las capas más necesitadas de su sociedad .
"
en.20081218.39.4-284,1920,67.54912354736882,82.13453040116295,65.46162244201186,68.48028049998148,111.7945,93.03275367599963,0.8321764816337085," ...sobre la situación creada en Nicaragua por los ataques contra algunos defensores de los derechos humanos, contra algunas de las libertades fundamentales y contra la democracia. No es necesario recordar aquí ahora a Soyla América, ni a Ernesto Cardenal, ni a Carlos Mejía Godoy, ni a Jarkín, ni a Sergio Ramírez, ni a tantos otros nicaragüenses que hoy se sienten traicionados en sus esperanzas de una Nicaragua mejor. En noviembre del 2006 el señor Ortega pidió y obtuvo democráticamente de los nicaragüenses lo que él llamó una nueva oportunidad. Hoy sabemos ya para qué la quería. Desde entonces la arbitrariedad, el nepotismo y la corrupción se han instalado en las instituciones del gobierno, que han culminado con el fraude electoral de las elecciones del 9 de noviembre. Antes se habían adoptado decisiones muy graves, como la cancelación de la personalidad jurídica de algunos partidos, amenazas e intimidación a miembros de la sociedad civil, a periodistas y a medios de comunicación. El presidente Ortega calificó a los gobiernos de la Unión Europea como moscas que pululan sobre la inmundicia y calificó la ayuda externa que recibía Nicaragua como migajas. Pronto comprendió que no había petróleo suficiente para prescindir de esa ayuda al desarrollo. Cuando nos disponemos a entrar en una fase decisiva de la negociación de un acuerdo de asociación de la Unión Europea y de Centroamérica, el gobierno de Nicaragua debe saber que en nosotros encontrará siempre un aliado y un amigo, pero que para nosotros la exigencia del respeto a los derechos humanos, a la libertad de expresión y a la democracia en suma, es una condición a la que no renunciamos porque creemos que de ello se beneficia especialmente el pueblo de Nicaragua. Muchas gracias.","Debatimos hoy sobre la situación creada en Nicaragua por los ataques contra algunos defensores de los derechos humanos , contra algunas de las libertades fundamentales y contra la democracia .
No es necesario recordar aquí , ahora , a Zoilamérica ni a Ernesto Cardenal ni a Carlos Mejía Godoy ni a Jarquín ni a Sergio Ramírez ni a tantos otros nicaragüenses que hoy se sienten traicionados en sus esperanzas de una Nicaragua mejor .
En noviembre de 2006 , el señor Ortega pidió y obtuvo democráticamente de los nicaragüenses lo que el llamó una nueva oportunidad . Hoy sabemos ya para qué la quería . Desde entonces , la arbitrariedad , el nepotismo y la corrupción se han instalado en las instituciones del Gobierno , y han culminado con el fraude electoral de las elecciones del 9 de noviembre . Antes se habían adoptado decisiones muy graves , como la cancelación de la personalidad jurídica de algunos partidos opositores , o amenazas e intimidación a miembros de la sociedad civil , a periodistas y a medios de comunicación .
El Presidente Ortega calificó a los Gobiernos de la Unión Europea como moscas que pululan sobre la inmundicia y calificó la ayuda externa que recibía Nicaragua como migajas . Pronto comprendió que no había petróleo venezolano suficiente para prescindir de esa ayuda al desarrollo .
Cuando nos disponemos a entrar en una fase decisiva de la negociación de un acuerdo de asociación entre la Unión Europea y América Central , el Gobierno de Nicaragua debe saber que en nosotros encontrará siempre un aliado y un amigo , pero que para nosotros la exigencia del respeto a los derechos humanos , a la libertad de expresión y a la democracia en suma es una condición a la que no renunciamos porque creemos que de ello se beneficia especialmente el pueblo de Nicaragua .
"
en.20081218.39.4-285,1920,72.96051795371463,96.61909959922923,71.92887905675924,71.33332883985588,124.7976875,112.023212393,0.8976385271001115," El pasado 9 de noviembre se celebraron las elecciones municipales en Nicaragua. Como en ocasiones anteriores, ese proceso electoral ha sido puesto en entredicho desde el punto de vista de la legitimidad democrática, habiéndose vertido acusaciones de fraude y habiéndose producido manifestaciones y enfrentamientos entre partidarios y distintos partidos políticos con los resultados de numerosos heridos y una profundización en la crisis política que viene padeciendo este país. Dos partidos políticos no han podido presentarse a las elecciones, lo cual es inaceptable porque cercena el derecho fundamental de todos los ciudadanos a la participación política. Por otro lado, hemos recibido los testimonios directos de representantes de organizaciones de defensa de los derechos humanos que nos han informado sobre la existencia de un cuestionamiento del sistema judicial por parte de la sociedad civil, sobre la existencia de mecanismos administrativos de represión que han llevado ante los tribunales hasta 17 organizaciones de movimientos sociales, sobre persecución a periodistas independientes e incluso a la delegación de la Comisión Europea. Por todo ello queremos alzar nuestra voz y hacer un llamamiento, primero a los partidos políticos para que condenen los actos de violencia llevados a cabo por sus seguidores y, segundo, al propio Gobierno para que se reabran espacios de participación ciudadana, que se respete la libertad de expresión, que se dejen de prohibir las marchas y que todas las ONGs puedan recibir ayudas de la cooperación internacional, no solo las de Venezuela, para las asociaciones progobernamentalistas. Igualmente, que derogue la penalización del aborto terapéutico en los casos de peligro para la vida de la madre. Y, finalmente, también queremos pedir a la Comisión que las negociaciones del acuerdo de asociación entre Centroamérica y la Unión Europea recuerde a Nicaragua que debe respetar los principios del Estado de Derecho, la democracia y los derechos humanos, todo ello sin perjuicio de que desde Europa sigamos prestando nuestra ayuda para el desarrollo y bienestar del pueblo nicaragüense que deseamos tenga el mejor futuro posible.","El pasado 9 de noviembre se celebraron las elecciones municipales en Nicaragua . Como en ocasiones anteriores , ese proceso electoral ha sido puesto en entredicho desde el punto de vista de la legitimidad democrática , habiéndose vertido acusaciones de fraude y habiéndose producido manifestaciones y enfrentamientos entre partidarios de distintos partidos políticos , con el resultado de numerosos heridos y una profundización en la crisis política que viene padeciendo este país .
Dos partidos políticos no han podido presentarse a las elecciones locales , lo cual es inaceptable porque cercena el derecho fundamental de todos los ciudadanos a la participación política .
Por otro lado , hemos recibido los testimonios directos de representantes de organizaciones de defensa de los derechos humanos que nos han informado sobre la existencia de un cuestionamiento del sistema judicial por parte de la sociedad civil , sobre la existencia de mecanismos administrativos de represión que han llevado ante los tribunales hasta a 17 organizaciones de movimientos sociales , y sobre la persecución a periodistas independientes e incluso a la Delegación de la Comisión Europea .
Por todo ello , queremos alzar nuestra voz y hacer un llamamiento , primero a los partidos políticos para que condenen los actos de violencia llevados a cabo por sus seguidores , y segundo , al propio Gobierno para que se reabran espacios de participación ciudadana , se respete la libertad de expresión , se dejen de prohibir las marchas y todas las ONG puedan recibir ayudas de la cooperación internacional , no sólo las ayudas de Venezuela para las asociaciones progubernamentalistas .
Igualmente , que deroguen la penalización del aborto terapéutico en los casos de peligro para la vida de la madre .
Y finalmente , también queremos pedir a la Comisión que en las negociaciones del Acuerdo de asociación entre Centroamérica y la Unión Europea recuerde a Nicaragua que debe respetar los principios del Estado de Derecho , la democracia y los derechos humanos , todo ello , sin perjuicio de que desde Europa sigamos prestando nuestra ayuda para el desarrollo y bienestar del pueblo nicaragüense , que deseamos tenga el mejor futuro posible .
"
